team,player,player_id,position,competition,season,games,possible_games,goals,assists,minutes,start11_pct,yellow,red,clean_sheets,conceded,minutes_pct,second_yellow,gc_pct,gc_pct_nopen
Algeria,Luca Zidane,283489,Goalkeeper,LaLiga2,25/26,26,42,0,0,2340,61.904761904761905,0,0,8,33,61.904761904761905,0,0.0,0.0
Algeria,Luca Zidane,283489,Goalkeeper,Copa del Rey,25/26,1,3,0,0,90,33.33333333333333,0,0,1,0,33.33333333333333,0,0.0,0.0
Algeria,Oussama Benbout,437982,Goalkeeper,Ligue 1,25/26,14,30,0,0,1260,46.666666666666664,1,0,5,10,46.666666666666664,0,0.0,0.0
Algeria,Oussama Benbout,437982,Goalkeeper,CAF Confederation Cup,25/26,13,14,0,0,1170,92.85714285714286,1,0,8,7,92.85714285714286,0,0.0,0.0
Algeria,Oussama Benbout,437982,Goalkeeper,Supercoupe d'Algérie,25/26,1,1,0,0,90,100.0,0,0,0,1,100.0,0,0.0,0.0
Algeria,Oussama Benbout,437982,Goalkeeper,Coupe d'Algerie,25/26,4,6,0,0,390,66.66666666666666,0,0,2,2,61.904761904761905,0,0.0,0.0
Algeria,Melvin Mastil,534398,Goalkeeper,Challenge League,25/26,32,36,0,0,2880,88.88888888888889,0,0,6,50,88.88888888888889,0,0.0,0.0
Algeria,Melvin Mastil,534398,Goalkeeper,Swiss Cup,25/26,2,3,0,0,240,66.66666666666666,0,0,0,2,72.72727272727273,0,0.0,0.0
Algeria,Ramy Bensebaini,284732,Centre-Back,Bundesliga,25/26,21,34,5,2,1528,44.11764705882353,6,0,0,0,49.93464052287582,0,10.0,14.285714285714285
Algeria,Ramy Bensebaini,284732,Centre-Back,UEFA Champions League,25/26,9,10,2,0,774,90.0,2,0,0,0,86.0,1,9.090909090909092,9.090909090909092
Algeria,Ramy Bensebaini,284732,Centre-Back,DFB-Pokal,25/26,2,3,0,1,94,33.33333333333333,0,0,0,0,31.333333333333336,0,16.666666666666664,100.0
Algeria,Samir Chergui,668167,Centre-Back,Ligue 1,25/26,15,34,1,0,1155,38.23529411764706,1,0,0,0,37.745098039215684,0,2.127659574468085,3.3333333333333335
Algeria,Zineddine Belaid,625142,Centre-Back,Ligue 1,25/26,22,30,1,0,1967,73.33333333333333,3,0,0,0,72.85185185185186,0,2.5,3.225806451612903
Algeria,Zineddine Belaid,625142,Centre-Back,CAF-Champions League,25/26,10,10,0,0,855,100.0,0,0,0,0,95.0,0,0.0,0.0
Algeria,Zineddine Belaid,625142,Centre-Back,Coupe d'Algerie,25/26,1,2,0,0,90,50.0,0,0,0,0,50.0,0,0.0,0.0
Algeria,Mohamed Amine Tougai,592396,Centre-Back,Ligue 1,25/26,15,30,2,0,1229,50.0,3,0,0,0,45.51851851851852,0,4.444444444444445,8.695652173913043
Algeria,Mohamed Amine Tougai,592396,Centre-Back,CAF-Champions League,25/26,7,14,2,0,630,50.0,1,0,0,0,50.0,0,9.523809523809524,15.384615384615385
Algeria,Aïssa Mandi,80293,Centre-Back,Ligue 1,25/26,29,34,1,0,2427,82.35294117647058,8,0,0,0,79.31372549019608,0,1.9230769230769231,2.083333333333333
Algeria,Aïssa Mandi,80293,Centre-Back,Europa League,25/26,11,12,0,0,851,66.66666666666666,2,0,0,0,76.66666666666667,0,0.0,0.0
Algeria,Achref Abada,949929,Centre-Back,Ligue 1,25/26,21,32,0,0,1708,59.375,2,0,0,0,59.30555555555556,0,0.0,0.0
Algeria,Achref Abada,949929,Centre-Back,Coupe d'Algerie,25/26,3,3,0,0,193,66.66666666666666,0,0,0,0,64.33333333333333,0,0.0,0.0
Algeria,Rayan Aït-Nouri,578391,Left-Back,Premier League,25/26,17,38,0,2,976,31.57894736842105,2,0,0,0,28.538011695906434,0,2.5974025974025974,3.508771929824561
Algeria,Rayan Aït-Nouri,578391,Left-Back,UEFA Champions League,25/26,6,10,0,0,339,40.0,1,0,0,0,37.666666666666664,0,0.0,0.0
Algeria,Rayan Aït-Nouri,578391,Left-Back,FA Cup,25/26,2,6,0,1,135,33.33333333333333,0,0,0,0,25.0,0,4.545454545454546,9.090909090909092
Algeria,Rayan Aït-Nouri,578391,Left-Back,EFL Cup,25/26,3,6,0,2,155,33.33333333333333,1,0,0,0,28.703703703703702,0,14.285714285714285,20.0
Algeria,Jaouen Hadjam,750903,Left-Back,Super League,25/26,20,38,2,4,1237,36.84210526315789,4,0,0,0,36.16959064327485,0,7.5,12.244897959183673
Algeria,Jaouen Hadjam,750903,Left-Back,Europa League,25/26,6,8,0,0,540,75.0,2,0,0,0,75.0,0,0.0,0.0
Algeria,Jaouen Hadjam,750903,Left-Back,Europa League Qualifying,25/26,2,2,0,0,180,100.0,2,0,0,0,100.0,0,0.0,0.0
Algeria,Jaouen Hadjam,750903,Left-Back,Swiss Cup,25/26,2,2,0,0,135,100.0,1,0,0,0,75.0,0,0.0,0.0
Algeria,Rafik Belghali,864306,Right-Back,Serie A,25/26,26,38,2,0,1928,57.89473684210527,6,0,0,0,56.37426900584796,0,8.0,10.526315789473683
Algeria,Rafik Belghali,864306,Right-Back,Italy Cup,25/26,0,1,0,0,0,0.0,0,0,0,0,0.0,0,0.0,0.0
Algeria,Rafik Belghali,864306,Right-Back,Jupiler Pro League,25/26,3,4,0,0,240,75.0,1,0,0,0,66.66666666666666,0,0.0,0.0
Algeria,Ramiz Zerrouki,416660,Defensive Midfield,Eredivisie,25/26,32,34,3,2,2667,94.11764705882352,2,1,0,0,87.15686274509804,0,8.47457627118644,8.771929824561402
Algeria,Ramiz Zerrouki,416660,Defensive Midfield,KNVB Beker,25/26,3,4,0,3,269,75.0,1,0,0,0,68.97435897435898,0,23.076923076923077,42.857142857142854
Algeria,Nabil Bentaleb,245537,Defensive Midfield,Ligue 1,25/26,26,34,2,2,1278,38.23529411764706,3,0,0,0,41.76470588235294,0,7.6923076923076925,8.51063829787234
Algeria,Nabil Bentaleb,245537,Defensive Midfield,Europa League,25/26,9,12,0,0,548,58.333333333333336,0,0,0,0,49.36936936936937,0,0.0,0.0
Algeria,Nabil Bentaleb,245537,Defensive Midfield,Coupe de France,25/26,2,2,0,0,180,100.0,0,0,0,0,100.0,0,0.0,0.0
Algeria,Hicham Boudaoui,560593,Central Midfield,Ligue 1,25/26,25,34,1,2,1695,52.94117647058824,5,0,0,0,55.392156862745104,0,8.108108108108109,10.714285714285714
Algeria,Hicham Boudaoui,560593,Central Midfield,Europa League,25/26,3,8,0,0,105,12.5,0,0,0,0,14.583333333333334,0,0.0,0.0
Algeria,Hicham Boudaoui,560593,Central Midfield,Champions League Qu.,25/26,1,2,0,0,90,50.0,0,0,0,0,50.0,0,0.0,0.0
Algeria,Hicham Boudaoui,560593,Central Midfield,L1/L2 Playoffs,25/26,1,2,0,0,11,50.0,0,0,0,0,6.111111111111111,0,0.0,0.0
Algeria,Hicham Boudaoui,560593,Central Midfield,Coupe de France,25/26,2,6,0,0,180,33.33333333333333,1,0,0,0,33.33333333333333,0,0.0,0.0
Algeria,Yassine Titraoui,748445,Central Midfield,Jupiler Pro League,25/26,28,30,4,0,2367,90.0,7,0,0,0,87.66666666666667,0,10.526315789473683,11.11111111111111
Algeria,Yassine Titraoui,748445,Central Midfield,UECL Qualifying,25/26,2,2,0,0,210,100.0,1,0,0,0,100.0,0,0.0,0.0
Algeria,Yassine Titraoui,748445,Central Midfield,Croky Cup,25/26,5,5,0,2,429,100.0,0,0,0,0,95.33333333333334,1,33.33333333333333,33.33333333333333
Algeria,Yassine Titraoui,748445,Central Midfield,JPL Europe Play-Offs,25/26,7,10,1,1,537,60.0,0,0,0,0,59.66666666666667,0,16.666666666666664,25.0
Algeria,Ibrahim Maza,905011,Attacking Midfield,Bundesliga,25/26,28,34,3,5,1854,58.82352941176471,2,0,0,0,60.588235294117645,0,11.76470588235294,13.333333333333334
Algeria,Ibrahim Maza,905011,Attacking Midfield,UEFA Champions League,25/26,12,12,0,2,788,75.0,1,0,0,0,72.96296296296296,0,12.5,12.5
Algeria,Ibrahim Maza,905011,Attacking Midfield,DFB-Pokal,25/26,4,5,2,0,302,60.0,0,0,0,0,62.916666666666664,0,16.666666666666664,22.22222222222222
Algeria,Farès Chaïbi,855015,Attacking Midfield,Bundesliga,25/26,28,34,2,9,1797,61.76470588235294,2,0,0,0,58.72549019607843,0,18.0327868852459,21.153846153846153
Algeria,Farès Chaïbi,855015,Attacking Midfield,UEFA Champions League,25/26,8,8,1,1,499,62.5,0,0,0,0,69.30555555555556,0,20.0,20.0
Algeria,Farès Chaïbi,855015,Attacking Midfield,DFB-Pokal,25/26,2,2,0,0,210,100.0,1,0,0,0,100.0,0,0.0,0.0
Algeria,Houssem Aouar,395693,Attacking Midfield,Saudi Pro League,25/26,23,34,8,3,1904,64.70588235294117,3,0,0,0,62.22222222222222,0,20.0,29.72972972972973
Algeria,Houssem Aouar,395693,Attacking Midfield,AFC Champions League,25/26,8,10,6,1,658,80.0,0,0,0,0,70.75268817204301,0,30.434782608695656,31.818181818181817
Algeria,Houssem Aouar,395693,Attacking Midfield,King's Cup,25/26,3,4,1,0,217,50.0,1,0,0,0,55.64102564102564,0,7.6923076923076925,11.11111111111111
Algeria,Houssem Aouar,395693,Attacking Midfield,Saudi Super Cup,25/26,1,1,0,0,82,100.0,0,0,0,0,91.11111111111111,0,0.0,0.0
Algeria,Adil Boulbina,748443,Left Winger,Stars League,25/26,19,22,5,5,1368,72.72727272727273,5,0,0,0,69.0909090909091,0,25.0,28.57142857142857
Algeria,Adil Boulbina,748443,Left Winger,AFC CL Elite Qualif.,25/26,1,1,1,0,79,100.0,0,0,0,0,87.77777777777777,0,33.33333333333333,33.33333333333333
Algeria,Adil Boulbina,748443,Left Winger,AFC Champions League,25/26,8,9,6,1,716,88.88888888888889,0,0,0,0,85.23809523809524,0,43.75,46.666666666666664
Algeria,Adil Boulbina,748443,Left Winger,Amir Cup,25/26,3,3,1,1,141,33.33333333333333,0,0,0,0,52.22222222222223,0,28.57142857142857,28.57142857142857
Algeria,Adil Boulbina,748443,Left Winger,QSL Cup,25/26,1,10,0,0,90,10.0,0,0,0,0,10.0,0,0.0,0.0
Algeria,Anis Hadj Moussa,917911,Right Winger,Eredivisie,25/26,30,34,11,6,2554,88.23529411764706,4,1,0,0,83.46405228758171,0,24.285714285714285,26.153846153846157
Algeria,Anis Hadj Moussa,917911,Right Winger,Europa League,25/26,8,8,2,1,620,87.5,3,0,0,0,86.11111111111111,0,27.27272727272727,27.27272727272727
Algeria,Anis Hadj Moussa,917911,Right Winger,Champions League Qu.,25/26,2,2,1,0,180,100.0,0,0,0,0,100.0,0,25.0,25.0
Algeria,Farès Ghedjemis,888738,Right Winger,Serie B,25/26,37,38,15,3,3024,94.73684210526315,4,0,0,0,88.42105263157895,0,23.684210526315788,23.684210526315788
Algeria,Farès Ghedjemis,888738,Right Winger,Italy Cup,25/26,1,2,0,0,75,50.0,0,0,0,0,41.66666666666667,0,0.0,0.0
Algeria,Riyad Mahrez,171424,Right Winger,Saudi Pro League,25/26,27,34,4,9,2315,79.41176470588235,2,0,0,0,75.65359477124183,0,18.30985915492958,23.636363636363637
Algeria,Riyad Mahrez,171424,Right Winger,FIFA Intercontinental Cup,25/26,1,1,0,0,90,100.0,0,0,0,0,100.0,0,0.0,0.0
Algeria,Riyad Mahrez,171424,Right Winger,AFC Champions League,25/26,11,12,4,2,920,91.66666666666666,0,0,0,0,80.7017543859649,0,22.22222222222222,27.27272727272727
Algeria,Riyad Mahrez,171424,Right Winger,King's Cup,25/26,3,4,0,1,318,75.0,0,0,0,0,75.71428571428571,0,5.263157894736842,11.11111111111111
Algeria,Riyad Mahrez,171424,Right Winger,Saudi Super Cup,25/26,2,2,0,3,168,100.0,0,0,0,0,93.33333333333333,0,25.0,42.857142857142854
Algeria,Amine Gouiri,418659,Centre-Forward,Ligue 1,25/26,22,34,8,3,1331,44.11764705882353,1,0,0,0,43.49673202614379,0,17.46031746031746,28.947368421052634
Algeria,Amine Gouiri,418659,Centre-Forward,UEFA Champions League,25/26,3,8,0,0,165,25.0,1,0,0,0,22.916666666666664,0,0.0,0.0
Algeria,Amine Gouiri,418659,Centre-Forward,Coupe de France,25/26,2,4,3,2,142,50.0,0,0,0,0,39.44444444444444,0,21.73913043478261,41.66666666666667
Algeria,Amine Gouiri,418659,Centre-Forward,Trophée des Champions,25/26,1,1,0,0,67,100.0,0,0,0,0,74.44444444444444,0,0.0,0.0
Algeria,Mohamed Amoura,746910,Centre-Forward,Bundesliga,25/26,30,34,8,4,1928,67.64705882352942,2,0,0,0,63.006535947712415,0,26.666666666666668,29.268292682926827
Algeria,Mohamed Amoura,746910,Centre-Forward,Bundesliga Playoffs,25/26,2,2,0,0,40,0.0,0,0,0,0,19.047619047619047,0,0.0,0.0
Algeria,Mohamed Amoura,746910,Centre-Forward,DFB-Pokal,25/26,1,2,0,0,90,50.0,1,0,0,0,50.0,0,0.0,0.0
Algeria,Nadhir Benbouali,840254,Centre-Forward,NB I.,25/26,32,33,15,6,2562,90.9090909090909,4,0,0,0,86.26262626262627,0,32.30769230769231,32.8125
Algeria,Nadhir Benbouali,840254,Centre-Forward,UECL Qualifying,25/26,6,6,2,0,518,100.0,1,0,0,0,95.92592592592592,0,22.22222222222222,22.22222222222222
Algeria,Nadhir Benbouali,840254,Centre-Forward,Magyar Kupa,25/26,3,5,2,0,162,20.0,0,0,0,0,31.76470588235294,0,9.523809523809524,12.5
Argentina,Emiliano Martínez,111873,Goalkeeper,Premier League,25/26,32,38,0,1,2835,84.21052631578947,2,0,8,39,82.89473684210526,0,1.7857142857142856,2.1739130434782608
Argentina,Emiliano Martínez,111873,Goalkeeper,Europa League,25/26,11,15,0,0,990,73.33333333333333,1,0,6,7,73.33333333333333,0,0.0,0.0
Argentina,Emiliano Martínez,111873,Goalkeeper,FA Cup,25/26,1,2,0,0,45,0.0,0,0,0,3,25.0,0,0.0,0.0
Argentina,Gerónimo Rulli,229604,Goalkeeper,Ligue 1,25/26,29,34,0,0,2610,85.29411764705883,3,0,8,34,85.29411764705883,0,0.0,0.0
Argentina,Gerónimo Rulli,229604,Goalkeeper,UEFA Champions League,25/26,8,8,0,0,720,100.0,0,0,1,14,100.0,0,0.0,0.0
Argentina,Gerónimo Rulli,229604,Goalkeeper,Coupe de France,25/26,1,4,0,0,90,25.0,0,0,0,2,25.0,0,0.0,0.0
Argentina,Gerónimo Rulli,229604,Goalkeeper,Trophée des Champions,25/26,1,1,0,0,90,100.0,0,0,0,2,100.0,0,0.0,0.0
Argentina,Juan Musso,242359,Goalkeeper,LaLiga,25/26,8,38,0,0,720,21.052631578947366,2,0,3,13,21.052631578947366,0,0.0,0.0
Argentina,Juan Musso,242359,Goalkeeper,UEFA Champions League,25/26,4,16,0,0,360,25.0,0,0,1,6,25.0,0,0.0,0.0
Argentina,Juan Musso,242359,Goalkeeper,Copa del Rey,25/26,6,6,0,0,570,100.0,1,0,3,7,100.0,0,0.0,0.0
Argentina,Juan Musso,242359,Goalkeeper,Supercopa,25/26,0,1,0,0,0,0.0,0,0,0,0,0.0,0,0.0,0.0
Argentina,Cristian Romero,355915,Centre-Back,Premier League,25/26,23,38,4,1,1873,57.89473684210527,9,1,0,0,54.76608187134503,1,10.416666666666668,17.24137931034483
Argentina,Cristian Romero,355915,Centre-Back,UEFA Champions League,25/26,8,10,1,3,694,80.0,2,0,0,0,77.11111111111111,0,18.181818181818183,20.0
Argentina,Cristian Romero,355915,Centre-Back,UEFA Super Cup,25/26,1,1,1,0,90,100.0,0,0,0,0,100.0,0,20.0,50.0
Argentina,Lisandro Martínez,480762,Centre-Back,Premier League,25/26,18,38,0,0,1231,34.21052631578947,0,1,0,0,35.994152046783626,0,0.0,0.0
Argentina,Lisandro Martínez,480762,Centre-Back,FA Cup,25/26,1,1,0,0,79,100.0,0,0,0,0,87.77777777777777,0,0.0,0.0
Argentina,Marcos Senesi,469781,Centre-Back,Premier League,25/26,37,38,0,5,3290,97.36842105263158,8,0,0,0,96.19883040935673,0,8.620689655172415,8.620689655172415
Argentina,Marcos Senesi,469781,Centre-Back,FA Cup,25/26,1,1,0,0,30,0.0,0,0,0,0,25.0,0,0.0,0.0
Argentina,Marcos Senesi,469781,Centre-Back,EFL Cup,25/26,1,1,0,0,45,0.0,0,0,0,0,50.0,0,0.0,0.0
Argentina,Facundo Medina,474800,Centre-Back,Ligue 1,25/26,17,34,0,1,1366,47.05882352941176,7,0,0,0,44.640522875817,0,1.5873015873015872,2.941176470588235
Argentina,Facundo Medina,474800,Centre-Back,UEFA Champions League,25/26,4,8,0,0,306,50.0,1,0,0,0,42.5,0,0.0,0.0
Argentina,Facundo Medina,474800,Centre-Back,Coupe de France,25/26,4,4,0,0,253,75.0,0,0,0,0,70.27777777777777,0,0.0,0.0
Argentina,Facundo Medina,474800,Centre-Back,Trophée des Champions,25/26,1,1,0,0,90,100.0,1,0,0,0,100.0,0,0.0,0.0
Argentina,Nicolás Otamendi,54781,Centre-Back,Liga Portugal,25/26,30,34,2,3,2605,88.23529411764706,7,1,0,0,85.13071895424837,0,6.756756756756757,7.352941176470589
Argentina,Nicolás Otamendi,54781,Centre-Back,UEFA Champions League,25/26,10,10,0,1,900,100.0,3,0,0,0,100.0,0,9.090909090909092,9.090909090909092
Argentina,Nicolás Otamendi,54781,Centre-Back,Champions League Qu.,25/26,4,4,0,0,360,100.0,0,0,0,0,100.0,0,0.0,0.0
Argentina,Nicolás Otamendi,54781,Centre-Back,Allianz Cup,25/26,2,2,1,0,179,100.0,0,0,0,0,99.44444444444444,1,25.0,25.0
Argentina,Nicolás Otamendi,54781,Centre-Back,Taça de Portugal,25/26,2,4,0,0,180,50.0,1,0,0,0,50.0,0,0.0,0.0
Argentina,Nicolás Otamendi,54781,Centre-Back,Portuguese Supercup,25/26,1,1,0,0,90,100.0,1,0,0,0,100.0,0,0.0,0.0
Argentina,Nicolás Tagliafico,131225,Left-Back,Ligue 1,25/26,20,34,0,3,1310,41.17647058823529,4,1,0,0,42.810457516339866,1,5.660377358490567,7.5
Argentina,Nicolás Tagliafico,131225,Left-Back,Europa League,25/26,8,10,0,0,560,70.0,2,0,0,0,62.22222222222222,1,0.0,0.0
Argentina,Nicolás Tagliafico,131225,Left-Back,Coupe de France,25/26,2,4,0,0,149,50.0,1,0,0,0,41.388888888888886,0,0.0,0.0
Argentina,Nahuel Molina,424042,Right-Back,LaLiga,25/26,26,38,2,2,1321,34.21052631578947,4,0,0,0,38.62573099415204,0,6.451612903225806,6.896551724137931
Argentina,Nahuel Molina,424042,Right-Back,UEFA Champions League,25/26,13,16,0,0,697,43.75,1,0,0,0,48.40277777777778,0,0.0,0.0
Argentina,Nahuel Molina,424042,Right-Back,Copa del Rey,25/26,6,6,0,2,372,66.66666666666666,0,0,0,0,65.26315789473685,0,11.11111111111111,13.333333333333334
Argentina,Nahuel Molina,424042,Right-Back,Supercopa,25/26,1,1,0,0,10,0.0,0,0,0,0,11.11111111111111,0,0.0,0.0
Argentina,Gonzalo Montiel,402733,Right-Back,Playoff Torneo Apertura,2026,2,4,0,0,165,50.0,0,0,0,0,42.30769230769231,0,0.0,0.0
Argentina,Gonzalo Montiel,402733,Right-Back,Copa Argentina,2026,1,1,0,0,90,100.0,0,0,0,0,100.0,0,0.0,0.0
Argentina,Gonzalo Montiel,402733,Right-Back,Torneo Apertura ,2026,14,16,4,1,1260,87.5,4,0,0,0,87.5,0,22.727272727272727,26.31578947368421
Argentina,Gonzalo Montiel,402733,Right-Back,Copa Sudamericana,2026,2,6,0,0,135,16.666666666666664,0,0,0,0,25.0,0,0.0,0.0
Argentina,Leandro Paredes,166237,Defensive Midfield,Libertadores,2026,6,6,1,1,536,100.0,2,0,0,0,99.25925925925925,0,33.33333333333333,33.33333333333333
Argentina,Leandro Paredes,166237,Defensive Midfield,Playoff Torneo Apertura,2026,1,1,0,0,120,100.0,1,0,0,0,100.0,0,0.0,0.0
Argentina,Leandro Paredes,166237,Defensive Midfield,Torneo Apertura ,2026,14,16,2,3,978,62.5,6,0,0,0,67.91666666666667,0,22.727272727272727,23.809523809523807
Argentina,Enzo Fernández,648195,Central Midfield,Premier League,25/26,36,38,10,4,3121,92.10526315789474,10,0,0,0,91.25730994152048,0,24.137931034482758,25.454545454545453
Argentina,Enzo Fernández,648195,Central Midfield,UEFA Champions League,25/26,10,10,3,2,748,90.0,2,0,0,0,83.11111111111111,0,26.31578947368421,26.31578947368421
Argentina,Enzo Fernández,648195,Central Midfield,FA Cup,25/26,4,6,2,1,231,33.33333333333333,1,0,0,0,40.526315789473685,0,14.285714285714285,30.0
Argentina,Enzo Fernández,648195,Central Midfield,EFL Cup,25/26,4,5,0,0,279,60.0,1,0,0,0,62.0,0,0.0,0.0
Argentina,Alexis Mac Allister,534033,Central Midfield,Premier League,25/26,37,38,2,4,2663,81.57894736842105,7,0,0,0,77.86549707602339,0,9.523809523809524,10.0
Argentina,Alexis Mac Allister,534033,Central Midfield,UEFA Champions League,25/26,12,12,3,1,853,75.0,3,0,0,0,78.98148148148148,0,16.666666666666664,16.666666666666664
Argentina,Alexis Mac Allister,534033,Central Midfield,Community Shield,25/26,1,1,0,0,19,0.0,0,0,0,0,21.11111111111111,0,0.0,0.0
Argentina,Alexis Mac Allister,534033,Central Midfield,FA Cup,25/26,4,4,0,2,283,75.0,0,0,0,0,78.61111111111111,0,20.0,20.0
Argentina,Alexis Mac Allister,534033,Central Midfield,EFL Cup,25/26,1,2,0,0,67,50.0,0,0,0,0,37.22222222222222,0,0.0,0.0
Argentina,Valentín Barco,849410,Central Midfield,Ligue 1,25/26,27,34,2,4,2171,70.58823529411765,5,1,0,0,70.94771241830065,0,10.344827586206897,11.76470588235294
Argentina,Valentín Barco,849410,Central Midfield,Conference League,25/26,10,12,1,0,666,50.0,2,0,0,0,61.66666666666667,0,5.555555555555555,5.555555555555555
Argentina,Valentín Barco,849410,Central Midfield,UECL Qualifying,25/26,2,2,0,0,178,100.0,0,0,0,0,98.88888888888889,0,0.0,0.0
Argentina,Valentín Barco,849410,Central Midfield,Coupe de France,25/26,4,5,0,5,344,80.0,1,0,0,0,76.44444444444444,0,38.46153846153847,38.46153846153847
Argentina,Exequiel Palacios,401578,Central Midfield,Bundesliga,25/26,18,34,0,1,1097,35.294117647058826,3,0,0,0,35.849673202614376,0,1.4705882352941175,2.5
Argentina,Exequiel Palacios,401578,Central Midfield,UEFA Champions League,25/26,5,12,0,0,335,33.33333333333333,2,0,0,0,31.01851851851852,0,0.0,0.0
Argentina,Exequiel Palacios,401578,Central Midfield,DFB-Pokal,25/26,2,5,0,0,148,40.0,0,0,0,0,30.833333333333336,0,0.0,0.0
Argentina,Rodrigo De Paul,255901,Central Midfield,MLS,2026,13,15,4,4,1170,86.66666666666667,4,0,0,0,86.66666666666667,0,20.51282051282051,22.22222222222222
Argentina,Rodrigo De Paul,255901,Central Midfield,CONCACAF Champions Cup,25/26,2,2,0,0,180,100.0,0,0,0,0,100.0,0,0.0,0.0
Argentina,Nico Paz,948294,Attacking Midfield,Serie A,25/26,35,38,12,7,2886,86.8421052631579,5,0,0,0,84.3859649122807,0,29.230769230769234,30.64516129032258
Argentina,Nico Paz,948294,Attacking Midfield,Italy Cup,25/26,5,6,1,1,405,66.66666666666666,1,0,0,0,75.0,0,10.526315789473683,16.666666666666664
Argentina,Giovani Lo Celso,348795,Attacking Midfield,LaLiga,25/26,24,38,2,3,1397,39.473684210526315,4,0,0,0,40.847953216374265,0,8.47457627118644,10.869565217391305
Argentina,Giovani Lo Celso,348795,Attacking Midfield,Europa League,25/26,6,12,1,0,321,33.33333333333333,0,0,0,0,29.72222222222222,0,5.0,11.11111111111111
Argentina,Giovani Lo Celso,348795,Attacking Midfield,Copa del Rey,25/26,2,5,0,0,59,20.0,0,0,0,0,13.111111111111112,0,0.0,0.0
Argentina,Nico González,486031,Left Winger,LaLiga,25/26,24,35,5,0,1454,51.42857142857142,4,1,0,0,46.15873015873016,0,8.47457627118644,11.11111111111111
Argentina,Nico González,486031,Left Winger,UEFA Champions League,25/26,11,16,0,0,394,25.0,0,0,0,0,27.361111111111114,0,0.0,0.0
Argentina,Nico González,486031,Left Winger,Copa del Rey,25/26,2,6,0,0,66,0.0,0,0,0,0,11.578947368421053,0,0.0,0.0
Argentina,Nico González,486031,Left Winger,Serie A,25/26,2,2,0,0,17,0.0,0,0,0,0,9.444444444444445,0,0.0,0.0
Argentina,Thiago Almada,576028,Left Winger,LaLiga,25/26,27,38,3,1,1312,42.10526315789473,2,1,0,0,38.3625730994152,0,6.451612903225806,8.695652173913043
Argentina,Thiago Almada,576028,Left Winger,UEFA Champions League,25/26,7,16,0,0,172,6.25,2,0,0,0,11.944444444444445,0,0.0,0.0
Argentina,Thiago Almada,576028,Left Winger,Copa del Rey,25/26,5,6,1,1,204,16.666666666666664,0,0,0,0,35.78947368421053,0,11.11111111111111,13.333333333333334
Argentina,Thiago Almada,576028,Left Winger,Supercopa,25/26,1,1,0,0,16,0.0,0,0,0,0,17.77777777777778,0,0.0,0.0
Argentina,Giuliano Simeone,742201,Right Winger,LaLiga,25/26,31,38,4,6,2110,65.78947368421053,2,0,0,0,61.69590643274854,0,16.129032258064516,17.543859649122805
Argentina,Giuliano Simeone,742201,Right Winger,UEFA Champions League,25/26,15,16,2,1,1192,93.75,2,0,0,0,82.77777777777777,0,8.571428571428571,8.571428571428571
Argentina,Giuliano Simeone,742201,Right Winger,Copa del Rey,25/26,6,6,1,0,411,83.33333333333334,1,0,0,0,72.10526315789474,0,5.555555555555555,6.666666666666667
Argentina,Giuliano Simeone,742201,Right Winger,Supercopa,25/26,1,1,0,1,90,100.0,0,0,0,0,100.0,0,100.0,100.0
Argentina,Lionel Messi,28003,Right Winger,MLS,2026,14,15,12,7,1243,93.33333333333333,2,0,0,0,92.07407407407408,0,48.717948717948715,48.717948717948715
Argentina,Lionel Messi,28003,Right Winger,CONCACAF Champions Cup,25/26,2,2,1,0,180,100.0,0,0,0,0,100.0,0,100.0,100.0
Argentina,Julián Alvarez,576024,Centre-Forward,LaLiga,25/26,29,38,8,4,1903,57.89473684210527,2,0,0,0,55.643274853801174,0,19.35483870967742,22.22222222222222
Argentina,Julián Alvarez,576024,Centre-Forward,UEFA Champions League,25/26,15,16,10,4,1241,93.75,0,0,0,0,86.18055555555556,0,40.0,42.42424242424242
Argentina,Julián Alvarez,576024,Centre-Forward,Copa del Rey,25/26,4,6,2,1,315,66.66666666666666,0,0,0,0,55.26315789473685,0,16.666666666666664,20.0
Argentina,Julián Alvarez,576024,Centre-Forward,Supercopa,25/26,1,1,0,0,90,100.0,0,0,0,0,100.0,0,0.0,0.0
Argentina,Lautaro Martínez,406625,Centre-Forward,Serie A,25/26,30,38,17,6,2178,71.05263157894737,4,0,0,0,63.68421052631579,0,25.842696629213485,28.749999999999996
Argentina,Lautaro Martínez,406625,Centre-Forward,UEFA Champions League,25/26,8,10,4,0,459,70.0,2,0,0,0,51.0,0,23.52941176470588,25.0
Argentina,Lautaro Martínez,406625,Centre-Forward,Supercoppa Italiana,25/26,1,1,0,0,19,0.0,0,0,0,0,21.11111111111111,0,0.0,0.0
Argentina,Lautaro Martínez,406625,Centre-Forward,Italy Cup,25/26,2,5,1,0,111,20.0,0,0,0,0,24.666666666666668,0,8.333333333333332,11.11111111111111
Argentina,José Manuel López,844797,Centre-Forward,Série A,2026,17,18,6,3,1314,94.44444444444444,2,0,0,0,81.11111111111111,0,30.0,31.03448275862069
Argentina,José Manuel López,844797,Centre-Forward,Copa do Brasil,2026,1,2,0,0,22,0.0,0,0,0,0,12.222222222222221,0,0.0,0.0
Argentina,José Manuel López,844797,Centre-Forward,Libertadores,2026,6,6,2,4,519,100.0,0,0,0,0,96.11111111111111,0,60.0,60.0
Argentina,José Manuel López,844797,Centre-Forward,Campeonato Paulista,2026,11,12,6,3,846,75.0,3,0,0,0,78.33333333333333,0,52.94117647058824,56.25
Australia,Mathew Ryan,128969,Goalkeeper,LaLiga,25/26,36,36,0,0,3240,100.0,4,0,9,56,100.0,0,0.0,0.0
Australia,Mathew Ryan,128969,Goalkeeper,Copa del Rey,25/26,0,3,0,0,0,0.0,0,0,0,0,0.0,0,0.0,0.0
Australia,Patrick Beach,983578,Goalkeeper,A-League Men,25/26,24,26,0,0,2160,92.3076923076923,0,0,9,32,92.3076923076923,0,0.0,0.0
Australia,Patrick Beach,983578,Goalkeeper,AFC Champions League,25/26,10,10,0,0,930,100.0,1,0,3,8,100.0,0,0.0,0.0
Australia,Patrick Beach,983578,Goalkeeper,A-League Fin.,25/26,1,1,0,0,120,100.0,0,0,0,1,100.0,0,0.0,0.0
Australia,Paul Izzo,181921,Goalkeeper,Superliga,25/26,17,22,0,0,1530,77.27272727272727,1,0,6,22,77.27272727272727,0,0.0,0.0
Australia,Paul Izzo,181921,Goalkeeper,Superliga Relegation round,25/26,9,10,0,0,810,90.0,0,0,2,15,90.0,0,0.0,0.0
Australia,Paul Izzo,181921,Goalkeeper,Oddset Pokalen,25/26,0,2,0,0,0,0.0,0,0,0,0,0.0,0,0.0,0.0
Australia,Paul Izzo,181921,Goalkeeper,Future Cup,25/26,1,1,0,0,90,100.0,0,0,0,5,100.0,0,0.0,0.0
Australia,Alessandro Circati,867137,Centre-Back,Serie A,25/26,31,38,1,1,2666,81.57894736842105,6,0,0,0,77.953216374269,0,7.142857142857142,9.090909090909092
Australia,Alessandro Circati,867137,Centre-Back,Italy Cup,25/26,2,3,0,0,135,33.33333333333333,0,0,0,0,50.0,0,0.0,0.0
Australia,Lucas Herrington,1279984,Centre-Back,MLS,2026,15,15,1,1,1350,100.0,4,0,0,0,100.0,0,8.0,8.0
Australia,Lucas Herrington,1279984,Centre-Back,US Open Cup,2026,2,3,0,0,210,66.66666666666666,0,0,0,0,70.0,0,0.0,0.0
Australia,Lucas Herrington,1279984,Centre-Back,A-League Men,25/26,11,15,1,0,930,66.66666666666666,2,0,0,0,68.88888888888889,0,6.666666666666667,9.090909090909092
Australia,Harry Souttar,298091,Centre-Back,Championship,25/26,2,46,1,0,178,4.3478260869565215,0,0,0,0,4.299516908212561,0,1.7241379310344827,25.0
Australia,Cameron Burgess,255788,Centre-Back,Championship,25/26,46,46,0,0,4140,100.0,7,0,0,0,100.0,0,0.0,0.0
Australia,Cameron Burgess,255788,Centre-Back,FA Cup,25/26,1,1,0,0,59,0.0,0,0,0,0,49.166666666666664,0,0.0,0.0
Australia,Cameron Burgess,255788,Centre-Back,EFL Cup,25/26,4,4,2,0,332,100.0,1,0,0,0,92.22222222222223,0,15.384615384615385,25.0
Australia,Milos Degenek,187353,Centre-Back,Cyprus League,25/26,10,20,1,0,720,35.0,2,0,0,0,40.0,0,4.761904761904762,5.88235294117647
Australia,Milos Degenek,187353,Centre-Back,Kypello Kyprou,25/26,1,3,0,0,90,33.33333333333333,1,0,0,0,33.33333333333333,0,0.0,0.0
Australia,Milos Degenek,187353,Centre-Back,Super liga Srbije,25/26,13,20,1,0,1052,60.0,2,0,0,0,58.44444444444444,0,5.555555555555555,6.25
Australia,Milos Degenek,187353,Centre-Back,Kup Srbije,25/26,1,1,0,0,90,100.0,0,0,0,0,100.0,0,0.0,0.0
Australia,Jordan Bos,855731,Left-Back,Eredivisie,25/26,28,34,4,9,2058,70.58823529411765,0,0,0,0,67.25490196078432,0,18.571428571428573,20.967741935483872
Australia,Jordan Bos,855731,Left-Back,Europa League,25/26,5,8,0,1,237,37.5,0,0,0,0,32.916666666666664,0,9.090909090909092,10.0
Australia,Jordan Bos,855731,Left-Back,Champions League Qu.,25/26,2,2,0,1,180,100.0,1,0,0,0,100.0,0,25.0,25.0
Australia,Jordan Bos,855731,Left-Back,KNVB Beker,25/26,1,1,0,0,90,100.0,0,0,0,0,100.0,0,0.0,0.0
Australia,Aziz Behich,136834,Left-Back,A-League Men,25/26,24,26,3,1,2160,92.3076923076923,5,0,0,0,92.3076923076923,0,12.121212121212121,12.903225806451612
Australia,Aziz Behich,136834,Left-Back,AFC Champions League,25/26,9,10,0,1,831,90.0,2,0,0,0,89.35483870967742,0,8.333333333333332,12.5
Australia,Aziz Behich,136834,Left-Back,A-League Fin.,25/26,1,1,0,1,120,100.0,0,0,0,0,100.0,0,14.285714285714285,100.0
Australia,Jacob Italiano,545810,Right-Back,Bundesliga,25/26,24,32,4,2,2067,75.0,1,0,0,0,71.77083333333333,0,14.285714285714285,21.428571428571427
Australia,Jacob Italiano,545810,Right-Back,ÖFB-Cup,25/26,1,1,0,0,90,100.0,0,0,0,0,100.0,0,0.0,0.0
Australia,Jason Geria,185175,Right-Back,J2/J3 Special Season,2026,11,20,1,1,985,55.00000000000001,3,0,0,0,52.956989247311824,0,4.651162790697675,16.666666666666664
Australia,Aiden O'Neill,385918,Defensive Midfield,MLS,2026,11,15,0,1,909,73.33333333333333,2,0,0,0,67.33333333333333,0,4.0,5.263157894736842
Australia,Aiden O'Neill,385918,Defensive Midfield,US Open Cup,2026,1,3,0,0,90,33.33333333333333,0,0,0,0,33.33333333333333,0,0.0,0.0
Australia,Kai Trewin,691326,Defensive Midfield,MLS,2026,15,15,0,0,1256,93.33333333333333,3,0,0,0,93.03703703703704,0,0.0,0.0
Australia,Kai Trewin,691326,Defensive Midfield,US Open Cup,2026,3,3,1,0,267,100.0,1,0,0,0,98.88888888888889,0,12.5,12.5
Australia,Kai Trewin,691326,Defensive Midfield,A-League Men,25/26,13,15,0,0,1104,86.66666666666667,0,0,0,0,81.77777777777779,0,0.0,0.0
Australia,Kai Trewin,691326,Defensive Midfield,AFC Champions League,25/26,6,6,0,0,540,100.0,0,0,0,0,100.0,0,0.0,0.0
Australia,Paul Okon-Engstler,1064377,Defensive Midfield,A-League Men,25/26,23,26,0,2,1935,84.61538461538461,6,0,0,0,82.6923076923077,0,6.0606060606060606,6.666666666666667
Australia,Paul Okon-Engstler,1064377,Defensive Midfield,A-League Fin.,25/26,4,4,0,0,390,100.0,3,0,0,0,100.0,0,0.0,0.0
Australia,Cammy Devlin,399162,Central Midfield,Premiership,25/26,25,33,1,0,2232,75.75757575757575,5,0,0,0,75.15151515151514,0,1.7241379310344827,2.083333333333333
Australia,Cammy Devlin,399162,Central Midfield,Scottish Premiership Top Six Split,25/26,3,5,1,0,160,40.0,1,0,0,0,35.55555555555556,0,11.11111111111111,20.0
Australia,Cammy Devlin,399162,Central Midfield,League Cup,25/26,5,5,0,1,385,80.0,0,0,0,0,80.20833333333334,0,4.761904761904762,5.88235294117647
Australia,Connor Metcalfe,522223,Central Midfield,Bundesliga,25/26,25,34,0,2,576,8.823529411764707,2,0,0,0,18.823529411764707,0,6.896551724137931,10.0
Australia,Connor Metcalfe,522223,Central Midfield,DFB-Pokal,25/26,3,4,0,0,112,25.0,0,0,0,0,26.666666666666668,0,0.0,0.0
Australia,Jackson Irvine,192557,Central Midfield,Bundesliga,25/26,24,34,0,1,1625,52.94117647058824,0,0,0,0,53.10457516339869,1,3.4482758620689653,5.0
Australia,Jackson Irvine,192557,Central Midfield,DFB-Pokal,25/26,2,4,0,0,112,25.0,1,0,0,0,26.666666666666668,0,0.0,0.0
Australia,Ajdin Hrustic,265625,Central Midfield,Eredivisie,25/26,27,34,1,6,2222,73.52941176470588,5,0,0,0,72.61437908496731,0,20.0,22.58064516129032
Australia,Ajdin Hrustic,265625,Central Midfield,KNVB Beker,25/26,3,3,3,1,300,100.0,1,0,0,0,100.0,0,36.36363636363637,40.0
Australia,Cristian Volpato,746891,Attacking Midfield,Serie A,25/26,24,38,2,4,1064,28.947368421052634,4,0,0,0,31.11111111111111,0,13.043478260869565,14.634146341463413
Australia,Cristian Volpato,746891,Attacking Midfield,Italy Cup,25/26,2,2,0,0,99,50.0,0,0,0,0,55.00000000000001,0,0.0,0.0
Australia,Nishan Velupillay,888140,Left Winger,A-League Men,25/26,21,26,4,1,1384,65.38461538461539,1,0,0,0,59.14529914529915,0,11.363636363636363,12.5
Australia,Nishan Velupillay,888140,Left Winger,A-League Fin.,25/26,1,1,0,0,84,100.0,0,0,0,0,93.33333333333333,0,0.0,0.0
Australia,Awer Mabil,255729,Left Winger,LaLiga2,25/26,30,42,3,6,1721,45.23809523809524,3,0,0,0,45.52910052910053,0,12.857142857142856,14.0625
Australia,Awer Mabil,255729,Left Winger,Copa del Rey,25/26,1,1,0,0,85,0.0,0,0,0,0,94.44444444444444,0,0.0,0.0
Australia,Mathew Leckie,126214,Left Winger,A-League Men,25/26,6,26,0,1,237,11.538461538461538,0,0,0,0,10.128205128205128,0,3.0303030303030303,9.090909090909092
Australia,Mathew Leckie,126214,Left Winger,AFC Champions League,25/26,1,10,0,0,45,10.0,0,0,0,0,4.838709677419355,0,0.0,0.0
Australia,Mathew Leckie,126214,Left Winger,A-League Fin.,25/26,1,1,0,0,120,100.0,0,0,0,0,100.0,0,0.0,0.0
Australia,Nestory Irankunda,956920,Right Winger,Championship,25/26,40,46,4,5,2031,47.82608695652174,12,1,0,0,49.05797101449275,0,16.9811320754717,19.148936170212767
Australia,Nestory Irankunda,956920,Right Winger,FA Cup,25/26,1,1,0,0,90,100.0,0,0,0,0,100.0,0,0.0,0.0
Australia,Nestory Irankunda,956920,Right Winger,EFL Cup,25/26,1,1,0,0,90,100.0,0,0,0,0,100.0,0,0.0,0.0
Australia,Mohamed Touré,742770,Centre-Forward,Championship,25/26,11,16,9,3,595,43.75,2,0,0,0,41.31944444444444,0,46.15384615384615,63.1578947368421
Australia,Mohamed Touré,742770,Centre-Forward,FA Cup,25/26,1,2,1,0,29,0.0,0,0,0,0,16.11111111111111,0,33.33333333333333,33.33333333333333
Australia,Mohamed Touré,742770,Centre-Forward,Superliga,25/26,17,18,4,4,1117,77.77777777777779,4,0,0,0,68.95061728395062,0,47.05882352941176,47.05882352941176
Australia,Mohamed Touré,742770,Centre-Forward,Oddset Pokalen,25/26,2,2,0,1,141,50.0,0,0,0,0,67.14285714285714,0,25.0,50.0
Australia,Tete Yengi,849429,Centre-Forward,J1 Special Season,2026,15,20,3,1,958,60.0,1,0,0,0,52.349726775956285,0,7.2727272727272725,19.047619047619047
Australia,Tete Yengi,849429,Centre-Forward,AFC Champions League,25/26,7,7,3,0,480,85.71428571428571,2,0,0,0,72.72727272727273,0,37.5,37.5
Australia,Tete Yengi,849429,Centre-Forward,Premiership,25/26,19,23,2,0,1056,47.82608695652174,1,0,0,0,51.01449275362319,0,8.333333333333332,10.526315789473683
Australia,Tete Yengi,849429,Centre-Forward,SFA Cup,25/26,1,1,0,0,37,0.0,0,0,0,0,30.833333333333336,0,0.0,0.0
Australia,Tete Yengi,849429,Centre-Forward,League Cup,25/26,2,5,0,0,33,0.0,0,0,0,0,7.333333333333333,0,0.0,0.0
Austria,Florian Wiegele,393999,Goalkeeper,Chance Liga,25/26,16,30,0,0,1425,50.0,0,0,7,14,52.77777777777778,0,0.0,0.0
Austria,Florian Wiegele,393999,Goalkeeper,Europa League,25/26,6,10,0,0,570,60.0,1,0,3,4,61.29032258064516,0,0.0,0.0
Austria,Florian Wiegele,393999,Goalkeeper,Champions League Qu.,25/26,2,4,0,0,180,50.0,0,0,0,4,50.0,0,0.0,0.0
Austria,Florian Wiegele,393999,Goalkeeper,Chance Liga Champion Gr.,25/26,4,5,0,0,360,80.0,0,0,3,1,80.0,0,0.0,0.0
Austria,Florian Wiegele,393999,Goalkeeper,MOL Cup,25/26,3,3,0,0,270,100.0,0,0,1,4,100.0,0,0.0,0.0
Austria,Patrick Pentz,223972,Goalkeeper,Superliga,25/26,20,22,0,0,1785,90.9090909090909,0,1,8,20,90.15151515151516,0,0.0,0.0
Austria,Patrick Pentz,223972,Goalkeeper,UECL Qualifying,25/26,6,6,0,0,540,100.0,0,0,3,7,100.0,0,0.0,0.0
Austria,Patrick Pentz,223972,Goalkeeper,Superliga Europa Playoff,25/26,1,1,0,0,120,100.0,0,0,0,3,100.0,0,0.0,0.0
Austria,Patrick Pentz,223972,Goalkeeper,Superliga Championship round,25/26,10,10,0,0,900,100.0,0,0,3,13,100.0,0,0.0,0.0
Austria,Patrick Pentz,223972,Goalkeeper,Oddset Pokalen,25/26,2,2,0,0,210,100.0,0,0,0,5,100.0,0,0.0,0.0
Austria,Alexander Schlager,186374,Goalkeeper,Bundesliga,25/26,31,32,0,0,2790,96.875,4,0,5,40,96.875,0,0.0,0.0
Austria,Alexander Schlager,186374,Goalkeeper,Europa League,25/26,7,8,0,0,630,87.5,0,0,0,15,87.5,0,0.0,0.0
Austria,Alexander Schlager,186374,Goalkeeper,Champions League Qu.,25/26,4,4,0,0,360,100.0,0,0,0,6,100.0,0,0.0,0.0
Austria,Alexander Schlager,186374,Goalkeeper,ÖFB-Cup,25/26,5,5,0,0,480,100.0,1,0,2,3,100.0,0,0.0,0.0
Austria,David Affengruber,452483,Centre-Back,LaLiga,25/26,36,38,1,1,2953,86.8421052631579,7,1,0,0,86.34502923976608,0,4.081632653061225,4.081632653061225
Austria,David Affengruber,452483,Centre-Back,Copa del Rey,25/26,3,4,0,1,143,50.0,0,0,0,0,36.666666666666664,0,12.5,16.666666666666664
Austria,Kevin Danso,263236,Centre-Back,Premier League,25/26,24,38,0,0,1491,44.73684210526316,8,0,0,0,43.59649122807018,0,0.0,0.0
Austria,Kevin Danso,263236,Centre-Back,UEFA Champions League,25/26,8,10,0,0,477,50.0,1,0,0,0,53.0,0,0.0,0.0
Austria,Kevin Danso,263236,Centre-Back,UEFA Super Cup,25/26,1,1,0,0,90,100.0,1,0,0,0,100.0,0,0.0,0.0
Austria,Kevin Danso,263236,Centre-Back,FA Cup,25/26,1,1,0,0,90,100.0,0,0,0,0,100.0,0,0.0,0.0
Austria,Kevin Danso,263236,Centre-Back,EFL Cup,25/26,2,2,0,0,180,100.0,0,0,0,0,100.0,0,0.0,0.0
Austria,Philipp Lienhart,225657,Centre-Back,Bundesliga,25/26,20,34,1,0,1301,41.17647058823529,2,0,0,0,42.51633986928105,1,1.9607843137254901,2.631578947368421
Austria,Philipp Lienhart,225657,Centre-Back,Europa League,25/26,11,15,1,0,849,66.66666666666666,3,0,0,0,62.88888888888889,0,4.0,4.545454545454546
Austria,Philipp Lienhart,225657,Centre-Back,DFB-Pokal,25/26,3,5,0,0,300,60.0,1,0,0,0,58.82352941176471,0,0.0,0.0
Austria,Marco Friedl,156990,Centre-Back,Bundesliga,25/26,30,34,1,0,2549,85.29411764705883,9,1,0,0,83.30065359477125,0,2.7027027027027026,3.3333333333333335
Austria,Marco Friedl,156990,Centre-Back,DFB-Pokal,25/26,1,1,0,0,90,100.0,1,0,0,0,100.0,0,0.0,0.0
Austria,Stefan Posch,223974,Centre-Back,Bundesliga,25/26,16,16,0,0,1395,100.0,4,0,0,0,96.875,0,0.0,0.0
Austria,Stefan Posch,223974,Centre-Back,Conference League,25/26,4,4,2,0,360,100.0,2,0,0,0,100.0,0,50.0,50.0
Austria,Stefan Posch,223974,Centre-Back,Serie A,25/26,14,21,1,0,384,14.285714285714285,1,0,0,0,20.317460317460316,0,3.3333333333333335,3.4482758620689653
Austria,Stefan Posch,223974,Centre-Back,Italy Cup,25/26,1,1,0,0,45,100.0,0,0,0,0,50.0,0,0.0,0.0
Austria,Michael Svoboda,438961,Centre-Back,Serie B,25/26,29,38,3,2,2527,73.68421052631578,7,0,0,0,73.88888888888889,0,6.493506493506493,7.352941176470589
Austria,Michael Svoboda,438961,Centre-Back,Italy Cup,25/26,1,3,0,0,15,0.0,0,0,0,0,5.555555555555555,0,0.0,0.0
Austria,David Alaba,59016,Centre-Back,LaLiga,25/26,11,38,0,0,421,13.157894736842104,1,0,0,0,12.309941520467836,0,0.0,0.0
Austria,David Alaba,59016,Centre-Back,UEFA Champions League,25/26,3,14,0,0,115,7.142857142857142,0,0,0,0,9.126984126984127,0,0.0,0.0
Austria,David Alaba,59016,Centre-Back,Copa del Rey,25/26,1,2,0,0,25,0.0,0,0,0,0,13.88888888888889,0,0.0,0.0
Austria,David Alaba,59016,Centre-Back,Supercopa,25/26,1,2,0,0,14,0.0,0,0,0,0,7.777777777777778,0,0.0,0.0
Austria,Phillipp Mwene,127573,Left-Back,Bundesliga,25/26,29,34,1,5,2073,70.58823529411765,4,0,0,0,67.74509803921569,0,13.636363636363635,16.216216216216218
Austria,Phillipp Mwene,127573,Left-Back,Conference League,25/26,7,10,0,0,478,60.0,0,0,0,0,53.11111111111111,0,0.0,0.0
Austria,Phillipp Mwene,127573,Left-Back,UECL Qualifying,25/26,2,2,0,0,161,100.0,0,0,0,0,89.44444444444444,0,0.0,0.0
Austria,Phillipp Mwene,127573,Left-Back,DFB-Pokal,25/26,1,2,0,0,69,50.0,0,0,0,0,38.333333333333336,0,0.0,0.0
Austria,Konrad Laimer,223967,Right-Back,Bundesliga,25/26,29,34,3,9,1997,64.70588235294117,9,0,0,0,65.26143790849673,0,9.836065573770492,11.214953271028037
Austria,Konrad Laimer,223967,Right-Back,UEFA Champions League,25/26,11,14,0,4,854,71.42857142857143,4,0,0,0,67.77777777777779,0,9.30232558139535,10.256410256410255
Austria,Konrad Laimer,223967,Right-Back,DFL-Supercup,25/26,1,1,0,0,72,100.0,0,0,0,0,80.0,0,0.0,0.0
Austria,Konrad Laimer,223967,Right-Back,DFB-Pokal,25/26,6,6,0,0,374,66.66666666666666,1,0,0,0,69.25925925925925,0,0.0,0.0
Austria,Nicolas Seiwald,404950,Defensive Midfield,Bundesliga,25/26,33,34,0,2,2704,91.17647058823529,2,0,0,0,88.36601307189542,0,3.0303030303030303,3.1746031746031744
Austria,Nicolas Seiwald,404950,Defensive Midfield,DFB-Pokal,25/26,4,4,0,0,342,100.0,1,0,0,0,95.0,0,0.0,0.0
Austria,Dejan Ljubicic,287188,Defensive Midfield,2. Bundesliga,25/26,15,15,4,3,1182,100.0,3,0,0,0,87.55555555555556,0,26.923076923076923,26.923076923076923
Austria,Dejan Ljubicic,287188,Defensive Midfield,Europa League,25/26,7,7,2,0,504,100.0,2,0,0,0,80.0,0,16.666666666666664,16.666666666666664
Austria,Dejan Ljubicic,287188,Defensive Midfield,SuperSport HNL,25/26,15,19,0,3,1007,63.1578947368421,1,0,0,0,58.88888888888889,0,7.317073170731707,7.894736842105263
Austria,Dejan Ljubicic,287188,Defensive Midfield,Hrvatski nogometni kup,25/26,0,2,0,0,0,0.0,0,0,0,0,0.0,0,0.0,0.0
Austria,Florian Grillitsch,195736,Defensive Midfield,Liga Portugal,25/26,20,31,1,1,1129,38.70967741935484,3,0,0,0,40.46594982078853,0,3.571428571428571,4.651162790697675
Austria,Florian Grillitsch,195736,Defensive Midfield,Europa League,25/26,10,14,2,1,676,57.14285714285714,2,0,0,0,53.65079365079365,0,13.043478260869565,16.666666666666664
Austria,Florian Grillitsch,195736,Defensive Midfield,Allianz Cup,25/26,3,3,0,0,179,66.66666666666666,1,0,0,0,66.2962962962963,0,0.0,0.0
Austria,Florian Grillitsch,195736,Defensive Midfield,Taça de Portugal,25/26,3,4,0,0,205,75.0,0,0,0,0,56.94444444444444,0,0.0,0.0
Austria,Paul Wanner,900909,Central Midfield,Eredivisie,25/26,22,32,3,3,1641,59.375,5,0,0,0,56.97916666666667,0,6.451612903225806,6.896551724137931
Austria,Paul Wanner,900909,Central Midfield,UEFA Champions League,25/26,6,8,0,0,280,37.5,0,0,0,0,38.88888888888889,0,0.0,0.0
Austria,Paul Wanner,900909,Central Midfield,KNVB Beker,25/26,4,4,2,1,336,100.0,1,0,0,0,93.33333333333333,0,23.076923076923077,23.076923076923077
Austria,Paul Wanner,900909,Central Midfield,Premier League Int. Cup U21,25/26,1,1,0,0,90,100.0,0,0,0,0,100.0,0,0.0,0.0
Austria,Carney Chukwuemeka,659459,Central Midfield,Bundesliga,25/26,28,33,2,0,907,24.242424242424242,2,0,0,0,30.538720538720536,0,2.9850746268656714,3.1746031746031744
Austria,Carney Chukwuemeka,659459,Central Midfield,UEFA Champions League,25/26,8,10,1,2,221,10.0,0,0,0,0,24.555555555555557,0,13.636363636363635,13.636363636363635
Austria,Carney Chukwuemeka,659459,Central Midfield,DFB-Pokal,25/26,2,2,0,0,96,50.0,0,0,0,0,45.714285714285715,0,0.0,0.0
Austria,Xaver Schlager,223979,Central Midfield,Bundesliga,25/26,26,34,3,1,1837,61.76470588235294,6,0,0,0,60.03267973856209,0,6.0606060606060606,7.547169811320755
Austria,Xaver Schlager,223979,Central Midfield,DFB-Pokal,25/26,4,4,0,0,230,50.0,0,0,0,0,63.888888888888886,0,0.0,0.0
Austria,Marcel Sabitzer,106987,Central Midfield,Bundesliga,25/26,26,34,1,2,1823,61.76470588235294,3,0,0,0,59.57516339869281,0,4.285714285714286,5.172413793103448
Austria,Marcel Sabitzer,106987,Central Midfield,UEFA Champions League,25/26,6,10,0,2,344,40.0,0,0,0,0,38.22222222222222,0,9.090909090909092,10.0
Austria,Marcel Sabitzer,106987,Central Midfield,DFB-Pokal,25/26,2,3,0,0,181,66.66666666666666,0,0,0,0,60.333333333333336,0,0.0,0.0
Austria,Alessandro Schöpf,118397,Central Midfield,Bundesliga,25/26,24,32,5,5,1804,65.625,2,0,0,0,62.638888888888886,0,24.390243902439025,30.303030303030305
Austria,Alessandro Schöpf,118397,Central Midfield,Europa League Qualifying,25/26,2,2,0,0,191,100.0,0,0,0,0,90.95238095238095,0,0.0,0.0
Austria,Alessandro Schöpf,118397,Central Midfield,UECL Qualifying,25/26,2,2,0,0,210,100.0,1,0,0,0,100.0,0,0.0,0.0
Austria,Alessandro Schöpf,118397,Central Midfield,ÖFB-Cup,25/26,4,4,0,1,331,100.0,1,0,0,0,84.87179487179488,0,8.333333333333332,8.333333333333332
Austria,Alessandro Schöpf,118397,Central Midfield,Bundesliga EC-Play-off,25/26,1,1,0,0,20,0.0,0,0,0,0,22.22222222222222,0,0.0,0.0
Austria,Alexander Prass,434116,Left Midfield,Bundesliga,25/26,32,34,3,2,1298,35.294117647058826,4,0,0,0,42.41830065359477,0,7.6923076923076925,7.6923076923076925
Austria,Alexander Prass,434116,Left Midfield,DFB-Pokal,25/26,2,2,0,0,119,50.0,0,0,0,0,56.666666666666664,0,0.0,0.0
Austria,Romano Schmid,346853,Attacking Midfield,Bundesliga,25/26,34,34,4,8,2993,100.0,4,0,0,0,97.81045751633987,0,32.432432432432435,32.432432432432435
Austria,Romano Schmid,346853,Attacking Midfield,DFB-Pokal,25/26,1,1,0,0,90,100.0,0,0,0,0,100.0,0,0.0,0.0
Austria,Patrick Wimmer,533295,Right Winger,Bundesliga,25/26,25,34,4,3,1634,61.76470588235294,4,0,0,0,53.39869281045752,0,15.555555555555555,21.21212121212121
Austria,Patrick Wimmer,533295,Right Winger,DFB-Pokal,25/26,2,2,0,3,135,50.0,1,0,0,0,75.0,0,33.33333333333333,33.33333333333333
Austria,Sasa Kalajdzic,369567,Centre-Forward,Bundesliga,25/26,23,27,6,7,1324,55.55555555555556,2,0,0,0,54.48559670781893,0,25.0,26.0
Austria,Sasa Kalajdzic,369567,Centre-Forward,ÖFB-Cup,25/26,4,4,1,4,392,100.0,1,0,0,0,93.33333333333333,0,45.45454545454545,45.45454545454545
Austria,Sasa Kalajdzic,369567,Centre-Forward,Premier League,25/26,1,3,0,0,14,0.0,0,0,0,0,5.185185185185185,0,0.0,0.0
Austria,Sasa Kalajdzic,369567,Centre-Forward,EFL Cup,25/26,1,1,0,0,9,0.0,0,0,0,0,10.0,0,0.0,0.0
Austria,Marko Arnautovic,41384,Centre-Forward,Super liga Srbije,25/26,13,29,5,8,793,37.93103448275862,0,0,0,0,30.38314176245211,0,15.66265060240964,22.807017543859647
Austria,Marko Arnautovic,41384,Centre-Forward,Europa League,25/26,10,10,2,1,665,80.0,2,0,0,0,71.50537634408603,0,37.5,37.5
Austria,Marko Arnautovic,41384,Centre-Forward,Champions League Qu.,25/26,3,6,0,0,63,0.0,0,0,0,0,11.666666666666666,0,0.0,0.0
Austria,Marko Arnautovic,41384,Centre-Forward,Super liga Championship round,25/26,3,7,2,0,200,42.857142857142854,0,0,0,0,31.746031746031743,0,15.384615384615385,22.22222222222222
Austria,Marko Arnautovic,41384,Centre-Forward,Kup Srbije,25/26,3,5,1,0,207,20.0,0,0,0,0,43.125,0,5.88235294117647,16.666666666666664
Austria,Michael Gregoritsch,120205,Centre-Forward,Bundesliga,25/26,17,19,6,3,917,57.89473684210527,2,0,0,0,53.62573099415204,0,32.142857142857146,34.61538461538461
Austria,Michael Gregoritsch,120205,Centre-Forward,UECL Qualifying,25/26,2,2,1,0,41,0.0,1,0,0,0,22.77777777777778,0,50.0,50.0
Austria,Michael Gregoritsch,120205,Centre-Forward,Superliga,25/26,11,13,2,1,370,30.76923076923077,2,0,0,0,31.62393162393162,0,13.043478260869565,14.285714285714285
Austria,Michael Gregoritsch,120205,Centre-Forward,Oddset Pokalen,25/26,1,2,0,0,15,0.0,0,0,0,0,7.142857142857142,0,0.0,0.0
Belgium,Senne Lammens,503883,Goalkeeper,Premier League,25/26,32,35,0,0,2880,91.42857142857143,0,0,8,39,91.42857142857143,0,0.0,0.0
Belgium,Senne Lammens,503883,Goalkeeper,FA Cup,25/26,1,1,0,0,90,100.0,0,0,0,2,100.0,0,0.0,0.0
Belgium,Senne Lammens,503883,Goalkeeper,Jupiler Pro League,25/26,4,6,0,0,360,66.66666666666666,0,0,0,4,66.66666666666666,0,0.0,0.0
Belgium,Mike Penders,834397,Goalkeeper,Ligue 1,25/26,33,34,0,0,2970,97.05882352941177,3,0,8,47,97.05882352941177,0,0.0,0.0
Belgium,Mike Penders,834397,Goalkeeper,Conference League,25/26,12,12,0,0,1080,100.0,0,0,2,11,100.0,0,0.0,0.0
Belgium,Mike Penders,834397,Goalkeeper,UECL Qualifying,25/26,2,2,0,0,131,100.0,1,0,1,2,72.77777777777777,0,0.0,0.0
Belgium,Mike Penders,834397,Goalkeeper,Coupe de France,25/26,5,5,0,0,450,100.0,1,0,1,5,100.0,0,0.0,0.0
Belgium,Thibaut Courtois,108390,Goalkeeper,LaLiga,25/26,32,38,0,0,2880,84.21052631578947,1,0,13,28,84.21052631578947,0,0.0,0.0
Belgium,Thibaut Courtois,108390,Goalkeeper,UEFA Champions League,25/26,11,14,0,2,945,78.57142857142857,0,0,4,11,75.0,0,6.0606060606060606,8.0
Belgium,Thibaut Courtois,108390,Goalkeeper,Supercopa,25/26,2,2,0,0,180,100.0,0,0,0,4,100.0,0,0.0,0.0
Belgium,Zeno Debast,548193,Centre-Back,Liga Portugal,25/26,17,34,0,2,1177,35.294117647058826,2,0,0,0,38.4640522875817,0,2.247191011235955,4.444444444444445
Belgium,Zeno Debast,548193,Centre-Back,UEFA Champions League,25/26,4,12,0,0,179,8.333333333333332,1,0,0,0,16.126126126126124,0,0.0,0.0
Belgium,Zeno Debast,548193,Centre-Back,Taça de Portugal,25/26,2,7,0,0,126,0.0,0,0,0,0,16.8,0,0.0,0.0
Belgium,Zeno Debast,548193,Centre-Back,Portuguese Supercup,25/26,1,1,0,0,21,0.0,0,0,0,0,23.333333333333332,0,0.0,0.0
Belgium,Nathan Ngoy,548254,Centre-Back,Ligue 1,25/26,29,34,1,2,2404,79.41176470588235,10,1,0,0,78.56209150326798,0,5.769230769230769,6.0
Belgium,Nathan Ngoy,548254,Centre-Back,Europa League,25/26,8,12,1,0,610,58.333333333333336,2,0,0,0,54.95495495495496,0,7.142857142857142,7.142857142857142
Belgium,Nathan Ngoy,548254,Centre-Back,Coupe de France,25/26,1,2,1,0,90,50.0,0,0,0,0,50.0,0,50.0,100.0
Belgium,Koni De Winter,490384,Centre-Back,Serie A,25/26,26,38,1,1,1798,50.0,1,0,0,0,52.57309941520468,0,3.7735849056603774,3.7735849056603774
Belgium,Koni De Winter,490384,Centre-Back,Supercoppa Italiana,25/26,1,1,0,0,69,100.0,0,0,0,0,76.66666666666667,0,0.0,0.0
Belgium,Koni De Winter,490384,Centre-Back,Italy Cup,25/26,2,3,0,0,180,66.66666666666666,1,0,0,0,66.66666666666666,0,0.0,0.0
Belgium,Arthur Theate,368891,Centre-Back,Bundesliga,25/26,24,34,1,1,2144,70.58823529411765,8,0,0,0,70.06535947712418,0,3.278688524590164,3.8461538461538463
Belgium,Arthur Theate,368891,Centre-Back,UEFA Champions League,25/26,8,8,0,0,720,100.0,0,0,0,0,100.0,0,0.0,0.0
Belgium,Arthur Theate,368891,Centre-Back,DFB-Pokal,25/26,1,2,0,0,120,50.0,0,0,0,0,57.14285714285714,0,0.0,0.0
Belgium,Brandon Mechele,236168,Centre-Back,Jupiler Pro League,25/26,29,30,4,2,2535,96.66666666666667,4,0,0,0,93.88888888888889,0,10.16949152542373,10.16949152542373
Belgium,Brandon Mechele,236168,Centre-Back,UEFA Champions League,25/26,10,10,1,1,898,100.0,0,0,0,0,99.77777777777777,0,10.526315789473683,10.526315789473683
Belgium,Brandon Mechele,236168,Centre-Back,Champions League Qu.,25/26,4,4,1,0,360,100.0,0,0,0,0,100.0,0,7.6923076923076925,7.6923076923076925
Belgium,Brandon Mechele,236168,Centre-Back,Volkswagen Supercup,25/26,1,1,0,0,90,100.0,0,0,0,0,100.0,0,0.0,0.0
Belgium,Brandon Mechele,236168,Centre-Back,Croky Cup,25/26,3,3,1,0,225,100.0,0,0,0,0,83.33333333333334,0,12.5,12.5
Belgium,Brandon Mechele,236168,Centre-Back,Jupiler Pro League Champions' Play-Offs,25/26,10,10,1,0,900,100.0,0,0,0,0,100.0,0,3.125,3.125
Belgium,Maxim De Cuyper,429915,Left-Back,Premier League,25/26,30,38,2,3,1414,44.73684210526316,2,0,0,0,41.345029239766085,0,9.615384615384617,10.204081632653061
Belgium,Maxim De Cuyper,429915,Left-Back,FA Cup,25/26,0,2,0,0,0,0.0,0,0,0,0,0.0,0,0.0,0.0
Belgium,Maxim De Cuyper,429915,Left-Back,EFL Cup,25/26,1,3,0,0,67,33.33333333333333,0,0,0,0,24.814814814814813,0,0.0,0.0
Belgium,Joaquin Seys,981196,Left-Back,Jupiler Pro League,25/26,29,30,1,3,2115,83.33333333333334,3,0,0,0,78.33333333333333,0,6.779661016949152,6.779661016949152
Belgium,Joaquin Seys,981196,Left-Back,UEFA Champions League,25/26,9,10,0,2,700,80.0,1,0,0,0,77.77777777777779,0,10.526315789473683,10.526315789473683
Belgium,Joaquin Seys,981196,Left-Back,Champions League Qu.,25/26,4,4,3,1,314,100.0,0,0,0,0,87.22222222222223,0,30.76923076923077,30.76923076923077
Belgium,Joaquin Seys,981196,Left-Back,Volkswagen Supercup,25/26,1,1,0,0,80,100.0,1,0,0,0,88.88888888888889,0,0.0,0.0
Belgium,Joaquin Seys,981196,Left-Back,Croky Cup,25/26,2,3,0,0,157,66.66666666666666,0,0,0,0,58.14814814814815,0,0.0,0.0
Belgium,Joaquin Seys,981196,Left-Back,Jupiler Pro League Champions' Play-Offs,25/26,10,10,1,2,865,100.0,0,0,0,0,96.11111111111111,0,9.375,9.375
Belgium,Timothy Castagne,262226,Right-Back,Premier League,25/26,30,38,0,0,1842,52.63157894736842,4,0,0,0,53.85964912280702,0,0.0,0.0
Belgium,Timothy Castagne,262226,Right-Back,FA Cup,25/26,3,3,0,0,270,100.0,1,0,0,0,100.0,0,0.0,0.0
Belgium,Timothy Castagne,262226,Right-Back,EFL Cup,25/26,3,4,0,1,250,75.0,1,0,0,0,69.44444444444444,0,10.0,20.0
Belgium,Thomas Meunier,100986,Right-Back,Ligue 1,25/26,25,34,2,2,1910,61.76470588235294,3,0,0,0,62.41830065359477,0,7.6923076923076925,8.88888888888889
Belgium,Thomas Meunier,100986,Right-Back,Europa League,25/26,8,12,0,1,481,41.66666666666667,0,0,0,0,43.333333333333336,0,7.142857142857142,11.11111111111111
Belgium,Thomas Meunier,100986,Right-Back,Coupe de France,25/26,2,2,0,0,158,100.0,0,0,0,0,87.77777777777777,0,0.0,0.0
Belgium,Amadou Onana,485706,Defensive Midfield,Premier League,25/26,25,38,2,0,1764,55.26315789473685,3,0,0,0,51.578947368421055,0,3.571428571428571,5.0
Belgium,Amadou Onana,485706,Defensive Midfield,Europa League,25/26,12,15,0,0,783,66.66666666666666,1,0,0,0,57.99999999999999,0,0.0,0.0
Belgium,Amadou Onana,485706,Defensive Midfield,FA Cup,25/26,1,2,0,0,90,50.0,0,0,0,0,50.0,0,0.0,0.0
Belgium,Nicolas Raskin,422763,Defensive Midfield,Premiership,25/26,31,33,5,7,2620,87.87878787878788,7,0,0,0,88.21548821548821,0,18.181818181818183,18.181818181818183
Belgium,Nicolas Raskin,422763,Defensive Midfield,Europa League,25/26,8,8,0,1,691,100.0,1,0,0,0,95.97222222222223,0,20.0,20.0
Belgium,Nicolas Raskin,422763,Defensive Midfield,Champions League Qu.,25/26,6,6,0,1,431,66.66666666666666,2,0,0,0,79.81481481481481,0,12.5,12.5
Belgium,Nicolas Raskin,422763,Defensive Midfield,Scottish Premiership Top Six Split,25/26,2,5,1,0,165,40.0,0,0,0,0,36.666666666666664,0,10.0,33.33333333333333
Belgium,Nicolas Raskin,422763,Defensive Midfield,SFA Cup,25/26,1,3,0,0,120,33.33333333333333,0,0,0,0,40.0,0,0.0,0.0
Belgium,Nicolas Raskin,422763,Defensive Midfield,League Cup,25/26,2,3,1,0,177,66.66666666666666,1,0,0,0,59.0,0,14.285714285714285,33.33333333333333
Belgium,Axel Witsel,35047,Defensive Midfield,LaLiga,25/26,32,38,1,2,2533,78.94736842105263,0,0,0,0,74.06432748538012,1,7.6923076923076925,9.090909090909092
Belgium,Youri Tielemans,249565,Central Midfield,Premier League,25/26,25,38,0,4,1863,55.26315789473685,0,0,0,0,54.473684210526315,0,7.142857142857142,9.523809523809524
Belgium,Youri Tielemans,249565,Central Midfield,Europa League,25/26,9,15,2,3,642,46.666666666666664,2,0,0,0,47.55555555555556,0,16.129032258064516,23.809523809523807
Belgium,Youri Tielemans,249565,Central Midfield,FA Cup,25/26,1,2,0,0,81,0.0,0,0,0,0,45.0,0,0.0,0.0
Belgium,Alexis Saelemaekers,381950,Right Midfield,Serie A,25/26,35,38,3,4,2802,86.8421052631579,5,0,0,0,81.9298245614035,0,13.20754716981132,15.217391304347828
Belgium,Alexis Saelemaekers,381950,Right Midfield,Supercoppa Italiana,25/26,1,1,0,0,69,100.0,0,0,0,0,76.66666666666667,0,0.0,0.0
Belgium,Alexis Saelemaekers,381950,Right Midfield,Italy Cup,25/26,3,3,0,1,206,100.0,0,0,0,0,76.29629629629629,0,20.0,20.0
Belgium,Diego Moreira,655006,Left Midfield,Ligue 1,25/26,27,34,4,7,2045,67.64705882352942,4,0,0,0,66.83006535947712,0,18.96551724137931,22.0
Belgium,Diego Moreira,655006,Left Midfield,Conference League,25/26,10,12,0,1,514,33.33333333333333,4,0,0,0,47.592592592592595,0,5.555555555555555,6.666666666666667
Belgium,Diego Moreira,655006,Left Midfield,UECL Qualifying,25/26,1,2,0,1,88,50.0,1,0,0,0,48.888888888888886,0,33.33333333333333,33.33333333333333
Belgium,Diego Moreira,655006,Left Midfield,Coupe de France,25/26,4,5,1,0,285,80.0,1,0,0,0,63.33333333333333,0,7.6923076923076925,9.090909090909092
Belgium,Charles De Ketelaere,435772,Attacking Midfield,Serie A,25/26,31,38,3,5,2190,68.42105263157895,4,0,0,0,64.03508771929825,0,15.686274509803921,19.51219512195122
Belgium,Charles De Ketelaere,435772,Attacking Midfield,UEFA Champions League,25/26,8,12,2,2,585,58.333333333333336,0,0,0,0,54.166666666666664,0,25.0,44.44444444444444
Belgium,Charles De Ketelaere,435772,Attacking Midfield,Italy Cup,25/26,3,4,0,0,264,75.0,0,0,0,0,67.6923076923077,0,0.0,0.0
Belgium,Kevin De Bruyne,88755,Attacking Midfield,Serie A,25/26,18,38,5,2,1169,34.21052631578947,1,0,0,0,34.1812865497076,0,12.068965517241379,23.333333333333332
Belgium,Kevin De Bruyne,88755,Attacking Midfield,UEFA Champions League,25/26,3,8,0,2,191,37.5,0,0,0,0,26.52777777777778,0,22.22222222222222,50.0
Belgium,Hans Vanaken,137576,Attacking Midfield,Jupiler Pro League,25/26,29,30,4,1,2565,96.66666666666667,2,0,0,0,95.0,0,8.47457627118644,9.090909090909092
Belgium,Hans Vanaken,137576,Attacking Midfield,UEFA Champions League,25/26,10,10,2,3,900,100.0,2,0,0,0,100.0,0,26.31578947368421,26.31578947368421
Belgium,Hans Vanaken,137576,Attacking Midfield,Champions League Qu.,25/26,4,4,2,1,360,100.0,0,0,0,0,100.0,0,23.076923076923077,23.076923076923077
Belgium,Hans Vanaken,137576,Attacking Midfield,Volkswagen Supercup,25/26,1,1,1,0,90,100.0,0,0,0,0,100.0,0,50.0,50.0
Belgium,Hans Vanaken,137576,Attacking Midfield,Croky Cup,25/26,3,3,0,0,225,100.0,0,0,0,0,83.33333333333334,0,0.0,0.0
Belgium,Hans Vanaken,137576,Attacking Midfield,Jupiler Pro League Champions' Play-Offs,25/26,10,10,3,2,801,90.0,0,0,0,0,89.0,0,15.625,15.625
Belgium,Jérémy Doku,486049,Left Winger,Premier League,25/26,30,38,5,7,1786,50.0,0,0,0,0,52.22222222222223,0,15.584415584415584,20.0
Belgium,Jérémy Doku,486049,Left Winger,UEFA Champions League,25/26,9,10,1,3,630,80.0,0,0,0,0,70.0,0,25.0,25.0
Belgium,Jérémy Doku,486049,Left Winger,FA Cup,25/26,5,6,1,4,289,50.0,0,0,0,0,53.51851851851852,0,22.727272727272727,25.0
Belgium,Jérémy Doku,486049,Left Winger,EFL Cup,25/26,3,6,1,0,257,50.0,0,0,0,0,47.592592592592595,0,7.142857142857142,14.285714285714285
Belgium,Leandro Trossard,144028,Left Winger,Premier League,25/26,31,38,6,6,2009,55.26315789473685,2,0,0,0,58.74269005847953,0,16.901408450704224,18.75
Belgium,Leandro Trossard,144028,Left Winger,UEFA Champions League,25/26,11,15,1,5,631,53.333333333333336,0,0,0,0,45.72463768115942,0,18.181818181818183,23.076923076923077
Belgium,Leandro Trossard,144028,Left Winger,FA Cup,25/26,2,4,0,0,66,25.0,0,0,0,0,18.333333333333332,0,0.0,0.0
Belgium,Leandro Trossard,144028,Left Winger,EFL Cup,25/26,6,6,1,0,217,33.33333333333333,1,0,0,0,40.18518518518518,0,5.88235294117647,11.11111111111111
Belgium,Dodi Lukébakio,303259,Right Winger,Liga Portugal,25/26,17,31,0,5,745,25.806451612903224,1,0,0,0,26.70250896057348,0,7.352941176470589,11.627906976744185
Belgium,Dodi Lukébakio,303259,Right Winger,UEFA Champions League,25/26,4,10,0,0,266,30.0,2,0,0,0,29.555555555555557,0,0.0,0.0
Belgium,Dodi Lukébakio,303259,Right Winger,Allianz Cup,25/26,1,2,1,0,85,50.0,0,0,0,0,47.22222222222222,0,25.0,33.33333333333333
Belgium,Dodi Lukébakio,303259,Right Winger,Taça de Portugal,25/26,1,4,0,0,75,25.0,0,0,0,0,20.833333333333336,0,0.0,0.0
Belgium,Dodi Lukébakio,303259,Right Winger,LaLiga,25/26,2,3,1,0,180,66.66666666666666,0,0,0,0,66.66666666666666,0,20.0,33.33333333333333
Belgium,Matias Fernandez-Pardo,724129,Centre-Forward,Ligue 1,25/26,29,34,8,5,2382,79.41176470588235,5,0,0,0,77.84313725490196,0,25.0,29.545454545454547
Belgium,Matias Fernandez-Pardo,724129,Centre-Forward,Europa League,25/26,11,12,0,2,629,41.66666666666667,1,0,0,0,56.666666666666664,0,14.285714285714285,14.285714285714285
Belgium,Matias Fernandez-Pardo,724129,Centre-Forward,Coupe de France,25/26,1,2,0,0,90,50.0,0,0,0,0,50.0,0,0.0,0.0
Belgium,Romelu Lukaku,96341,Centre-Forward,Serie A,25/26,5,38,1,0,40,0.0,1,0,0,0,1.1695906432748537,0,1.7241379310344827,6.666666666666667
Belgium,Romelu Lukaku,96341,Centre-Forward,UEFA Champions League,25/26,1,8,0,0,8,0.0,0,0,0,0,1.1111111111111112,0,0.0,0.0
Belgium,Romelu Lukaku,96341,Centre-Forward,Supercoppa Italiana,25/26,0,2,0,0,0,0.0,0,0,0,0,0.0,0,0.0,0.0
Belgium,Romelu Lukaku,96341,Centre-Forward,Italy Cup,25/26,1,2,0,0,16,0.0,0,0,0,0,8.88888888888889,0,0.0,0.0
Bosnia & Herzegovina,Nikola Vasilj,248454,Goalkeeper,Bundesliga,25/26,34,34,0,0,3060,100.0,0,0,5,60,100.0,0,0.0,0.0
Bosnia & Herzegovina,Nikola Vasilj,248454,Goalkeeper,DFB-Pokal,25/26,2,4,0,0,210,50.0,0,0,1,1,50.0,0,0.0,0.0
Bosnia & Herzegovina,Martin Zlomislic,495320,Goalkeeper,SuperSport HNL,25/26,33,36,0,0,2970,91.66666666666666,1,0,11,36,91.66666666666666,0,0.0,0.0
Bosnia & Herzegovina,Martin Zlomislic,495320,Goalkeeper,Conference League,25/26,10,10,0,0,900,100.0,0,0,5,6,100.0,0,0.0,0.0
Bosnia & Herzegovina,Martin Zlomislic,495320,Goalkeeper,Champions League Qu.,25/26,2,2,0,0,210,100.0,0,0,1,3,100.0,0,0.0,0.0
Bosnia & Herzegovina,Martin Zlomislic,495320,Goalkeeper,Europa League Qualifying,25/26,4,4,0,0,360,100.0,0,0,1,8,100.0,0,0.0,0.0
Bosnia & Herzegovina,Martin Zlomislic,495320,Goalkeeper,Hrvatski nogometni kup,25/26,4,5,0,0,329,80.0,0,0,1,5,73.11111111111111,0,0.0,0.0
Bosnia & Herzegovina,Mladen Jurkas,952692,Goalkeeper,Premijer Liga BiH,25/26,31,36,0,0,2790,86.11111111111111,3,0,16,19,86.11111111111111,0,0.0,0.0
Bosnia & Herzegovina,Mladen Jurkas,952692,Goalkeeper,UECL Qualifying,25/26,1,2,0,0,90,50.0,0,0,0,4,50.0,0,0.0,0.0
Bosnia & Herzegovina,Tarik Muharemović,679423,Centre-Back,Serie A,25/26,32,38,2,2,2835,84.21052631578947,7,0,0,0,82.89473684210526,0,8.695652173913043,9.30232558139535
Bosnia & Herzegovina,Tarik Muharemović,679423,Centre-Back,Italy Cup,25/26,1,2,0,0,90,50.0,0,0,0,0,50.0,0,0.0,0.0
Bosnia & Herzegovina,Sead Kolasinac,94005,Centre-Back,Serie A,25/26,19,38,0,0,1219,39.473684210526315,3,0,0,0,35.643274853801174,0,0.0,0.0
Bosnia & Herzegovina,Sead Kolasinac,94005,Centre-Back,UEFA Champions League,25/26,6,12,0,0,381,41.66666666666667,0,0,0,0,35.27777777777778,0,0.0,0.0
Bosnia & Herzegovina,Sead Kolasinac,94005,Centre-Back,Italy Cup,25/26,3,4,0,0,207,75.0,1,0,0,0,53.07692307692308,0,0.0,0.0
Bosnia & Herzegovina,Stjepan Radeljic,384568,Centre-Back,SuperSport HNL,25/26,25,36,2,1,1978,61.111111111111114,8,0,0,0,61.04938271604938,0,6.122448979591836,7.6923076923076925
Bosnia & Herzegovina,Stjepan Radeljic,384568,Centre-Back,Conference League,25/26,7,10,0,3,623,70.0,2,0,0,0,69.22222222222221,0,27.27272727272727,37.5
Bosnia & Herzegovina,Stjepan Radeljic,384568,Centre-Back,Champions League Qu.,25/26,2,2,0,0,210,100.0,0,0,0,0,100.0,0,0.0,0.0
Bosnia & Herzegovina,Stjepan Radeljic,384568,Centre-Back,Europa League Qualifying,25/26,4,4,0,0,360,100.0,0,0,0,0,100.0,0,0.0,0.0
Bosnia & Herzegovina,Stjepan Radeljic,384568,Centre-Back,Hrvatski nogometni kup,25/26,4,5,0,0,336,80.0,1,0,0,0,74.66666666666667,0,0.0,0.0
Bosnia & Herzegovina,Nikola Katic,422051,Centre-Back,2. Bundesliga,25/26,26,34,1,3,2268,73.52941176470588,5,0,0,0,74.11764705882354,1,8.0,10.526315789473683
Bosnia & Herzegovina,Nikola Katic,422051,Centre-Back,DFB-Pokal,25/26,2,2,0,1,183,100.0,1,0,0,0,87.14285714285714,0,100.0,100.0
Bosnia & Herzegovina,Nihad Mujakic,380919,Centre-Back,Süper Lig,25/26,27,34,0,1,2203,70.58823529411765,4,0,0,0,71.99346405228758,0,3.4482758620689653,7.142857142857142
Bosnia & Herzegovina,Nihad Mujakic,380919,Centre-Back,Türkiye Kupasi,25/26,2,3,0,0,180,66.66666666666666,0,0,0,0,66.66666666666666,0,0.0,0.0
Bosnia & Herzegovina,Dennis Hadzikadunic,322065,Centre-Back,Serie B,25/26,28,36,0,1,2213,69.44444444444444,4,0,0,0,68.30246913580247,0,2.941176470588235,3.3333333333333335
Bosnia & Herzegovina,Amar Dedić,519184,Right-Back,Liga Portugal,25/26,24,34,1,5,1903,61.76470588235294,3,1,0,0,62.189542483660134,1,8.108108108108109,10.526315789473683
Bosnia & Herzegovina,Amar Dedić,519184,Right-Back,UEFA Champions League,25/26,10,10,0,0,804,90.0,1,0,0,0,89.33333333333333,0,0.0,0.0
Bosnia & Herzegovina,Amar Dedić,519184,Right-Back,Champions League Qu.,25/26,4,4,0,0,360,100.0,0,0,0,0,100.0,0,0.0,0.0
Bosnia & Herzegovina,Amar Dedić,519184,Right-Back,Allianz Cup,25/26,1,2,0,0,90,50.0,0,0,0,0,50.0,0,0.0,0.0
Bosnia & Herzegovina,Amar Dedić,519184,Right-Back,Taça de Portugal,25/26,3,4,0,0,270,75.0,2,0,0,0,75.0,0,0.0,0.0
Bosnia & Herzegovina,Amar Dedić,519184,Right-Back,Portuguese Supercup,25/26,1,1,0,0,88,100.0,1,0,0,0,97.77777777777777,0,0.0,0.0
Bosnia & Herzegovina,Arjan Malic,805534,Right-Back,Bundesliga,25/26,18,32,1,0,1041,34.375,2,0,0,0,36.145833333333336,0,1.9607843137254901,2.7027027027027026
Bosnia & Herzegovina,Arjan Malic,805534,Right-Back,Europa League,25/26,5,8,0,0,370,50.0,3,0,0,0,51.388888888888886,0,0.0,0.0
Bosnia & Herzegovina,Arjan Malic,805534,Right-Back,Champions League Qu.,25/26,2,2,0,0,95,50.0,1,0,0,0,52.77777777777778,0,0.0,0.0
Bosnia & Herzegovina,Arjan Malic,805534,Right-Back,ÖFB-Cup,25/26,3,4,0,0,119,0.0,1,0,0,0,28.333333333333332,0,0.0,0.0
Bosnia & Herzegovina,Amir Hadziahmetovic,293213,Defensive Midfield,Championship,25/26,37,42,0,3,2127,61.904761904761905,1,0,0,0,56.26984126984127,0,4.615384615384616,5.0
Bosnia & Herzegovina,Amir Hadziahmetovic,293213,Defensive Midfield,FA Cup,25/26,2,2,0,0,184,100.0,0,0,0,0,87.61904761904762,0,0.0,0.0
Bosnia & Herzegovina,Amir Hadziahmetovic,293213,Defensive Midfield,Championship Play-Offs,25/26,0,3,0,0,0,0.0,0,0,0,0,0.0,0,0.0,0.0
Bosnia & Herzegovina,Amir Hadziahmetovic,293213,Defensive Midfield,Europa League Qualifying,25/26,1,2,0,0,45,0.0,0,0,0,0,25.0,0,0.0,0.0
Bosnia & Herzegovina,Amir Hadziahmetovic,293213,Defensive Midfield,UECL Qualifying,25/26,1,4,0,0,1,0.0,0,0,0,0,0.2777777777777778,0,0.0,0.0
Bosnia & Herzegovina,Amir Hadziahmetovic,293213,Defensive Midfield,Süper Lig,25/26,0,2,0,0,0,0.0,0,0,0,0,0.0,0,0.0,0.0
Bosnia & Herzegovina,Ivan Šunjić,226097,Defensive Midfield,Cyprus League,25/26,29,36,4,3,2451,80.55555555555556,10,0,0,0,75.64814814814815,0,10.606060606060606,11.666666666666666
Bosnia & Herzegovina,Ivan Šunjić,226097,Defensive Midfield,UEFA Champions League,25/26,7,8,0,0,630,87.5,3,0,0,0,87.5,0,0.0,0.0
Bosnia & Herzegovina,Ivan Šunjić,226097,Defensive Midfield,Champions League Qu.,25/26,6,6,0,0,540,100.0,1,0,0,0,100.0,0,0.0,0.0
Bosnia & Herzegovina,Ivan Šunjić,226097,Defensive Midfield,Kypello Kyprou,25/26,4,5,0,0,315,60.0,0,0,0,0,70.0,0,0.0,0.0
Bosnia & Herzegovina,Dzenis Burnic,251295,Defensive Midfield,2. Bundesliga,25/26,32,34,1,2,2086,70.58823529411765,9,0,0,0,68.16993464052288,0,5.660377358490567,6.0
Bosnia & Herzegovina,Dzenis Burnic,251295,Defensive Midfield,DFB-Pokal,25/26,1,2,0,0,30,0.0,0,0,0,0,16.666666666666664,0,0.0,0.0
Bosnia & Herzegovina,Benjamin Tahirović,787907,Central Midfield,Superliga,25/26,20,22,1,1,1040,54.54545454545454,3,0,0,0,52.52525252525253,0,6.451612903225806,6.896551724137931
Bosnia & Herzegovina,Benjamin Tahirović,787907,Central Midfield,UECL Qualifying,25/26,6,6,0,0,332,66.66666666666666,1,0,0,0,61.48148148148148,0,0.0,0.0
Bosnia & Herzegovina,Benjamin Tahirović,787907,Central Midfield,Superliga Championship round,25/26,5,10,0,0,160,10.0,2,0,0,0,17.77777777777778,0,0.0,0.0
Bosnia & Herzegovina,Benjamin Tahirović,787907,Central Midfield,Oddset Pokalen,25/26,1,2,0,0,76,50.0,0,0,0,0,36.19047619047619,0,0.0,0.0
Bosnia & Herzegovina,Armin Gigovic,651269,Central Midfield,Super League,25/26,31,34,1,5,2117,76.47058823529412,3,0,0,0,69.18300653594771,1,8.0,8.695652173913043
Bosnia & Herzegovina,Armin Gigovic,651269,Central Midfield,Europa League,25/26,6,8,1,0,329,62.5,0,1,0,0,45.69444444444444,0,10.0,12.5
Bosnia & Herzegovina,Armin Gigovic,651269,Central Midfield,Europa League Qualifying,25/26,2,2,2,0,168,100.0,0,0,0,0,93.33333333333333,0,50.0,50.0
Bosnia & Herzegovina,Armin Gigovic,651269,Central Midfield,Swiss Cup,25/26,2,2,0,0,122,50.0,0,0,0,0,67.77777777777779,0,0.0,0.0
Bosnia & Herzegovina,Armin Gigovic,651269,Central Midfield,2. Bundesliga,25/26,1,2,1,0,87,50.0,0,0,0,0,48.333333333333336,0,100.0,100.0
Bosnia & Herzegovina,Ivan Basic,620560,Central Midfield,Premier Liga,2026,10,13,1,2,890,76.92307692307693,2,1,0,0,76.06837606837607,0,15.789473684210526,23.076923076923077
Bosnia & Herzegovina,Ivan Basic,620560,Central Midfield,UECL Qualifying,25/26,4,4,2,1,360,100.0,2,0,0,0,100.0,0,75.0,75.0
Bosnia & Herzegovina,Ivan Basic,620560,Central Midfield,Kazakhstan Cup,2026,0,2,0,0,0,0.0,0,0,0,0,0.0,0,0.0,0.0
Bosnia & Herzegovina,Amar Memić,638990,Right Midfield,Chance Liga,25/26,27,30,3,8,2091,73.33333333333333,3,0,0,0,77.44444444444444,0,22.0,24.444444444444443
Bosnia & Herzegovina,Amar Memić,638990,Right Midfield,Europa League,25/26,10,10,0,1,903,100.0,1,0,0,0,97.09677419354838,0,7.142857142857142,9.090909090909092
Bosnia & Herzegovina,Amar Memić,638990,Right Midfield,Champions League Qu.,25/26,4,4,0,1,251,75.0,0,0,0,0,69.72222222222221,0,20.0,20.0
Bosnia & Herzegovina,Amar Memić,638990,Right Midfield,Chance Liga Champion Gr.,25/26,3,5,0,0,254,60.0,1,0,0,0,56.44444444444444,0,0.0,0.0
Bosnia & Herzegovina,Amar Memić,638990,Right Midfield,MOL Cup,25/26,0,3,0,0,0,0.0,0,0,0,0,0.0,0,0.0,0.0
Bosnia & Herzegovina,Ermin Mahmic,803049,Attacking Midfield,Chance Liga,25/26,25,30,6,3,1310,56.666666666666664,4,0,0,0,48.51851851851852,0,20.930232558139537,21.428571428571427
Bosnia & Herzegovina,Ermin Mahmic,803049,Attacking Midfield,Chance Liga Champion Gr.,25/26,3,5,1,0,242,60.0,2,0,0,0,53.77777777777778,0,50.0,100.0
Bosnia & Herzegovina,Ermin Mahmic,803049,Attacking Midfield,MOL Cup,25/26,2,2,1,1,164,50.0,0,0,0,0,78.0952380952381,0,16.666666666666664,28.57142857142857
Bosnia & Herzegovina,Ermin Mahmic,803049,Attacking Midfield,CFL,25/26,1,1,0,1,73,100.0,0,0,0,0,81.11111111111111,0,50.0,50.0
Bosnia & Herzegovina,Kerim Alajbegovic,929994,Left Winger,Bundesliga,25/26,28,32,9,3,1913,68.75,4,0,0,0,66.42361111111111,0,21.428571428571427,23.076923076923077
Bosnia & Herzegovina,Kerim Alajbegovic,929994,Left Winger,Europa League,25/26,7,8,2,1,395,50.0,0,0,0,0,54.861111111111114,0,30.0,37.5
Bosnia & Herzegovina,Kerim Alajbegovic,929994,Left Winger,Champions League Qu.,25/26,4,4,0,0,41,0.0,0,0,0,0,11.38888888888889,0,0.0,0.0
Bosnia & Herzegovina,Kerim Alajbegovic,929994,Left Winger,ÖFB-Cup,25/26,5,5,2,0,333,80.0,0,0,0,0,69.375,0,18.181818181818183,18.181818181818183
Bosnia & Herzegovina,Esmir Bajraktarevic,925862,Right Winger,Eredivisie,25/26,28,34,4,5,1062,23.52941176470588,0,0,0,0,34.705882352941174,0,8.91089108910891,9.375
Bosnia & Herzegovina,Esmir Bajraktarevic,925862,Right Winger,UEFA Champions League,25/26,4,8,0,0,69,0.0,0,0,0,0,9.583333333333334,0,0.0,0.0
Bosnia & Herzegovina,Esmir Bajraktarevic,925862,Right Winger,KNVB Beker,25/26,4,4,3,0,285,75.0,0,0,0,0,79.16666666666666,0,23.076923076923077,23.076923076923077
Bosnia & Herzegovina,Esmir Bajraktarevic,925862,Right Winger,Keuken Kampioen Divisie,25/26,1,1,0,0,60,100.0,0,0,0,0,66.66666666666666,0,0.0,0.0
Bosnia & Herzegovina,Esmir Bajraktarevic,925862,Right Winger,Premier League Int. Cup U21,25/26,1,1,0,0,45,100.0,0,0,0,0,50.0,0,0.0,0.0
Bosnia & Herzegovina,Ermedin Demirovic,335457,Centre-Forward,Bundesliga,25/26,25,34,12,4,1498,50.0,5,0,0,0,48.95424836601307,0,22.535211267605636,29.629629629629626
Bosnia & Herzegovina,Ermedin Demirovic,335457,Centre-Forward,Europa League,25/26,8,12,1,0,547,50.0,2,0,0,0,50.64814814814815,0,5.0,10.0
Bosnia & Herzegovina,Ermedin Demirovic,335457,Centre-Forward,DFL-Supercup,25/26,1,1,0,0,19,0.0,0,0,0,0,21.11111111111111,0,0.0,0.0
Bosnia & Herzegovina,Ermedin Demirovic,335457,Centre-Forward,DFB-Pokal,25/26,4,6,2,1,303,50.0,0,0,0,0,50.5,0,14.285714285714285,33.33333333333333
Bosnia & Herzegovina,Haris Tabakovic,203123,Centre-Forward,Bundesliga,25/26,32,34,13,2,2396,82.35294117647058,5,0,0,0,78.30065359477125,0,35.714285714285715,36.58536585365854
Bosnia & Herzegovina,Haris Tabakovic,203123,Centre-Forward,DFB-Pokal,25/26,3,3,2,1,266,100.0,0,0,0,0,98.51851851851852,0,42.857142857142854,42.857142857142854
Bosnia & Herzegovina,Jovo Lukić,457738,Centre-Forward,SuperLiga,25/26,25,30,15,2,1969,73.33333333333333,5,0,0,0,72.92592592592592,0,35.41666666666667,41.46341463414634
Bosnia & Herzegovina,Jovo Lukić,457738,Centre-Forward,UECL Qualifying,25/26,2,2,1,0,130,50.0,0,0,0,0,61.904761904761905,0,100.0,100.0
Bosnia & Herzegovina,Jovo Lukić,457738,Centre-Forward,SuperLiga - Championship group,25/26,7,10,3,0,536,60.0,3,0,0,0,59.55555555555555,0,23.076923076923077,27.27272727272727
Bosnia & Herzegovina,Jovo Lukić,457738,Centre-Forward,Romanian Cup,25/26,5,6,1,1,448,83.33333333333334,1,0,0,0,74.66666666666667,0,10.526315789473683,28.57142857142857
Bosnia & Herzegovina,Samed Bazdar,710969,Centre-Forward,Ekstraklasa,25/26,15,17,3,0,397,17.647058823529413,0,0,0,0,25.947712418300657,0,11.11111111111111,11.11111111111111
Bosnia & Herzegovina,Samed Bazdar,710969,Centre-Forward,Conference League,25/26,2,2,0,0,143,50.0,1,0,0,0,68.0952380952381,0,0.0,0.0
Bosnia & Herzegovina,Samed Bazdar,710969,Centre-Forward,Copa del Rey,25/26,1,2,0,1,45,50.0,1,0,0,0,21.428571428571427,0,33.33333333333333,33.33333333333333
Bosnia & Herzegovina,Samed Bazdar,710969,Centre-Forward,LaLiga2,25/26,8,23,1,0,222,8.695652173913043,0,0,0,0,10.72463768115942,0,4.761904761904762,11.11111111111111
Bosnia & Herzegovina,Samed Bazdar,710969,Centre-Forward,Betclic 3 Liga - Group I,25/26,1,1,2,1,68,100.0,0,0,0,0,75.55555555555556,0,60.0,60.0
Bosnia & Herzegovina,Edin Dzeko,28396,Centre-Forward,2. Bundesliga,25/26,11,16,6,3,599,37.5,0,1,0,0,41.59722222222222,0,32.142857142857146,52.94117647058824
Bosnia & Herzegovina,Edin Dzeko,28396,Centre-Forward,Serie A,25/26,11,21,0,0,236,9.523809523809524,1,0,0,0,12.486772486772486,0,0.0,0.0
Bosnia & Herzegovina,Edin Dzeko,28396,Centre-Forward,Conference League,25/26,5,6,1,0,376,83.33333333333334,0,0,0,0,69.62962962962963,0,12.5,12.5
Bosnia & Herzegovina,Edin Dzeko,28396,Centre-Forward,UECL Qualifying,25/26,2,2,1,0,110,50.0,0,0,0,0,61.111111111111114,0,16.666666666666664,16.666666666666664
Brazil,Alisson,105470,Goalkeeper,Premier League,25/26,26,38,0,0,2340,68.42105263157895,1,0,8,31,68.42105263157895,0,0.0,0.0
Brazil,Alisson,105470,Goalkeeper,UEFA Champions League,25/26,6,12,0,0,506,50.0,0,0,4,3,46.85185185185185,0,0.0,0.0
Brazil,Alisson,105470,Goalkeeper,Community Shield,25/26,1,1,0,0,90,100.0,0,0,0,2,100.0,0,0.0,0.0
Brazil,Alisson,105470,Goalkeeper,FA Cup,25/26,2,4,0,0,180,50.0,0,0,1,1,50.0,0,0.0,0.0
Brazil,Ederson,238223,Goalkeeper,Süper Lig,25/26,24,31,0,0,2132,77.41935483870968,6,0,8,24,76.415770609319,1,0.0,0.0
Brazil,Ederson,238223,Goalkeeper,Europa League,25/26,9,10,0,0,810,90.0,1,0,3,10,90.0,0,0.0,0.0
Brazil,Ederson,238223,Goalkeeper,Türkiye Kupasi,25/26,1,5,0,0,120,20.0,0,0,0,1,25.0,0,0.0,0.0
Brazil,Ederson,238223,Goalkeeper,TFF Süper Kupa,25/26,2,2,0,0,180,100.0,0,0,2,0,100.0,0,0.0,0.0
Brazil,Ederson,238223,Goalkeeper,Premier League,25/26,0,3,0,0,0,0.0,0,0,0,0,0.0,0,0.0,0.0
Brazil,Weverton,69400,Goalkeeper,Série A,2026,17,18,0,1,1530,94.44444444444444,1,0,5,20,94.44444444444444,0,5.0,5.263157894736842
Brazil,Weverton,69400,Goalkeeper,Copa do Brasil,2026,2,2,0,0,180,100.0,0,0,2,0,100.0,0,0.0,0.0
Brazil,Weverton,69400,Goalkeeper,Copa Sudamericana,2026,6,6,0,0,540,100.0,0,0,4,3,100.0,0,0.0,0.0
Brazil,Weverton,69400,Goalkeeper,Campeonato Gaúcho,2026,7,10,0,0,630,70.0,1,0,3,7,70.0,0,0.0,0.0
Brazil,Weverton,69400,Goalkeeper,Campeonato Paulista,2026,0,2,0,0,0,0.0,0,0,0,0,0.0,0,0.0,0.0
Brazil,Gabriel,435338,Centre-Back,Premier League,25/26,32,38,3,4,2751,78.94736842105263,4,0,0,0,80.43859649122807,0,9.859154929577464,11.666666666666666
Brazil,Gabriel,435338,Centre-Back,UEFA Champions League,25/26,12,15,1,1,1002,73.33333333333333,1,0,0,0,72.60869565217392,0,6.0606060606060606,8.333333333333332
Brazil,Gabriel,435338,Centre-Back,FA Cup,25/26,2,4,0,0,148,50.0,0,0,0,0,41.11111111111111,0,0.0,0.0
Brazil,Gabriel,435338,Centre-Back,EFL Cup,25/26,5,6,0,0,309,50.0,0,0,0,0,57.22222222222222,0,0.0,0.0
Brazil,Bremer,516716,Centre-Back,Serie A,25/26,26,38,4,3,2175,65.78947368421053,5,0,0,0,63.59649122807017,0,11.475409836065573,14.000000000000002
Brazil,Bremer,516716,Centre-Back,UEFA Champions League,25/26,4,10,0,0,304,40.0,0,0,0,0,32.68817204301075,0,0.0,0.0
Brazil,Bremer,516716,Centre-Back,Italy Cup,25/26,1,2,0,0,90,50.0,0,0,0,0,50.0,0,0.0,0.0
Brazil,Marquinhos,181767,Centre-Back,Ligue 1,25/26,14,34,0,0,1049,32.35294117647059,0,0,0,0,34.28104575163399,0,0.0,0.0
Brazil,Marquinhos,181767,Centre-Back,UEFA Champions League,25/26,15,17,2,0,1320,88.23529411764706,2,0,0,0,84.61538461538461,0,4.081632653061225,4.651162790697675
Brazil,Marquinhos,181767,Centre-Back,UEFA Super Cup,25/26,1,1,0,0,90,100.0,0,0,0,0,100.0,0,0.0,0.0
Brazil,Marquinhos,181767,Centre-Back,FIFA Intercontinental Cup,25/26,1,1,0,0,120,100.0,0,0,0,0,100.0,0,0.0,0.0
Brazil,Marquinhos,181767,Centre-Back,Coupe de France,25/26,0,2,0,0,0,0.0,0,0,0,0,0.0,0,0.0,0.0
Brazil,Marquinhos,181767,Centre-Back,Trophée des Champions,25/26,1,1,0,0,90,100.0,0,0,0,0,100.0,0,0.0,0.0
Brazil,Roger Ibañez,524481,Centre-Back,Saudi Pro League,25/26,28,34,2,3,2426,82.35294117647058,3,1,0,0,79.28104575163398,1,7.042253521126761,8.333333333333332
Brazil,Roger Ibañez,524481,Centre-Back,FIFA Intercontinental Cup,25/26,1,1,0,0,90,100.0,0,0,0,0,100.0,0,0.0,0.0
Brazil,Roger Ibañez,524481,Centre-Back,AFC Champions League,25/26,11,12,1,0,1005,91.66666666666666,2,0,0,0,88.1578947368421,0,3.7037037037037033,4.3478260869565215
Brazil,Roger Ibañez,524481,Centre-Back,King's Cup,25/26,4,4,0,1,420,100.0,2,0,0,0,100.0,0,5.263157894736842,8.333333333333332
Brazil,Roger Ibañez,524481,Centre-Back,Saudi Super Cup,25/26,2,2,1,0,180,100.0,0,0,0,0,100.0,0,8.333333333333332,14.285714285714285
Brazil,Léo Pereira,288431,Centre-Back,Série A,2026,14,17,1,0,1231,82.35294117647058,6,0,0,0,80.45751633986929,0,3.225806451612903,3.7037037037037033
Brazil,Léo Pereira,288431,Centre-Back,FIFA Intercontinental Cup,25/26,3,3,1,0,300,100.0,0,0,0,0,100.0,0,16.666666666666664,20.0
Brazil,Léo Pereira,288431,Centre-Back,Copa do Brasil,2026,1,2,0,0,90,50.0,0,0,0,0,50.0,0,0.0,0.0
Brazil,Léo Pereira,288431,Centre-Back,Supercopa Rei,2026,1,1,0,0,90,100.0,0,0,0,0,100.0,0,0.0,0.0
Brazil,Léo Pereira,288431,Centre-Back,Libertadores,2026,3,6,0,0,270,50.0,0,0,0,0,50.0,0,0.0,0.0
Brazil,Léo Pereira,288431,Centre-Back,Campeonato Carioca,2026,3,10,0,0,181,20.0,0,0,0,0,20.11111111111111,0,0.0,0.0
Brazil,Léo Pereira,288431,Centre-Back,Recopa Sudamericana,2026,2,2,0,0,210,100.0,0,0,0,0,100.0,0,0.0,0.0
Brazil,Danilo,145707,Centre-Back,Série A,2026,4,17,0,0,204,11.76470588235294,0,0,0,0,13.333333333333334,1,0.0,0.0
Brazil,Danilo,145707,Centre-Back,FIFA Intercontinental Cup,25/26,1,3,1,0,90,33.33333333333333,0,0,0,0,30.0,0,16.666666666666664,20.0
Brazil,Danilo,145707,Centre-Back,Copa do Brasil,2026,2,2,0,0,180,100.0,1,0,0,0,100.0,0,0.0,0.0
Brazil,Danilo,145707,Centre-Back,Supercopa Rei,2026,0,1,0,0,0,0.0,0,0,0,0,0.0,0,0.0,0.0
Brazil,Danilo,145707,Centre-Back,Libertadores,2026,4,6,0,0,360,66.66666666666666,0,0,0,0,66.66666666666666,0,0.0,0.0
Brazil,Danilo,145707,Centre-Back,Campeonato Carioca,2026,3,10,0,0,270,30.0,0,0,0,0,30.0,0,0.0,0.0
Brazil,Danilo,145707,Centre-Back,Recopa Sudamericana,2026,1,2,0,0,92,50.0,0,0,0,0,43.80952380952381,0,0.0,0.0
Brazil,Douglas Santos,220793,Left-Back,Premier Liga,25/26,23,30,1,2,1922,73.33333333333333,1,0,0,0,71.18518518518519,1,5.660377358490567,7.6923076923076925
Brazil,Douglas Santos,220793,Left-Back,Russian Cup,25/26,2,11,1,0,154,18.181818181818183,0,0,0,0,15.555555555555555,0,3.4482758620689653,11.11111111111111
Brazil,Alex Sandro,79960,Left-Back,Série A,2026,13,17,0,0,1068,76.47058823529412,3,0,0,0,69.80392156862744,0,0.0,0.0
Brazil,Alex Sandro,79960,Left-Back,FIFA Intercontinental Cup,25/26,3,3,0,0,270,100.0,2,0,0,0,90.0,0,0.0,0.0
Brazil,Alex Sandro,79960,Left-Back,Copa do Brasil,2026,2,2,0,0,90,50.0,0,0,0,0,50.0,0,0.0,0.0
Brazil,Alex Sandro,79960,Left-Back,Supercopa Rei,2026,1,1,0,0,81,100.0,0,0,0,0,90.0,0,0.0,0.0
Brazil,Alex Sandro,79960,Left-Back,Libertadores,2026,1,6,0,0,90,16.666666666666664,0,0,0,0,16.666666666666664,0,0.0,0.0
Brazil,Alex Sandro,79960,Left-Back,Campeonato Carioca,2026,4,10,0,1,280,30.0,0,0,0,0,31.11111111111111,0,3.4482758620689653,6.666666666666667
Brazil,Alex Sandro,79960,Left-Back,Recopa Sudamericana,2026,1,2,0,0,90,50.0,0,0,0,0,42.857142857142854,0,0.0,0.0
Brazil,Fabinho,225693,Defensive Midfield,Saudi Pro League,25/26,30,34,1,3,2642,88.23529411764706,5,1,0,0,86.33986928104575,1,7.2727272727272725,7.4074074074074066
Brazil,Fabinho,225693,Defensive Midfield,AFC Champions League,25/26,10,10,2,1,874,100.0,2,0,0,0,93.97849462365592,0,13.043478260869565,13.043478260869565
Brazil,Fabinho,225693,Defensive Midfield,King's Cup,25/26,3,4,0,0,300,75.0,2,0,0,0,76.92307692307693,0,0.0,0.0
Brazil,Fabinho,225693,Defensive Midfield,Saudi Super Cup,25/26,1,1,0,0,90,100.0,1,0,0,0,100.0,0,0.0,0.0
Brazil,Casemiro,16306,Defensive Midfield,Premier League,25/26,34,38,9,2,2589,86.8421052631579,9,0,0,0,75.70175438596492,1,15.942028985507244,17.1875
Brazil,Casemiro,16306,Defensive Midfield,FA Cup,25/26,1,1,0,0,11,0.0,0,0,0,0,12.222222222222221,0,0.0,0.0
Brazil,Casemiro,16306,Defensive Midfield,EFL Cup,25/26,0,1,0,0,0,0.0,0,0,0,0,0.0,0,0.0,0.0
Brazil,Bruno Guimarães,520624,Central Midfield,Premier League,25/26,29,38,9,6,2460,71.05263157894737,6,0,0,0,71.9298245614035,0,28.30188679245283,34.090909090909086
Brazil,Bruno Guimarães,520624,Central Midfield,UEFA Champions League,25/26,7,12,0,0,544,58.333333333333336,1,0,0,0,50.37037037037037,0,0.0,0.0
Brazil,Bruno Guimarães,520624,Central Midfield,FA Cup,25/26,1,3,0,0,41,0.0,1,0,0,0,13.666666666666666,0,0.0,0.0
Brazil,Bruno Guimarães,520624,Central Midfield,EFL Cup,25/26,4,5,0,2,277,60.0,1,0,0,0,61.55555555555555,0,22.22222222222222,25.0
Brazil,Éderson,607854,Central Midfield,Serie A,25/26,30,38,2,1,2235,68.42105263157895,3,0,0,0,65.35087719298247,0,5.88235294117647,7.5
Brazil,Éderson,607854,Central Midfield,UEFA Champions League,25/26,9,12,1,1,724,75.0,1,0,0,0,67.03703703703704,0,12.5,13.333333333333334
Brazil,Éderson,607854,Central Midfield,Italy Cup,25/26,2,4,0,0,210,50.0,0,0,0,0,53.84615384615385,0,0.0,0.0
Brazil,Danilo,808509,Central Midfield,Série A,2026,12,17,7,2,1071,70.58823529411765,1,0,0,0,70.0,0,29.03225806451613,40.909090909090914
Brazil,Danilo,808509,Central Midfield,Copa do Brasil,2026,2,2,0,0,180,100.0,0,0,0,0,100.0,0,0.0,0.0
Brazil,Danilo,808509,Central Midfield,Libertadores,2026,3,4,1,1,270,75.0,0,0,0,0,75.0,0,66.66666666666666,66.66666666666666
Brazil,Danilo,808509,Central Midfield,Campeonato Carioca,2026,4,7,0,0,256,42.857142857142854,0,0,0,0,40.63492063492063,0,0.0,0.0
Brazil,Danilo,808509,Central Midfield,Carioca - Taça Rio,2026,0,3,0,0,0,0.0,0,0,0,0,0.0,0,0.0,0.0
Brazil,Danilo,808509,Central Midfield,Copa Sudamericana,2026,3,6,2,0,213,33.33333333333333,0,0,0,0,39.44444444444444,0,13.333333333333334,22.22222222222222
Brazil,Lucas Paquetá,444523,Attacking Midfield,Série A,2026,12,17,3,0,819,58.82352941176471,2,0,0,0,53.529411764705884,0,9.67741935483871,15.0
Brazil,Lucas Paquetá,444523,Attacking Midfield,Supercopa Rei,2026,1,1,0,0,32,0.0,0,0,0,0,35.55555555555556,0,0.0,0.0
Brazil,Lucas Paquetá,444523,Attacking Midfield,Libertadores,2026,4,6,2,0,212,33.33333333333333,0,0,0,0,39.25925925925926,0,14.285714285714285,20.0
Brazil,Lucas Paquetá,444523,Attacking Midfield,Campeonato Carioca,2026,5,5,3,0,306,60.0,0,0,0,0,68.0,0,12.0,15.0
Brazil,Lucas Paquetá,444523,Attacking Midfield,Recopa Sudamericana,2026,2,2,0,0,146,50.0,1,0,0,0,69.52380952380952,0,0.0,0.0
Brazil,Lucas Paquetá,444523,Attacking Midfield,Premier League,25/26,18,23,4,1,1522,78.26086956521739,5,0,0,0,73.52657004830918,1,18.51851851851852,26.31578947368421
Brazil,Lucas Paquetá,444523,Attacking Midfield,EFL Cup,25/26,1,1,1,0,90,100.0,0,0,0,0,100.0,0,50.0,50.0
Brazil,Neymar,68290,Attacking Midfield,Série A,2026,8,18,4,2,686,44.44444444444444,5,0,0,0,42.34567901234568,0,23.076923076923077,54.54545454545454
Brazil,Neymar,68290,Attacking Midfield,Copa do Brasil,2026,2,2,0,1,174,100.0,1,0,0,0,96.66666666666667,0,50.0,50.0
Brazil,Neymar,68290,Attacking Midfield,Campeonato Paulista,2026,2,9,0,1,135,11.11111111111111,0,0,0,0,16.666666666666664,0,7.6923076923076925,14.285714285714285
Brazil,Neymar,68290,Attacking Midfield,Copa Sudamericana,2026,3,6,2,0,270,50.0,1,0,0,0,50.0,0,25.0,66.66666666666666
Brazil,Vinicius Junior,371998,Left Winger,LaLiga,25/26,36,38,16,6,2825,84.21052631578947,8,0,0,0,82.60233918128655,0,28.57142857142857,30.985915492957744
Brazil,Vinicius Junior,371998,Left Winger,UEFA Champions League,25/26,14,14,5,8,1171,92.85714285714286,2,0,0,0,92.93650793650794,0,39.39393939393939,39.39393939393939
Brazil,Vinicius Junior,371998,Left Winger,Copa del Rey,25/26,1,2,0,0,90,50.0,0,0,0,0,50.0,0,0.0,0.0
Brazil,Vinicius Junior,371998,Left Winger,Supercopa,25/26,2,2,1,0,163,100.0,1,0,0,0,90.55555555555556,0,25.0,25.0
Brazil,Raphinha,411295,Left Winger,LaLiga,25/26,22,38,13,3,1389,47.368421052631575,5,0,0,0,40.614035087719294,0,16.842105263157894,23.52941176470588
Brazil,Raphinha,411295,Left Winger,UEFA Champions League,25/26,7,12,3,3,544,50.0,0,0,0,0,50.37037037037037,0,18.75,30.0
Brazil,Raphinha,411295,Left Winger,Copa del Rey,25/26,2,5,1,1,113,20.0,0,0,0,0,25.11111111111111,0,22.22222222222222,28.57142857142857
Brazil,Raphinha,411295,Left Winger,Supercopa,25/26,2,2,4,1,148,100.0,0,0,0,0,82.22222222222221,0,62.5,62.5
Brazil,Gabriel Martinelli,655488,Left Winger,Premier League,25/26,30,38,1,4,1073,28.947368421052634,3,0,0,0,31.374269005847953,0,7.042253521126761,7.462686567164178
Brazil,Gabriel Martinelli,655488,Left Winger,UEFA Champions League,25/26,14,15,6,2,698,46.666666666666664,1,0,0,0,50.57971014492754,0,24.242424242424242,29.629629629629626
Brazil,Gabriel Martinelli,655488,Left Winger,FA Cup,25/26,4,4,4,1,352,100.0,1,0,0,0,97.77777777777777,0,45.45454545454545,45.45454545454545
Brazil,Gabriel Martinelli,655488,Left Winger,EFL Cup,25/26,5,6,0,0,261,50.0,0,0,0,0,48.333333333333336,0,0.0,0.0
Brazil,Rayan,1012564,Right Winger,Premier League,25/26,15,15,5,2,1120,86.66666666666667,1,0,0,0,82.96296296296296,0,35.0,35.0
Brazil,Rayan,1012564,Right Winger,Campeonato Carioca,2026,1,4,2,0,85,25.0,0,0,0,0,23.61111111111111,0,28.57142857142857,50.0
Brazil,Luiz Henrique,800175,Right Winger,Premier Liga,25/26,28,30,6,4,2038,80.0,2,0,0,0,75.48148148148148,0,18.867924528301888,20.0
Brazil,Luiz Henrique,800175,Right Winger,Russian Cup,25/26,6,11,0,0,408,45.45454545454545,1,0,0,0,41.21212121212121,0,0.0,0.0
Brazil,Matheus Cunha,517894,Centre-Forward,Premier League,25/26,33,38,10,4,2503,76.31578947368422,4,0,0,0,73.18713450292398,0,20.28985507246377,21.53846153846154
Brazil,Matheus Cunha,517894,Centre-Forward,FA Cup,25/26,1,1,0,0,90,100.0,0,0,0,0,100.0,0,0.0,0.0
Brazil,Matheus Cunha,517894,Centre-Forward,EFL Cup,25/26,1,1,0,0,90,100.0,0,0,0,0,100.0,0,0.0,0.0
Brazil,Igor Thiago,739443,Centre-Forward,Premier League,25/26,38,38,22,1,3287,97.36842105263158,7,0,0,0,96.11111111111111,0,41.81818181818181,41.81818181818181
Brazil,Igor Thiago,739443,Centre-Forward,FA Cup,25/26,1,3,2,0,120,33.33333333333333,0,0,0,0,40.0,0,25.0,100.0
Brazil,Igor Thiago,739443,Centre-Forward,EFL Cup,25/26,1,4,1,0,30,0.0,1,0,0,0,8.333333333333332,0,8.333333333333332,14.285714285714285
Brazil,Endrick,971570,Centre-Forward,Ligue 1,25/26,16,18,5,7,1224,77.77777777777779,3,0,0,0,75.55555555555556,1,38.70967741935484,46.15384615384615
Brazil,Endrick,971570,Centre-Forward,Europa League,25/26,2,4,1,0,157,50.0,0,0,0,0,43.611111111111114,0,16.666666666666664,100.0
Brazil,Endrick,971570,Centre-Forward,Coupe de France,25/26,3,3,2,1,252,100.0,1,0,0,0,93.33333333333333,0,30.0,50.0
Brazil,Endrick,971570,Centre-Forward,UEFA Champions League,25/26,1,6,0,0,11,0.0,0,0,0,0,2.037037037037037,0,0.0,0.0
Brazil,Endrick,971570,Centre-Forward,LaLiga,25/26,1,18,0,0,11,0.0,0,1,0,0,0.6790123456790124,0,0.0,0.0
Brazil,Endrick,971570,Centre-Forward,Copa del Rey,25/26,1,1,0,0,77,100.0,0,0,0,0,85.55555555555556,0,0.0,0.0
Cabo Verde,CJ dos Santos,532096,Goalkeeper,MLS,2026,2,15,0,0,180,13.333333333333334,0,0,0,5,13.333333333333334,0,0.0,0.0
Cabo Verde,CJ dos Santos,532096,Goalkeeper,CONCACAF Champions Cup,25/26,0,4,0,0,0,0.0,0,0,0,0,0.0,0,0.0,0.0
Cabo Verde,Márcio Rosa,398048,Goalkeeper,efbet Liga,25/26,15,30,0,0,1350,50.0,3,0,3,22,50.0,0,0.0,0.0
Cabo Verde,Márcio Rosa,398048,Goalkeeper,Efbet liga - Relegation gr.,25/26,4,7,0,0,360,57.14285714285714,1,0,1,5,57.14285714285714,0,0.0,0.0
Cabo Verde,Márcio Rosa,398048,Goalkeeper,Bulgarian Cup,25/26,1,2,0,0,90,50.0,0,0,0,1,50.0,0,0.0,0.0
Cabo Verde,Vozinha,242277,Goalkeeper,Liga Portugal 2,25/26,19,34,0,0,1710,55.88235294117647,0,0,6,23,55.88235294117647,0,0.0,0.0
Cabo Verde,Vozinha,242277,Goalkeeper,Taça de Portugal,25/26,0,2,0,0,0,0.0,0,0,0,0,0.0,0,0.0,0.0
Cabo Verde,Logan Costa,484988,Centre-Back,LaLiga,25/26,2,38,0,0,28,0.0,0,0,0,0,0.8187134502923977,0,0.0,0.0
Cabo Verde,Diney Borges,349570,Centre-Back,UAE Pro League,25/26,25,26,2,0,2250,96.15384615384616,6,0,0,0,96.15384615384616,0,8.333333333333332,8.695652173913043
Cabo Verde,Diney Borges,349570,Centre-Back,UAE President's Cup,25/26,1,1,0,0,120,100.0,0,0,0,0,100.0,0,0.0,0.0
Cabo Verde,Diney Borges,349570,Centre-Back,UAE League Cup,25/26,0,2,0,0,0,0.0,0,0,0,0,0.0,0,0.0,0.0
Cabo Verde,Kelvin Pires,662119,Centre-Back,Veikkausliiga,2026,7,10,1,0,630,70.0,4,0,0,0,70.0,0,9.090909090909092,16.666666666666664
Cabo Verde,Kelvin Pires,662119,Centre-Back,Liigacup,2026,5,5,0,0,330,80.0,3,0,0,0,73.33333333333333,0,0.0,0.0
Cabo Verde,Roberto Lopes,166158,Centre-Back,Premier Division,2026,13,21,3,0,1124,61.904761904761905,2,0,0,0,59.470899470899475,1,9.375,15.0
Cabo Verde,Roberto Lopes,166158,Centre-Back,Conference League,25/26,6,6,0,0,540,100.0,2,0,0,0,100.0,0,0.0,0.0
Cabo Verde,Roberto Lopes,166158,Centre-Back,UECL Qualifying,25/26,6,6,0,0,495,100.0,0,0,0,0,91.66666666666666,0,0.0,0.0
Cabo Verde,Roberto Lopes,166158,Centre-Back,President's Cup,2026,1,1,0,0,90,100.0,0,0,0,0,100.0,0,0.0,0.0
Cabo Verde,Stopira,80486,Centre-Back,Liga Portugal 2,25/26,31,34,2,0,2715,91.17647058823529,1,1,0,0,88.72549019607843,0,4.3478260869565215,4.761904761904762
Cabo Verde,Stopira,80486,Centre-Back,Taça de Portugal,25/26,8,8,2,0,631,75.0,4,0,0,0,80.8974358974359,0,10.0,13.333333333333334
Cabo Verde,Stopira,80486,Centre-Back,Liga Portugal - Play-Off,25/26,2,2,0,0,180,100.0,0,0,0,0,100.0,0,0.0,0.0
Cabo Verde,Sidny Lopes Cabral,611855,Left-Back,Liga Portugal,25/26,23,34,6,6,1680,52.94117647058824,4,0,0,0,54.90196078431373,0,19.672131147540984,50.0
Cabo Verde,Sidny Lopes Cabral,611855,Left-Back,UEFA Champions League,25/26,2,4,0,0,11,0.0,0,0,0,0,3.0555555555555554,0,0.0,0.0
Cabo Verde,Sidny Lopes Cabral,611855,Left-Back,Allianz Cup,25/26,1,1,0,0,26,0.0,0,0,0,0,28.888888888888886,0,0.0,0.0
Cabo Verde,Sidny Lopes Cabral,611855,Left-Back,Taça de Portugal,25/26,2,2,0,0,116,50.0,1,0,0,0,64.44444444444444,0,0.0,0.0
Cabo Verde,Wagner Pina,1072017,Right-Back,Süper Lig,25/26,31,34,0,7,2444,82.35294117647058,4,1,0,0,79.86928104575163,0,11.475409836065573,12.5
Cabo Verde,Wagner Pina,1072017,Right-Back,Türkiye Kupasi,25/26,8,8,0,2,600,75.0,2,0,0,0,80.0,0,9.090909090909092,10.526315789473683
Cabo Verde,Wagner Pina,1072017,Right-Back,TFF Süper Kupa,25/26,1,1,0,0,88,100.0,0,0,0,0,97.77777777777777,0,0.0,0.0
Cabo Verde,Steven Moreira,203517,Right-Back,MLS,2026,14,15,0,0,1136,86.66666666666667,1,0,0,0,84.14814814814815,0,0.0,0.0
Cabo Verde,Steven Moreira,203517,Right-Back,US Open Cup,2026,1,3,0,0,75,33.33333333333333,0,0,0,0,27.77777777777778,0,0.0,0.0
Cabo Verde,Kevin Lenini,544586,Defensive Midfield,Premier Liga,25/26,27,30,1,0,1195,36.666666666666664,5,0,0,0,44.25925925925926,0,1.6666666666666667,1.7241379310344827
Cabo Verde,Kevin Lenini,544586,Defensive Midfield,Russian Cup,25/26,12,13,1,0,827,84.61538461538461,4,0,0,0,70.68376068376068,0,2.5,3.7037037037037033
Cabo Verde,Kevin Lenini,544586,Defensive Midfield,Russian Super Cup,25/26,1,1,0,0,24,0.0,0,0,0,0,26.666666666666668,0,0.0,0.0
Cabo Verde,Laros Duarte,258513,Defensive Midfield,NB I.,25/26,30,33,0,6,2469,84.84848484848484,5,0,0,0,83.13131313131314,0,13.953488372093023,15.0
Cabo Verde,Laros Duarte,258513,Defensive Midfield,UECL Qualifying,25/26,2,2,0,0,164,100.0,1,0,0,0,91.11111111111111,0,0.0,0.0
Cabo Verde,Laros Duarte,258513,Defensive Midfield,Magyar Kupa,25/26,1,1,0,0,76,100.0,0,0,0,0,84.44444444444444,0,0.0,0.0
Cabo Verde,João Paulo,623965,Defensive Midfield,SuperLiga,25/26,26,30,1,3,2003,70.0,3,0,0,0,74.18518518518519,0,8.0,26.666666666666668
Cabo Verde,João Paulo,623965,Defensive Midfield,Playoff Conference League,25/26,2,2,1,0,201,100.0,0,0,0,0,83.75,0,16.666666666666664,16.666666666666664
Cabo Verde,João Paulo,623965,Defensive Midfield,SuperLiga - Relegation group,25/26,8,9,1,0,598,77.77777777777779,0,0,0,0,73.82716049382717,0,7.6923076923076925,7.6923076923076925
Cabo Verde,João Paulo,623965,Defensive Midfield,Romanian Cup,25/26,3,3,0,0,241,100.0,1,0,0,0,89.25925925925927,0,0.0,0.0
Cabo Verde,Deroy Duarte,432852,Central Midfield,efbet Liga,25/26,28,30,1,2,1987,73.33333333333333,3,0,0,0,73.59259259259258,0,5.263157894736842,5.555555555555555
Cabo Verde,Deroy Duarte,432852,Central Midfield,Europa League,25/26,9,10,0,0,781,90.0,0,0,0,0,86.77777777777777,0,0.0,0.0
Cabo Verde,Deroy Duarte,432852,Central Midfield,Champions League Qu.,25/26,5,6,0,0,158,16.666666666666664,1,0,0,0,26.333333333333332,0,0.0,0.0
Cabo Verde,Deroy Duarte,432852,Central Midfield,Europa League Qualifying,25/26,2,2,1,1,134,100.0,0,0,0,0,63.8095238095238,0,40.0,40.0
Cabo Verde,Deroy Duarte,432852,Central Midfield,UECL Playoffs Efbet Liga,25/26,1,1,0,0,98,100.0,0,0,0,0,81.66666666666667,0,0.0,0.0
Cabo Verde,Deroy Duarte,432852,Central Midfield,Efbet liga - Championship gr.,25/26,5,6,1,0,381,83.33333333333334,0,0,0,0,70.55555555555556,0,25.0,25.0
Cabo Verde,Deroy Duarte,432852,Central Midfield,Bulgarian Cup,25/26,5,5,0,0,381,80.0,0,0,0,0,84.66666666666667,0,0.0,0.0
Cabo Verde,Deroy Duarte,432852,Central Midfield,Bulgarian Super Cup,25/26,1,1,0,0,90,100.0,1,0,0,0,100.0,0,0.0,0.0
Cabo Verde,Jamiro Monteiro,272930,Central Midfield,Eredivisie,25/26,21,34,2,3,1276,50.0,0,1,0,0,41.69934640522876,0,11.363636363636363,17.24137931034483
Cabo Verde,Jamiro Monteiro,272930,Central Midfield,KNVB Beker,25/26,2,2,0,0,180,100.0,0,0,0,0,100.0,0,0.0,0.0
Cabo Verde,Yannick Semedo,620307,Central Midfield,Liga Portugal 2,25/26,29,34,0,3,2011,67.64705882352942,5,1,0,0,65.71895424836602,0,9.67741935483871,10.0
Cabo Verde,Yannick Semedo,620307,Central Midfield,Liga Portugal 2 - Play-Off,25/26,2,2,0,0,137,100.0,1,0,0,0,76.11111111111111,0,0.0,0.0
Cabo Verde,Yannick Semedo,620307,Central Midfield,Taça de Portugal,25/26,0,4,0,0,0,0.0,0,0,0,0,0.0,0,0.0,0.0
Cabo Verde,Hélio Varela,840836,Left Winger,Ligat ha'Al,25/26,21,25,2,2,1303,60.0,1,0,0,0,57.91111111111111,0,7.8431372549019605,9.523809523809524
Cabo Verde,Hélio Varela,840836,Left Winger,Europa League,25/26,8,8,0,0,369,50.0,0,0,0,0,51.24999999999999,0,0.0,0.0
Cabo Verde,Hélio Varela,840836,Left Winger,Gvia haMedina,25/26,4,5,3,1,321,80.0,0,0,0,0,66.875,0,19.047619047619047,25.0
Cabo Verde,Hélio Varela,840836,Left Winger,Ligat ha'Al -  Championship round,25/26,9,10,1,0,678,70.0,1,0,0,0,75.33333333333333,0,5.0,5.555555555555555
Cabo Verde,Hélio Varela,840836,Left Winger,Jupiler Pro League,25/26,3,5,0,0,163,40.0,0,0,0,0,36.22222222222222,0,0.0,0.0
Cabo Verde,Jovane Cabral,448466,Left Winger,Liga Portugal,25/26,27,34,7,1,1679,50.0,5,0,0,0,54.86928104575164,0,21.052631578947366,24.242424242424242
Cabo Verde,Willy Semedo,531450,Left Winger,Cyprus League,25/26,28,36,17,9,2212,75.0,5,0,0,0,68.27160493827161,0,29.545454545454547,35.61643835616438
Cabo Verde,Willy Semedo,531450,Left Winger,Conference League,25/26,8,8,1,0,539,75.0,1,0,0,0,74.86111111111111,0,16.666666666666664,16.666666666666664
Cabo Verde,Willy Semedo,531450,Left Winger,UECL Qualifying,25/26,6,6,4,1,483,100.0,1,0,0,0,84.73684210526315,0,23.809523809523807,31.25
Cabo Verde,Willy Semedo,531450,Left Winger,Kypello Kyprou,25/26,1,2,0,1,54,0.0,0,0,0,0,25.71428571428571,0,33.33333333333333,100.0
Cabo Verde,Ryan Mendes,111627,Left Winger,1.Lig,25/26,29,34,5,2,1872,61.76470588235294,3,1,0,0,61.1764705882353,0,14.893617021276595,17.94871794871795
Cabo Verde,Ryan Mendes,111627,Left Winger,Türkiye Kupasi,25/26,4,6,0,0,164,16.666666666666664,0,0,0,0,30.37037037037037,0,0.0,0.0
Cabo Verde,Ryan Mendes,111627,Left Winger,Süper Lig,25/26,4,4,0,0,273,100.0,0,0,0,0,75.83333333333333,0,0.0,0.0
Cabo Verde,Telmo Arcanjo,791528,Right Winger,Liga Portugal,25/26,29,34,1,0,1244,35.294117647058826,0,0,0,0,40.65359477124183,1,2.564102564102564,2.7027027027027026
Cabo Verde,Telmo Arcanjo,791528,Right Winger,Allianz Cup,25/26,3,3,0,0,144,66.66666666666666,0,0,0,0,53.333333333333336,0,0.0,0.0
Cabo Verde,Telmo Arcanjo,791528,Right Winger,Taça de Portugal,25/26,2,3,1,0,63,0.0,0,0,0,0,23.333333333333332,0,20.0,20.0
Cabo Verde,Garry Rodrigues,170895,Right Winger,Cyprus League,25/26,31,36,6,5,1907,66.66666666666666,5,0,0,0,58.858024691358025,0,21.153846153846153,24.444444444444443
Cabo Verde,Garry Rodrigues,170895,Right Winger,Kypello Kyprou,25/26,5,6,0,3,385,66.66666666666666,0,0,0,0,67.54385964912281,0,21.428571428571427,27.27272727272727
Cabo Verde,Benchimol,820252,Centre-Forward,Premier Liga,25/26,20,30,6,1,1061,36.666666666666664,3,0,0,0,39.2962962962963,0,20.0,24.137931034482758
Cabo Verde,Benchimol,820252,Centre-Forward,Relegation Premier Liga,25/26,2,2,2,0,113,100.0,0,0,0,0,62.77777777777778,0,100.0,100.0
Cabo Verde,Benchimol,820252,Centre-Forward,Russian Cup,25/26,4,6,4,0,305,66.66666666666666,0,0,0,0,56.481481481481474,0,36.36363636363637,80.0
Cabo Verde,Dailon Livramento,676411,Centre-Forward,Liga Portugal,25/26,24,30,0,1,940,33.33333333333333,2,0,0,0,34.81481481481482,0,3.4482758620689653,3.7037037037037033
Cabo Verde,Dailon Livramento,676411,Centre-Forward,Taça de Portugal,25/26,2,3,0,0,109,33.33333333333333,0,0,0,0,40.370370370370374,0,0.0,0.0
Cabo Verde,Dailon Livramento,676411,Centre-Forward,Liga Portugal - Play-Off,25/26,2,2,0,0,98,50.0,0,0,0,0,54.44444444444444,0,0.0,0.0
Cabo Verde,Dailon Livramento,676411,Centre-Forward,Serie A,25/26,0,2,0,0,0,0.0,0,0,0,0,0.0,0,0.0,0.0
Cabo Verde,Dailon Livramento,676411,Centre-Forward,Italy Cup,25/26,1,1,0,0,27,0.0,0,0,0,0,30.0,0,0.0,0.0
Cabo Verde,Nuno Da Costa,306166,Centre-Forward,Süper Lig,25/26,26,34,3,1,899,23.52941176470588,3,0,0,0,29.379084967320264,0,6.896551724137931,6.896551724137931
Cabo Verde,Nuno Da Costa,306166,Centre-Forward,UECL Qualifying,25/26,6,6,1,1,320,66.66666666666666,0,0,0,0,59.25925925925925,0,18.181818181818183,18.181818181818183
Cabo Verde,Nuno Da Costa,306166,Centre-Forward,Türkiye Kupasi,25/26,3,4,2,1,164,50.0,0,0,0,0,45.55555555555556,0,37.5,75.0
Canada,Dayne St. Clair,439750,Goalkeeper,MLS,2026,14,15,0,0,1260,93.33333333333333,3,0,2,28,93.33333333333333,0,0.0,0.0
Canada,Dayne St. Clair,439750,Goalkeeper,CONCACAF Champions Cup,25/26,2,2,0,0,180,100.0,0,0,1,1,100.0,0,0.0,0.0
Canada,Maxime Crépeau,189014,Goalkeeper,MLS,2026,14,15,0,0,1186,93.33333333333333,2,1,1,38,87.85185185185185,0,0.0,0.0
Canada,Maxime Crépeau,189014,Goalkeeper,US Open Cup,2026,0,3,0,0,0,0.0,0,0,0,0,0.0,0,0.0,0.0
Canada,Maxime Crépeau,189014,Goalkeeper,MLS Next Pro,2026,0,1,0,0,0,0.0,0,0,0,0,0.0,0,0.0,0.0
Canada,Owen Goodman,814848,Goalkeeper,League One,25/26,32,50,0,0,2826,64.0,1,1,5,47,62.8,0,0.0,0.0
Canada,Owen Goodman,814848,Goalkeeper,EFL Trophy,25/26,2,4,0,0,180,50.0,0,0,0,2,50.0,0,0.0,0.0
Canada,Owen Goodman,814848,Goalkeeper,FA Cup,25/26,0,1,0,0,0,0.0,0,0,0,0,0.0,0,0.0,0.0
Canada,Owen Goodman,814848,Goalkeeper,EFL Cup,25/26,0,3,0,0,0,0.0,0,0,0,0,0.0,0,0.0,0.0
Canada,Moïse Bombito,1089202,Centre-Back,Ligue 1,25/26,2,34,0,0,146,5.88235294117647,1,0,0,0,4.771241830065359,0,0.0,0.0
Canada,Moïse Bombito,1089202,Centre-Back,Europa League,25/26,0,8,0,0,0,0.0,0,0,0,0,0.0,0,0.0,0.0
Canada,Alfie Jones,340990,Centre-Back,Championship,25/26,22,46,1,1,1886,47.82608695652174,3,1,0,0,45.55555555555556,0,2.7777777777777777,6.451612903225806
Canada,Alfie Jones,340990,Centre-Back,EFL Cup,25/26,1,1,0,0,90,100.0,0,0,0,0,100.0,0,0.0,0.0
Canada,Derek Cornelius,328609,Centre-Back,Ligue 1,25/26,2,3,0,0,57,0.0,0,0,0,0,21.11111111111111,0,0.0,0.0
Canada,Derek Cornelius,328609,Centre-Back,Europa League,25/26,3,8,0,0,173,25.0,1,0,0,0,24.02777777777778,0,0.0,0.0
Canada,Derek Cornelius,328609,Centre-Back,Premiership,25/26,7,29,1,1,560,20.689655172413794,1,0,0,0,21.455938697318008,0,3.1746031746031744,16.666666666666664
Canada,Derek Cornelius,328609,Centre-Back,League Cup,25/26,2,2,0,0,210,100.0,1,0,0,0,100.0,0,0.0,0.0
Canada,Joel Waterman,441738,Centre-Back,MLS,2026,10,14,0,0,643,42.857142857142854,2,0,0,0,51.031746031746025,0,0.0,0.0
Canada,Joel Waterman,441738,Centre-Back,US Open Cup,2026,2,2,0,0,180,100.0,2,0,0,0,100.0,0,0.0,0.0
Canada,Luc De Fougerolles,921995,Centre-Back,Jupiler Pro League,25/26,23,29,0,1,1460,55.172413793103445,3,1,0,0,55.938697318007655,1,4.166666666666666,5.555555555555555
Canada,Luc De Fougerolles,921995,Centre-Back,Croky Cup,25/26,2,3,0,1,210,66.66666666666666,0,0,0,0,70.0,0,14.285714285714285,25.0
Canada,Luc De Fougerolles,921995,Centre-Back,JPL Relegation Play-Offs,25/26,4,6,0,0,195,33.33333333333333,1,0,0,0,36.11111111111111,0,0.0,0.0
Canada,Luc De Fougerolles,921995,Centre-Back,Jupiler Pro League Abstiegs-Playoffs,25/26,1,2,0,0,61,50.0,1,0,0,0,33.88888888888889,0,0.0,0.0
Canada,Alphonso Davies,424204,Left-Back,Bundesliga,25/26,13,34,1,3,523,17.647058823529413,1,0,0,0,17.091503267973856,0,3.278688524590164,9.090909090909092
Canada,Alphonso Davies,424204,Left-Back,UEFA Champions League,25/26,8,14,0,2,213,7.142857142857142,0,0,0,0,16.904761904761905,0,4.651162790697675,8.333333333333332
Canada,Alphonso Davies,424204,Left-Back,DFB-Pokal,25/26,2,6,0,0,106,16.666666666666664,0,0,0,0,19.62962962962963,0,0.0,0.0
Canada,Alistair Johnston,637446,Right-Back,Premiership,25/26,2,33,0,0,178,6.0606060606060606,0,0,0,0,5.993265993265993,0,0.0,0.0
Canada,Alistair Johnston,637446,Right-Back,Europa League,25/26,1,10,0,0,26,10.0,0,0,0,0,2.888888888888889,0,0.0,0.0
Canada,Alistair Johnston,637446,Right-Back,Champions League Qu.,25/26,1,2,0,0,35,50.0,0,0,0,0,16.666666666666664,0,0.0,0.0
Canada,Alistair Johnston,637446,Right-Back,Scottish Premiership Top Six Split,25/26,5,5,0,1,323,80.0,2,0,0,0,71.77777777777777,0,7.142857142857142,7.142857142857142
Canada,Alistair Johnston,637446,Right-Back,SFA Cup,25/26,1,5,0,1,90,20.0,0,0,0,0,16.666666666666664,0,5.88235294117647,33.33333333333333
Canada,Alistair Johnston,637446,Right-Back,League Cup,25/26,1,4,1,0,90,25.0,0,0,0,0,23.076923076923077,0,8.333333333333332,25.0
Canada,Richie Laryea,417348,Right-Back,MLS,2026,9,14,2,1,810,64.28571428571429,2,0,0,0,64.28571428571429,0,13.636363636363635,18.75
Canada,Niko Sigur,1045375,Defensive Midfield,SuperSport HNL,25/26,29,36,1,3,2227,66.66666666666666,4,1,0,0,68.73456790123457,0,6.557377049180328,8.333333333333332
Canada,Niko Sigur,1045375,Defensive Midfield,UECL Qualifying,25/26,4,4,0,0,153,25.0,0,0,0,0,36.42857142857142,0,0.0,0.0
Canada,Niko Sigur,1045375,Defensive Midfield,Hrvatski nogometni kup,25/26,2,3,0,0,148,66.66666666666666,0,0,0,0,49.333333333333336,0,0.0,0.0
Canada,Ismaël Koné,921655,Central Midfield,Serie A,25/26,35,38,6,0,2757,86.8421052631579,3,0,0,0,80.61403508771929,1,13.043478260869565,13.636363636363635
Canada,Ismaël Koné,921655,Central Midfield,Italy Cup,25/26,1,2,0,0,84,50.0,0,0,0,0,46.666666666666664,0,0.0,0.0
Canada,Nathan-Dylan Saliba,842420,Central Midfield,Jupiler Pro League,25/26,27,30,2,1,1751,70.0,10,0,0,0,64.85185185185185,1,6.976744186046512,7.6923076923076925
Canada,Nathan-Dylan Saliba,842420,Central Midfield,Europa League Qualifying,25/26,2,2,0,0,55,50.0,0,0,0,0,26.190476190476193,0,0.0,0.0
Canada,Nathan-Dylan Saliba,842420,Central Midfield,UECL Qualifying,25/26,3,4,1,0,127,25.0,1,0,0,0,35.27777777777778,0,20.0,20.0
Canada,Nathan-Dylan Saliba,842420,Central Midfield,Croky Cup,25/26,6,6,1,1,559,100.0,1,0,0,0,93.16666666666666,0,18.181818181818183,18.181818181818183
Canada,Nathan-Dylan Saliba,842420,Central Midfield,Jupiler Pro League Champions' Play-Offs,25/26,7,10,1,0,569,70.0,2,0,0,0,63.22222222222222,0,6.25,8.333333333333332
Canada,Stephen Eustaquio,512913,Central Midfield,MLS,2026,10,15,1,1,602,46.666666666666664,0,0,0,0,44.592592592592595,0,8.333333333333332,14.285714285714285
Canada,Stephen Eustaquio,512913,Central Midfield,CONCACAF Champions Cup,25/26,4,8,0,0,148,25.0,0,0,0,0,20.555555555555554,0,0.0,0.0
Canada,Stephen Eustaquio,512913,Central Midfield,Europa League,25/26,4,8,0,0,201,25.0,1,0,0,0,27.916666666666668,0,0.0,0.0
Canada,Stephen Eustaquio,512913,Central Midfield,Liga Portugal,25/26,8,20,0,0,182,0.0,0,0,0,0,10.11111111111111,0,0.0,0.0
Canada,Stephen Eustaquio,512913,Central Midfield,Allianz Cup,25/26,1,1,0,0,90,100.0,0,0,0,0,100.0,0,0.0,0.0
Canada,Stephen Eustaquio,512913,Central Midfield,Taça de Portugal,25/26,3,4,0,0,108,25.0,0,0,0,0,30.0,0,0.0,0.0
Canada,Jonathan Osorio,260807,Central Midfield,MLS,2026,14,14,0,3,1260,100.0,5,0,0,0,100.0,0,13.636363636363635,13.636363636363635
Canada,Jonathan Osorio,260807,Central Midfield,Canadian Championship,2026,1,1,0,0,45,100.0,0,0,0,0,50.0,0,0.0,0.0
Canada,Mathieu Choinière,589006,Central Midfield,MLS,2026,15,15,2,1,751,53.333333333333336,0,0,0,0,55.629629629629626,0,12.5,12.5
Canada,Mathieu Choinière,589006,Central Midfield,CONCACAF Champions Cup,25/26,8,8,0,2,614,87.5,0,0,0,0,85.27777777777777,0,12.5,12.5
Canada,Ali Ahmed,995642,Left Midfield,Championship,25/26,19,21,4,3,1312,76.19047619047619,1,0,0,0,69.41798941798942,0,20.0,21.21212121212121
Canada,Ali Ahmed,995642,Left Midfield,FA Cup,25/26,2,3,0,0,153,66.66666666666666,1,0,0,0,56.666666666666664,0,0.0,0.0
Canada,Liam Millar,487417,Left Winger,Championship,25/26,33,46,3,5,1848,47.82608695652174,3,0,0,0,44.63768115942029,0,11.428571428571429,16.0
Canada,Liam Millar,487417,Left Winger,FA Cup,25/26,2,2,0,0,154,100.0,0,0,0,0,73.33333333333333,0,0.0,0.0
Canada,Liam Millar,487417,Left Winger,Championship Play-Offs,25/26,3,3,0,0,210,100.0,0,0,0,0,77.77777777777779,0,0.0,0.0
Canada,Jacob Shaffelburg,637632,Left Winger,MLS,2026,6,15,0,2,224,13.333333333333334,0,0,0,0,16.59259259259259,0,8.333333333333332,18.181818181818183
Canada,Jacob Shaffelburg,637632,Left Winger,CONCACAF Champions Cup,25/26,4,8,0,0,178,25.0,1,0,0,0,24.72222222222222,0,0.0,0.0
Canada,Jayden Nelson,635445,Left Winger,MLS,2026,10,15,2,0,455,40.0,2,0,0,0,33.7037037037037,0,10.526315789473683,14.285714285714285
Canada,Jayden Nelson,635445,Left Winger,US Open Cup,2026,1,1,0,0,64,100.0,0,0,0,0,71.11111111111111,0,0.0,0.0
Canada,Tajon Buchanan,638793,Right Winger,LaLiga,25/26,34,38,7,1,1821,55.26315789473685,8,0,0,0,53.24561403508772,0,11.11111111111111,11.940298507462686
Canada,Tajon Buchanan,638793,Right Winger,UEFA Champions League,25/26,7,8,0,0,430,75.0,0,0,0,0,59.72222222222222,0,0.0,0.0
Canada,Tajon Buchanan,638793,Right Winger,Copa del Rey,25/26,2,3,0,0,80,0.0,1,0,0,0,26.666666666666668,0,0.0,0.0
Canada,Jonathan David,533738,Centre-Forward,Serie A,25/26,35,38,6,4,1784,52.63157894736842,0,0,0,0,52.16374269005848,0,16.39344262295082,16.39344262295082
Canada,Jonathan David,533738,Centre-Forward,UEFA Champions League,25/26,9,10,2,1,397,50.0,0,0,0,0,42.68817204301075,0,15.789473684210526,17.647058823529413
Canada,Jonathan David,533738,Centre-Forward,Italy Cup,25/26,2,2,0,0,148,100.0,0,0,0,0,82.22222222222221,0,0.0,0.0
Canada,Promise David,888785,Centre-Forward,Jupiler Pro League,25/26,24,30,9,2,1498,56.666666666666664,1,0,0,0,55.481481481481474,0,22.0,31.428571428571427
Canada,Promise David,888785,Centre-Forward,UEFA Champions League,25/26,7,8,2,0,369,62.5,3,0,0,0,51.24999999999999,0,25.0,28.57142857142857
Canada,Promise David,888785,Centre-Forward,Volkswagen Supercup,25/26,1,1,0,0,13,0.0,0,0,0,0,14.444444444444443,0,0.0,0.0
Canada,Promise David,888785,Centre-Forward,Croky Cup,25/26,5,6,4,1,272,50.0,0,0,0,0,47.719298245614034,0,35.714285714285715,45.45454545454545
Canada,Tani Oluwaseyi,972465,Centre-Forward,LaLiga,25/26,27,36,2,2,892,25.0,1,0,0,0,27.530864197530864,0,6.153846153846154,6.153846153846154
Canada,Tani Oluwaseyi,972465,Centre-Forward,UEFA Champions League,25/26,7,8,2,0,399,37.5,0,0,0,0,55.41666666666667,0,40.0,40.0
Canada,Tani Oluwaseyi,972465,Centre-Forward,Copa del Rey,25/26,3,3,3,0,244,66.66666666666666,0,0,0,0,81.33333333333333,0,23.076923076923077,37.5
Canada,Cyle Larin,343463,Centre-Forward,Championship,25/26,16,16,8,1,853,56.25,2,0,0,0,59.236111111111114,0,23.076923076923077,23.076923076923077
Canada,Cyle Larin,343463,Centre-Forward,FA Cup,25/26,4,4,1,0,204,50.0,0,0,0,0,52.307692307692314,0,16.666666666666664,16.666666666666664
Canada,Cyle Larin,343463,Centre-Forward,Championship Play-Offs,25/26,2,2,0,0,96,50.0,2,0,0,0,45.714285714285715,0,0.0,0.0
Canada,Cyle Larin,343463,Centre-Forward,Europa League,25/26,7,8,1,0,250,25.0,1,0,0,0,34.72222222222222,0,9.090909090909092,10.0
Canada,Cyle Larin,343463,Centre-Forward,Eredivisie,25/26,8,17,0,1,152,5.88235294117647,1,0,0,0,9.934640522875817,0,2.3255813953488373,3.571428571428571
Canada,Cyle Larin,343463,Centre-Forward,KNVB Beker,25/26,0,1,0,0,0,0.0,0,0,0,0,0.0,0,0.0,0.0
Colombia,Álvaro Montero,292985,Goalkeeper,Playoff Torneo Apertura,2026,1,1,0,0,90,100.0,0,0,0,1,100.0,0,0.0,0.0
Colombia,Álvaro Montero,292985,Goalkeeper,Copa Argentina,2026,0,2,0,0,0,0.0,0,0,0,0,0.0,0,0.0,0.0
Colombia,Álvaro Montero,292985,Goalkeeper,Torneo Apertura ,2026,16,16,0,0,1440,100.0,0,0,7,12,100.0,0,0.0,0.0
Colombia,Camilo Vargas,74113,Goalkeeper,Liga MX Apertura,25/26,15,17,0,1,1350,88.23529411764706,2,0,2,30,88.23529411764706,0,4.166666666666666,5.555555555555555
Colombia,Camilo Vargas,74113,Goalkeeper,Liga MX Clausura,25/26,16,17,0,0,1440,94.11764705882352,0,0,7,18,94.11764705882352,0,0.0,0.0
Colombia,Camilo Vargas,74113,Goalkeeper,Liguilla Clausura,25/26,2,2,0,0,180,100.0,0,0,0,4,100.0,0,0.0,0.0
Colombia,David Ospina,73396,Goalkeeper,Liga DIMAYOR I,2026,9,19,0,0,810,47.368421052631575,0,0,6,4,47.368421052631575,0,0.0,0.0
Colombia,David Ospina,73396,Goalkeeper,Copa Sudamericana,2026,1,1,0,0,90,100.0,1,0,0,3,100.0,0,0.0,0.0
Colombia,David Ospina,73396,Goalkeeper,Fase Final LBD I,2026,3,6,0,0,270,50.0,0,0,1,2,50.0,0,0.0,0.0
Colombia,Jhon Lucumí,413565,Centre-Back,Serie A,25/26,29,38,1,0,2287,68.42105263157895,5,0,0,0,66.87134502923978,0,2.0408163265306123,2.380952380952381
Colombia,Jhon Lucumí,413565,Centre-Back,Europa League,25/26,10,14,0,1,930,71.42857142857143,3,0,0,0,72.09302325581395,0,4.545454545454546,5.88235294117647
Colombia,Jhon Lucumí,413565,Centre-Back,Supercoppa Italiana,25/26,2,2,0,0,180,100.0,0,0,0,0,100.0,0,0.0,0.0
Colombia,Jhon Lucumí,413565,Centre-Back,Italy Cup,25/26,2,2,0,0,170,100.0,0,0,0,0,94.44444444444444,0,0.0,0.0
Colombia,Davinson Sánchez,341429,Centre-Back,Süper Lig,25/26,30,34,1,0,2425,85.29411764705883,6,1,0,0,79.24836601307189,0,1.2987012987012987,1.3333333333333335
Colombia,Davinson Sánchez,341429,Centre-Back,UEFA Champions League,25/26,11,12,1,0,1020,91.66666666666666,3,0,0,0,91.8918918918919,0,5.88235294117647,5.88235294117647
Colombia,Davinson Sánchez,341429,Centre-Back,Türkiye Kupasi,25/26,2,5,0,0,115,20.0,0,0,0,0,25.555555555555554,0,0.0,0.0
Colombia,Davinson Sánchez,341429,Centre-Back,TFF Süper Kupa,25/26,2,2,0,0,124,100.0,1,0,0,0,68.88888888888889,0,0.0,0.0
Colombia,Willer Ditta,609255,Centre-Back,Liga MX Apertura,25/26,17,17,0,0,1463,94.11764705882352,3,0,0,0,95.62091503267975,0,0.0,0.0
Colombia,Willer Ditta,609255,Centre-Back,FIFA Intercontinental Cup,25/26,1,1,0,0,90,100.0,1,0,0,0,100.0,0,0.0,0.0
Colombia,Willer Ditta,609255,Centre-Back,CONCACAF Champions Cup,25/26,5,6,0,0,405,83.33333333333334,2,0,0,0,75.0,0,0.0,0.0
Colombia,Willer Ditta,609255,Centre-Back,Liga MX Clausura,25/26,16,17,0,2,1440,94.11764705882352,6,0,0,0,94.11764705882352,0,6.451612903225806,6.666666666666667
Colombia,Willer Ditta,609255,Centre-Back,Liguilla Clausura,25/26,6,6,0,0,540,100.0,0,0,0,0,100.0,0,0.0,0.0
Colombia,Willer Ditta,609255,Centre-Back,Liguilla Apertura,25/26,4,4,0,0,360,100.0,1,0,0,0,100.0,0,0.0,0.0
Colombia,Yerry Mina,289446,Centre-Back,Serie A,25/26,26,38,2,0,2153,68.42105263157895,3,0,0,0,62.953216374269005,1,5.0,6.451612903225806
Colombia,Yerry Mina,289446,Centre-Back,Italy Cup,25/26,1,3,0,0,90,33.33333333333333,0,0,0,0,33.33333333333333,0,0.0,0.0
Colombia,Deiver Machado,332560,Left-Back,Ligue 1,25/26,19,34,0,1,1186,47.05882352941176,3,0,0,0,38.75816993464053,0,2.380952380952381,7.142857142857142
Colombia,Deiver Machado,332560,Left-Back,Coupe de France,25/26,2,2,0,0,123,50.0,1,0,0,0,68.33333333333333,0,0.0,0.0
Colombia,Johan Mojica,262939,Left-Back,LaLiga,25/26,35,38,0,4,2726,78.94736842105263,6,1,0,0,79.70760233918128,0,8.51063829787234,9.30232558139535
Colombia,Daniel Muñoz,493003,Right-Back,Premier League,25/26,29,38,4,3,2404,76.31578947368422,7,0,0,0,70.29239766081872,0,17.073170731707318,19.444444444444446
Colombia,Daniel Muñoz,493003,Right-Back,Conference League,25/26,12,15,1,1,1043,73.33333333333333,0,0,0,0,75.57971014492753,0,7.6923076923076925,9.523809523809524
Colombia,Daniel Muñoz,493003,Right-Back,UECL Qualifying,25/26,2,2,0,0,180,100.0,0,0,0,0,100.0,0,0.0,0.0
Colombia,Daniel Muñoz,493003,Right-Back,Community Shield,25/26,1,1,0,0,90,100.0,0,0,0,0,100.0,0,0.0,0.0
Colombia,Daniel Muñoz,493003,Right-Back,EFL Cup,25/26,2,3,0,0,164,66.66666666666666,0,0,0,0,60.74074074074074,0,0.0,0.0
Colombia,Santiago Arias,120443,Right-Back,Playoff Torneo Apertura,2026,1,1,0,0,90,100.0,0,0,0,0,100.0,0,0.0,0.0
Colombia,Santiago Arias,120443,Right-Back,Copa Argentina,2026,1,2,0,0,90,50.0,0,0,0,0,50.0,0,0.0,0.0
Colombia,Santiago Arias,120443,Right-Back,Torneo Apertura ,2026,12,15,0,2,823,53.333333333333336,1,0,0,0,60.96296296296296,0,8.695652173913043,9.090909090909092
Colombia,Richard Ríos,735573,Defensive Midfield,Liga Portugal,25/26,27,34,5,4,2284,76.47058823529412,9,0,0,0,74.640522875817,0,12.162162162162163,15.0
Colombia,Richard Ríos,735573,Defensive Midfield,UEFA Champions League,25/26,8,10,1,1,622,70.0,3,0,0,0,69.11111111111111,0,18.181818181818183,28.57142857142857
Colombia,Richard Ríos,735573,Defensive Midfield,Champions League Qu.,25/26,4,4,0,0,360,100.0,1,0,0,0,100.0,0,0.0,0.0
Colombia,Richard Ríos,735573,Defensive Midfield,Allianz Cup,25/26,2,2,0,1,103,50.0,1,0,0,0,57.22222222222222,0,25.0,25.0
Colombia,Richard Ríos,735573,Defensive Midfield,Taça de Portugal,25/26,3,4,2,0,178,50.0,2,0,0,0,49.44444444444444,0,33.33333333333333,50.0
Colombia,Richard Ríos,735573,Defensive Midfield,Portuguese Supercup,25/26,1,1,0,0,90,100.0,0,0,0,0,100.0,0,0.0,0.0
Colombia,Jefferson Lerma,262980,Defensive Midfield,Premier League,25/26,31,38,0,4,1724,47.368421052631575,7,0,0,0,50.4093567251462,0,9.75609756097561,10.256410256410255
Colombia,Jefferson Lerma,262980,Defensive Midfield,Conference League,25/26,11,15,0,0,504,26.666666666666668,0,0,0,0,36.52173913043478,0,0.0,0.0
Colombia,Jefferson Lerma,262980,Defensive Midfield,UECL Qualifying,25/26,2,2,0,0,180,100.0,0,0,0,0,100.0,0,0.0,0.0
Colombia,Jefferson Lerma,262980,Defensive Midfield,Community Shield,25/26,1,1,0,0,5,0.0,0,0,0,0,5.555555555555555,0,0.0,0.0
Colombia,Jefferson Lerma,262980,Defensive Midfield,EFL Cup,25/26,3,3,0,2,125,33.33333333333333,0,0,0,0,46.2962962962963,0,12.5,40.0
Colombia,Kevin Castaño,857948,Defensive Midfield,Playoff Torneo Apertura,2026,0,4,0,0,0,0.0,0,0,0,0,0.0,0,0.0,0.0
Colombia,Kevin Castaño,857948,Defensive Midfield,Copa Argentina,2026,0,1,0,0,0,0.0,0,0,0,0,0.0,0,0.0,0.0
Colombia,Kevin Castaño,857948,Defensive Midfield,Torneo Apertura ,2026,5,16,0,0,92,6.25,0,0,0,0,6.388888888888888,0,0.0,0.0
Colombia,Kevin Castaño,857948,Defensive Midfield,Copa Sudamericana,2026,2,6,0,0,128,33.33333333333333,1,0,0,0,23.703703703703706,0,0.0,0.0
Colombia,Gustavo Puerta,936981,Central Midfield,LaLiga2,25/26,32,39,3,1,2670,76.92307692307693,13,1,0,0,76.06837606837607,0,5.0,5.714285714285714
Colombia,Gustavo Puerta,936981,Central Midfield,Copa del Rey,25/26,1,4,0,0,45,0.0,1,0,0,0,11.538461538461538,0,0.0,0.0
Colombia,Juan Portilla,585747,Central Midfield,Série A,2026,15,18,0,0,799,61.111111111111114,3,0,0,0,49.32098765432099,0,0.0,0.0
Colombia,Juan Portilla,585747,Central Midfield,Copa do Brasil,2026,2,2,0,0,112,100.0,1,0,0,0,62.22222222222222,0,0.0,0.0
Colombia,Juan Portilla,585747,Central Midfield,Campeonato Paranaense,2026,2,10,0,0,110,10.0,0,0,0,0,12.222222222222221,0,0.0,0.0
Colombia,Jorge Carrascal,354145,Attacking Midfield,Série A,2026,13,17,2,1,618,35.294117647058826,1,2,0,0,40.3921568627451,0,9.67741935483871,15.0
Colombia,Jorge Carrascal,354145,Attacking Midfield,FIFA Intercontinental Cup,25/26,3,3,0,0,209,100.0,0,0,0,0,69.66666666666667,0,0.0,0.0
Colombia,Jorge Carrascal,354145,Attacking Midfield,Copa do Brasil,2026,1,2,0,0,63,50.0,1,0,0,0,35.0,0,0.0,0.0
Colombia,Jorge Carrascal,354145,Attacking Midfield,Supercopa Rei,2026,1,1,0,0,45,100.0,0,1,0,0,50.0,0,0.0,0.0
Colombia,Jorge Carrascal,354145,Attacking Midfield,Libertadores,2026,4,6,0,0,311,50.0,0,0,0,0,57.592592592592595,0,0.0,0.0
Colombia,Jorge Carrascal,354145,Attacking Midfield,Campeonato Carioca,2026,7,10,1,3,429,70.0,0,0,0,0,47.66666666666667,0,13.793103448275861,18.181818181818183
Colombia,Jorge Carrascal,354145,Attacking Midfield,Recopa Sudamericana,2026,2,2,0,0,148,100.0,1,0,0,0,70.47619047619048,0,0.0,0.0
Colombia,Juan Fernando Quintero,122582,Attacking Midfield,Playoff Torneo Apertura,2026,3,4,1,1,90,0.0,0,0,0,0,23.076923076923077,0,18.181818181818183,28.57142857142857
Colombia,Juan Fernando Quintero,122582,Attacking Midfield,Copa Argentina,2026,1,1,1,0,90,100.0,0,0,0,0,100.0,0,100.0,100.0
Colombia,Juan Fernando Quintero,122582,Attacking Midfield,Torneo Apertura ,2026,12,16,2,2,548,37.5,0,0,0,0,38.05555555555556,0,18.181818181818183,26.666666666666668
Colombia,Juan Fernando Quintero,122582,Attacking Midfield,Copa Sudamericana,2026,3,6,0,1,220,50.0,0,0,0,0,40.74074074074074,0,11.11111111111111,20.0
Colombia,James Rodríguez,88103,Attacking Midfield,MLS,2026,6,15,0,2,194,13.333333333333334,0,0,0,0,14.37037037037037,0,11.11111111111111,33.33333333333333
Colombia,James Rodríguez,88103,Attacking Midfield,US Open Cup,2026,2,2,0,0,80,50.0,0,0,0,0,38.095238095238095,0,0.0,0.0
Colombia,James Rodríguez,88103,Attacking Midfield,Liga MX Apertura,25/26,14,17,3,2,981,58.82352941176471,1,0,0,0,64.11764705882354,0,35.714285714285715,41.66666666666667
Colombia,Luis Díaz,480692,Left Winger,Bundesliga,25/26,32,34,15,17,2451,79.41176470588235,5,0,0,0,80.09803921568628,1,26.229508196721312,27.586206896551722
Colombia,Luis Díaz,480692,Left Winger,UEFA Champions League,25/26,12,14,7,4,981,85.71428571428571,2,1,0,0,77.85714285714286,0,25.581395348837212,28.205128205128204
Colombia,Luis Díaz,480692,Left Winger,DFL-Supercup,25/26,1,1,1,0,90,100.0,0,0,0,0,100.0,0,50.0,50.0
Colombia,Luis Díaz,480692,Left Winger,DFB-Pokal,25/26,6,6,3,2,538,100.0,1,0,0,0,99.62962962962963,0,29.411764705882355,29.411764705882355
Colombia,Andrés Gómez,957461,Left Winger,Série A,2026,16,18,3,1,1324,83.33333333333334,6,0,0,0,81.72839506172839,0,18.181818181818183,19.047619047619047
Colombia,Andrés Gómez,957461,Left Winger,Copa do Brasil,2026,2,2,0,1,107,50.0,0,0,0,0,59.44444444444444,0,25.0,25.0
Colombia,Andrés Gómez,957461,Left Winger,Campeonato Carioca,2026,9,9,1,1,732,88.88888888888889,2,0,0,0,90.37037037037037,0,12.5,18.181818181818183
Colombia,Andrés Gómez,957461,Left Winger,Copa Sudamericana,2026,2,6,0,0,114,16.666666666666664,1,0,0,0,21.11111111111111,0,0.0,0.0
Colombia,Jáminton Campaz,491553,Left Winger,Libertadores,2026,6,6,0,1,405,83.33333333333334,1,0,0,0,75.0,0,11.11111111111111,11.11111111111111
Colombia,Jáminton Campaz,491553,Left Winger,Playoff Torneo Apertura,2026,1,3,0,0,19,0.0,0,0,0,0,6.333333333333334,0,0.0,0.0
Colombia,Jáminton Campaz,491553,Left Winger,Torneo Apertura ,2026,11,16,1,4,731,50.0,0,0,0,0,50.763888888888886,0,25.0,31.25
Colombia,Jhon Arias,588989,Right Winger,Série A,2026,13,16,3,0,1016,75.0,4,0,0,0,70.55555555555556,0,13.043478260869565,15.789473684210526
Colombia,Jhon Arias,588989,Right Winger,Copa do Brasil,2026,2,2,0,0,35,0.0,0,0,0,0,19.444444444444446,0,0.0,0.0
Colombia,Jhon Arias,588989,Right Winger,Libertadores,2026,6,6,3,1,505,100.0,0,0,0,0,93.51851851851852,0,40.0,40.0
Colombia,Jhon Arias,588989,Right Winger,Campeonato Paulista,2026,4,6,0,1,146,16.666666666666664,1,0,0,0,27.037037037037038,0,9.090909090909092,11.11111111111111
Colombia,Jhon Arias,588989,Right Winger,Premier League,25/26,23,24,1,0,1124,58.333333333333336,1,0,0,0,52.03703703703704,0,6.666666666666667,6.666666666666667
Colombia,Jhon Arias,588989,Right Winger,FA Cup,25/26,1,1,1,1,84,100.0,0,0,0,0,93.33333333333333,0,33.33333333333333,33.33333333333333
Colombia,Jhon Arias,588989,Right Winger,EFL Cup,25/26,2,3,0,0,171,66.66666666666666,0,0,0,0,63.33333333333333,0,0.0,0.0
Colombia,Luis Suárez,424784,Centre-Forward,Liga Portugal,25/26,32,34,28,7,2699,91.17647058823529,7,0,0,0,88.20261437908496,0,39.325842696629216,41.66666666666667
Colombia,Luis Suárez,424784,Centre-Forward,UEFA Champions League,25/26,12,12,5,2,956,83.33333333333334,2,0,0,0,86.12612612612612,0,31.818181818181817,31.818181818181817
Colombia,Luis Suárez,424784,Centre-Forward,Allianz Cup,25/26,1,2,1,0,90,50.0,0,0,0,0,50.0,0,16.666666666666664,100.0
Colombia,Luis Suárez,424784,Centre-Forward,Taça de Portugal,25/26,7,7,4,0,606,71.42857142857143,2,0,0,0,80.80000000000001,0,28.57142857142857,28.57142857142857
Colombia,Luis Suárez,424784,Centre-Forward,Portuguese Supercup,25/26,1,1,0,0,22,0.0,1,0,0,0,24.444444444444443,0,0.0,0.0
Colombia,Cucho Hernández,459463,Centre-Forward,LaLiga,25/26,32,38,11,3,2595,78.94736842105263,5,0,0,0,75.87719298245614,0,23.728813559322035,28.000000000000004
Colombia,Cucho Hernández,459463,Centre-Forward,Europa League,25/26,7,12,3,0,448,41.66666666666667,0,0,0,0,41.48148148148148,0,15.0,16.666666666666664
Colombia,Cucho Hernández,459463,Centre-Forward,Copa del Rey,25/26,1,5,1,0,87,20.0,1,0,0,0,19.333333333333332,0,6.666666666666667,11.11111111111111
Colombia,Jhon Córdoba,185245,Centre-Forward,Premier Liga,25/26,28,30,17,6,2484,93.33333333333333,4,1,0,0,92.0,1,38.333333333333336,40.35087719298245
Colombia,Jhon Córdoba,185245,Centre-Forward,Russian Cup,25/26,12,13,5,4,667,30.76923076923077,2,0,0,0,57.008547008547005,0,22.5,33.33333333333333
Colombia,Jhon Córdoba,185245,Centre-Forward,Russian Super Cup,25/26,1,1,0,0,90,100.0,0,0,0,0,100.0,0,0.0,0.0
Croatia,Dominik Kotarski,370997,Goalkeeper,Superliga,25/26,22,22,0,0,1980,100.0,1,0,4,34,100.0,0,0.0,0.0
Croatia,Dominik Kotarski,370997,Goalkeeper,UEFA Champions League,25/26,8,8,0,0,720,100.0,0,0,0,21,100.0,0,0.0,0.0
Croatia,Dominik Kotarski,370997,Goalkeeper,Champions League Qu.,25/26,6,6,0,0,540,100.0,0,0,5,1,100.0,0,0.0,0.0
Croatia,Dominik Kotarski,370997,Goalkeeper,Superliga Europa Playoff,25/26,1,1,0,0,120,100.0,1,0,0,1,100.0,0,0.0,0.0
Croatia,Dominik Kotarski,370997,Goalkeeper,Superliga Relegation round,25/26,8,10,0,1,720,80.0,0,0,4,6,80.0,0,3.125,3.125
Croatia,Dominik Kotarski,370997,Goalkeeper,Oddset Pokalen,25/26,6,7,0,0,540,85.71428571428571,0,0,2,5,85.71428571428571,0,0.0,0.0
Croatia,Ivor Pandur,371013,Goalkeeper,Championship,25/26,45,46,0,0,4050,97.82608695652173,8,0,11,65,97.82608695652173,0,0.0,0.0
Croatia,Ivor Pandur,371013,Goalkeeper,FA Cup,25/26,0,2,0,0,0,0.0,0,0,0,0,0.0,0,0.0,0.0
Croatia,Ivor Pandur,371013,Goalkeeper,EFL Cup,25/26,0,1,0,0,0,0.0,0,0,0,0,0.0,0,0.0,0.0
Croatia,Ivor Pandur,371013,Goalkeeper,Championship Play-Offs,25/26,3,3,0,0,270,100.0,0,0,3,0,100.0,0,0.0,0.0
Croatia,Dominik Livakovic,205927,Goalkeeper,SuperSport HNL,25/26,14,17,0,0,1260,82.35294117647058,0,0,7,10,82.35294117647058,0,0.0,0.0
Croatia,Dominik Livakovic,205927,Goalkeeper,Europa League,25/26,2,2,0,0,210,100.0,0,0,0,6,100.0,0,0.0,0.0
Croatia,Dominik Livakovic,205927,Goalkeeper,Hrvatski nogometni kup,25/26,1,3,0,0,90,33.33333333333333,0,0,1,0,33.33333333333333,0,0.0,0.0
Croatia,Dominik Livakovic,205927,Goalkeeper,LaLiga,25/26,0,18,0,0,0,0.0,0,0,0,0,0.0,0,0.0,0.0
Croatia,Dominik Livakovic,205927,Goalkeeper,Champions League Qu.,25/26,1,4,0,0,90,25.0,0,0,0,1,25.0,0,0.0,0.0
Croatia,Dominik Livakovic,205927,Goalkeeper,Süper Lig,25/26,1,3,0,0,90,33.33333333333333,0,0,0,1,33.33333333333333,0,0.0,0.0
Croatia,Dominik Livakovic,205927,Goalkeeper,Copa del Rey,25/26,0,2,0,0,0,0.0,0,0,0,0,0.0,0,0.0,0.0
Croatia,Josko Gvardiol,475959,Centre-Back,Premier League,25/26,18,38,2,2,1374,42.10526315789473,2,0,0,0,40.17543859649123,0,5.194805194805195,9.090909090909092
Croatia,Josko Gvardiol,475959,Centre-Back,UEFA Champions League,25/26,5,10,0,2,440,50.0,0,0,0,0,48.888888888888886,0,12.5,16.666666666666664
Croatia,Josko Gvardiol,475959,Centre-Back,EFL Cup,25/26,2,6,0,1,52,0.0,0,0,0,0,9.62962962962963,0,7.142857142857142,20.0
Croatia,Luka Vuskovic,892160,Centre-Back,Bundesliga,25/26,28,33,6,1,2442,81.81818181818183,6,0,0,0,82.22222222222221,0,17.5,18.91891891891892
Croatia,Luka Vuskovic,892160,Centre-Back,DFB-Pokal,25/26,2,2,0,0,210,100.0,0,0,0,0,100.0,0,0.0,0.0
Croatia,Luka Vuskovic,892160,Centre-Back,Premier League,25/26,0,2,0,0,0,0.0,0,0,0,0,0.0,0,0.0,0.0
Croatia,Luka Vuskovic,892160,Centre-Back,UEFA Super Cup,25/26,0,1,0,0,0,0.0,0,0,0,0,0.0,0,0.0,0.0
Croatia,Josip Sutalo,371001,Centre-Back,Eredivisie,25/26,24,34,0,0,1797,55.88235294117647,1,0,0,0,58.72549019607843,0,0.0,0.0
Croatia,Josip Sutalo,371001,Centre-Back,UEFA Champions League,25/26,6,8,0,0,401,50.0,0,0,0,0,55.69444444444444,0,0.0,0.0
Croatia,Josip Sutalo,371001,Centre-Back,KNVB Beker,25/26,1,2,0,0,90,50.0,0,0,0,0,50.0,0,0.0,0.0
Croatia,Marin Pongracic,282144,Centre-Back,Serie A,25/26,35,38,0,0,2918,86.8421052631579,12,0,0,0,85.3216374269006,0,0.0,0.0
Croatia,Marin Pongracic,282144,Centre-Back,Conference League,25/26,10,12,1,0,762,66.66666666666666,5,0,0,0,68.64864864864865,0,5.263157894736842,5.88235294117647
Croatia,Marin Pongracic,282144,Centre-Back,UECL Qualifying,25/26,2,2,0,0,115,50.0,0,0,0,0,63.888888888888886,0,0.0,0.0
Croatia,Marin Pongracic,282144,Centre-Back,Italy Cup,25/26,1,1,0,0,6,0.0,0,0,0,0,6.666666666666667,0,0.0,0.0
Croatia,Martin Erlić,357003,Centre-Back,Superliga,25/26,11,19,1,0,838,52.63157894736842,3,1,0,0,49.005847953216374,0,2.0408163265306123,2.2222222222222223
Croatia,Martin Erlić,357003,Centre-Back,Europa League,25/26,8,10,4,1,734,80.0,3,0,0,0,78.92473118279571,0,25.0,27.77777777777778
Croatia,Martin Erlić,357003,Centre-Back,Europa League Qualifying,25/26,3,4,0,0,238,75.0,1,0,0,0,66.11111111111111,0,0.0,0.0
Croatia,Martin Erlić,357003,Centre-Back,Superliga Championship round,25/26,7,10,1,0,585,60.0,1,0,0,0,65.0,0,7.142857142857142,7.142857142857142
Croatia,Martin Erlić,357003,Centre-Back,Oddset Pokalen,25/26,5,7,0,0,431,71.42857142857143,1,0,0,0,68.41269841269842,0,0.0,0.0
Croatia,Martin Erlić,357003,Centre-Back,Future Cup,25/26,1,1,0,0,45,100.0,0,0,0,0,50.0,0,0.0,0.0
Croatia,Duje Caleta-Car,238266,Centre-Back,LaLiga,25/26,27,38,1,0,2150,63.1578947368421,6,1,0,0,62.86549707602339,0,1.694915254237288,1.8181818181818181
Croatia,Duje Caleta-Car,238266,Centre-Back,Copa del Rey,25/26,5,8,0,0,479,62.5,2,0,0,0,61.410256410256416,0,0.0,0.0
Croatia,Josip Stanisic,483046,Right-Back,Bundesliga,25/26,26,34,2,4,1855,55.88235294117647,1,0,0,0,60.62091503267973,0,4.918032786885246,6.0
Croatia,Josip Stanisic,483046,Right-Back,UEFA Champions League,25/26,10,14,1,1,769,71.42857142857143,2,0,0,0,61.03174603174604,0,4.651162790697675,6.666666666666667
Croatia,Josip Stanisic,483046,Right-Back,DFL-Supercup,25/26,1,1,0,0,90,100.0,0,0,0,0,100.0,0,0.0,0.0
Croatia,Josip Stanisic,483046,Right-Back,DFB-Pokal,25/26,6,6,0,2,439,83.33333333333334,1,0,0,0,81.2962962962963,0,11.76470588235294,11.76470588235294
Croatia,Nikola Moro,316934,Defensive Midfield,Serie A,25/26,30,38,2,0,1798,50.0,1,0,0,0,52.57309941520468,0,4.081632653061225,4.081632653061225
Croatia,Nikola Moro,316934,Defensive Midfield,Europa League,25/26,11,14,0,0,734,57.14285714285714,0,0,0,0,56.89922480620155,0,0.0,0.0
Croatia,Nikola Moro,316934,Defensive Midfield,Supercoppa Italiana,25/26,2,2,0,0,135,50.0,0,0,0,0,75.0,0,0.0,0.0
Croatia,Nikola Moro,316934,Defensive Midfield,Italy Cup,25/26,1,2,0,1,61,50.0,0,0,0,0,33.88888888888889,0,25.0,33.33333333333333
Croatia,Kristijan Jakic,374954,Defensive Midfield,Bundesliga,25/26,26,34,2,1,1654,52.94117647058824,5,0,0,0,54.052287581699346,0,6.666666666666667,8.108108108108109
Croatia,Kristijan Jakic,374954,Defensive Midfield,DFB-Pokal,25/26,2,2,0,0,180,100.0,1,0,0,0,100.0,0,0.0,0.0
Croatia,Petar Sučić,668207,Central Midfield,Serie A,25/26,34,38,2,2,1764,55.26315789473685,5,0,0,0,51.578947368421055,0,4.49438202247191,4.651162790697675
Croatia,Petar Sučić,668207,Central Midfield,UEFA Champions League,25/26,10,10,1,0,480,40.0,0,0,0,0,53.333333333333336,0,5.88235294117647,5.88235294117647
Croatia,Petar Sučić,668207,Central Midfield,Supercoppa Italiana,25/26,1,1,0,0,4,0.0,0,0,0,0,4.444444444444445,0,0.0,0.0
Croatia,Petar Sučić,668207,Central Midfield,Italy Cup,25/26,5,5,1,2,301,60.0,1,0,0,0,66.88888888888889,0,25.0,25.0
Croatia,Mateo Kovacic,51471,Central Midfield,Premier League,25/26,6,38,0,1,126,2.631578947368421,0,0,0,0,3.684210526315789,0,1.2987012987012987,4.166666666666666
Croatia,Mateo Kovacic,51471,Central Midfield,UEFA Champions League,25/26,1,10,0,0,33,0.0,0,0,0,0,3.6666666666666665,0,0.0,0.0
Croatia,Mateo Kovacic,51471,Central Midfield,FA Cup,25/26,2,6,0,0,83,16.666666666666664,0,0,0,0,15.37037037037037,0,0.0,0.0
Croatia,Mateo Kovacic,51471,Central Midfield,EFL Cup,25/26,0,6,0,0,0,0.0,0,0,0,0,0.0,0,0.0,0.0
Croatia,Luka Sucic,502722,Central Midfield,LaLiga,25/26,22,38,3,1,1019,26.31578947368421,1,0,0,0,29.795321637426902,0,6.779661016949152,7.4074074074074066
Croatia,Luka Sucic,502722,Central Midfield,Copa del Rey,25/26,6,8,1,2,332,37.5,0,0,0,0,42.56410256410256,0,12.5,23.076923076923077
Croatia,Mario Pašalić,205938,Central Midfield,Serie A,25/26,33,38,3,4,1931,55.26315789473685,3,0,0,0,56.461988304093566,0,13.725490196078432,14.000000000000002
Croatia,Mario Pašalić,205938,Central Midfield,UEFA Champions League,25/26,9,12,3,2,604,50.0,0,0,0,0,55.925925925925924,0,31.25,31.25
Croatia,Mario Pašalić,205938,Central Midfield,Italy Cup,25/26,4,4,4,1,236,50.0,1,0,0,0,60.51282051282051,0,45.45454545454545,50.0
Croatia,Luka Modrić,27992,Central Midfield,Serie A,25/26,34,38,2,3,2816,84.21052631578947,4,0,0,0,82.33918128654972,0,9.433962264150944,9.803921568627452
Croatia,Luka Modrić,27992,Central Midfield,Supercoppa Italiana,25/26,1,1,0,0,15,0.0,0,0,0,0,16.666666666666664,0,0.0,0.0
Croatia,Luka Modrić,27992,Central Midfield,Italy Cup,25/26,2,3,0,0,33,0.0,0,0,0,0,12.222222222222221,0,0.0,0.0
Croatia,Martin Baturina,580451,Attacking Midfield,Serie A,25/26,29,38,6,3,1569,44.73684210526316,0,0,0,0,45.87719298245614,0,13.846153846153847,14.516129032258066
Croatia,Martin Baturina,580451,Attacking Midfield,Italy Cup,25/26,5,6,2,1,266,50.0,1,0,0,0,49.25925925925926,0,15.789473684210526,25.0
Croatia,Nikola Vlašić,293200,Attacking Midfield,Serie A,25/26,37,38,8,3,3055,94.73684210526315,7,0,0,0,89.32748538011695,0,25.0,26.190476190476193
Croatia,Nikola Vlašić,293200,Attacking Midfield,Italy Cup,25/26,4,4,1,2,295,75.0,0,0,0,0,81.94444444444444,0,50.0,50.0
Croatia,Toni Fruk,432758,Attacking Midfield,SuperSport HNL,25/26,31,36,12,3,2132,75.0,2,0,0,0,65.80246913580247,0,30.612244897959183,33.33333333333333
Croatia,Toni Fruk,432758,Attacking Midfield,Conference League,25/26,10,10,5,0,849,100.0,1,0,0,0,94.33333333333334,0,45.45454545454545,45.45454545454545
Croatia,Toni Fruk,432758,Attacking Midfield,Champions League Qu.,25/26,2,2,0,0,180,100.0,0,1,0,0,85.71428571428571,0,0.0,0.0
Croatia,Toni Fruk,432758,Attacking Midfield,Europa League Qualifying,25/26,3,4,1,0,259,75.0,0,0,0,0,71.94444444444444,0,20.0,25.0
Croatia,Toni Fruk,432758,Attacking Midfield,Hrvatski nogometni kup,25/26,4,5,1,0,316,80.0,1,0,0,0,70.22222222222221,0,7.6923076923076925,11.11111111111111
Croatia,Andrej Kramaric,46580,Attacking Midfield,Bundesliga,25/26,34,34,14,6,2223,76.47058823529412,2,0,0,0,72.6470588235294,0,30.76923076923077,30.76923076923077
Croatia,Andrej Kramaric,46580,Attacking Midfield,DFB-Pokal,25/26,2,2,1,2,199,100.0,1,0,0,0,94.76190476190476,0,23.076923076923077,50.0
Croatia,Ivan Perišić,42460,Left Winger,Eredivisie,25/26,30,34,7,12,2219,79.41176470588235,5,0,0,0,72.51633986928104,0,18.81188118811881,20.212765957446805
Croatia,Ivan Perišić,42460,Left Winger,UEFA Champions League,25/26,8,8,1,2,537,87.5,2,0,0,0,74.58333333333333,0,18.75,18.75
Croatia,Ivan Perišić,42460,Left Winger,KNVB Beker,25/26,4,4,2,1,214,50.0,0,0,0,0,59.44444444444444,0,23.076923076923077,23.076923076923077
Croatia,Ivan Perišić,42460,Left Winger,Johan Cruijff Schaal,25/26,1,1,0,1,90,100.0,0,0,0,0,100.0,0,50.0,50.0
Croatia,Marco Pašalić,395928,Right Winger,MLS,2026,10,15,2,0,644,53.333333333333336,3,0,0,0,47.7037037037037,0,8.695652173913043,15.384615384615385
Croatia,Marco Pašalić,395928,Right Winger,US Open Cup,2026,1,3,0,0,6,0.0,0,0,0,0,2.2222222222222223,0,0.0,0.0
Croatia,Igor Matanovic,605268,Centre-Forward,Bundesliga,25/26,31,34,11,2,1563,41.17647058823529,0,0,0,0,51.07843137254902,0,25.49019607843137,26.53061224489796
Croatia,Igor Matanovic,605268,Centre-Forward,Europa League,25/26,15,15,3,1,812,53.333333333333336,2,0,0,0,60.14814814814815,0,16.0,16.0
Croatia,Igor Matanovic,605268,Centre-Forward,DFB-Pokal,25/26,4,5,1,1,261,60.0,2,0,0,0,51.17647058823529,0,14.285714285714285,28.57142857142857
Croatia,Petar Musa,387110,Centre-Forward,MLS,2026,13,15,12,3,1044,80.0,1,0,0,0,77.33333333333333,0,50.0,55.55555555555556
Croatia,Ante Budimir,46413,Centre-Forward,LaLiga,25/26,37,38,17,0,2953,92.10526315789474,3,0,0,0,86.34502923976608,0,38.63636363636363,38.63636363636363
Croatia,Ante Budimir,46413,Centre-Forward,Copa del Rey,25/26,3,4,2,0,60,0.0,1,0,0,0,14.285714285714285,0,10.526315789473683,12.5
Curaçao,Eloy Room,79294,Goalkeeper,USLC,2026,9,13,0,0,810,69.23076923076923,3,0,4,14,69.23076923076923,0,0.0,0.0
Curaçao,Eloy Room,79294,Goalkeeper,USL Cup,2026,2,3,0,0,180,66.66666666666666,0,0,0,5,66.66666666666666,0,0.0,0.0
Curaçao,Trevor Doornbusch,390814,Goalkeeper,Keuken Kampioen Divisie,25/26,0,38,0,0,0,0.0,0,0,0,0,0.0,0,0.0,0.0
Curaçao,Trevor Doornbusch,390814,Goalkeeper,KNVB Beker,25/26,1,1,0,0,56,100.0,0,0,0,2,62.22222222222222,0,0.0,0.0
Curaçao,Tyrick Bodak,663961,Goalkeeper,Eredivisie,25/26,0,34,0,0,0,0.0,0,0,0,0,0.0,0,0.0,0.0
Curaçao,Tyrick Bodak,663961,Goalkeeper,KNVB Beker,25/26,0,5,0,0,0,0.0,0,0,0,0,0.0,0,0.0,0.0
Curaçao,Armando Obispo,339337,Centre-Back,Eredivisie,25/26,17,34,2,0,807,26.47058823529412,1,0,0,0,26.372549019607845,0,1.9801980198019802,2.1052631578947367
Curaçao,Armando Obispo,339337,Centre-Back,UEFA Champions League,25/26,6,8,0,0,322,37.5,1,0,0,0,44.72222222222222,0,0.0,0.0
Curaçao,Armando Obispo,339337,Centre-Back,KNVB Beker,25/26,3,4,0,0,270,75.0,0,0,0,0,75.0,0,0.0,0.0
Curaçao,Armando Obispo,339337,Centre-Back,Johan Cruijff Schaal,25/26,1,1,0,0,4,0.0,0,0,0,0,4.444444444444445,0,0.0,0.0
Curaçao,Riechedly Bazoer,216443,Centre-Back,Süper Lig,25/26,15,34,0,0,928,29.411764705882355,5,0,0,0,30.326797385620914,1,0.0,0.0
Curaçao,Riechedly Bazoer,216443,Centre-Back,Türkiye Kupasi,25/26,2,9,0,0,105,11.11111111111111,1,0,0,0,12.5,0,0.0,0.0
Curaçao,Deveron Fonville,708989,Centre-Back,Eredivisie,25/26,29,30,0,2,1458,43.333333333333336,3,0,0,0,54.0,0,3.1746031746031744,3.278688524590164
Curaçao,Deveron Fonville,708989,Centre-Back,KNVB Beker,25/26,5,6,0,1,252,50.0,1,0,0,0,46.666666666666664,0,7.6923076923076925,9.090909090909092
Curaçao,Deveron Fonville,708989,Centre-Back,Keuken Kampioen Divisie,25/26,4,4,0,1,360,100.0,1,0,0,0,100.0,0,16.666666666666664,16.666666666666664
Curaçao,Roshon van Eijma,401029,Centre-Back,Keuken Kampioen Divisie,25/26,27,38,0,0,2047,57.89473684210527,3,1,0,0,59.853801169590646,0,0.0,0.0
Curaçao,Roshon van Eijma,401029,Centre-Back,KNVB Beker,25/26,1,3,0,0,9,0.0,0,0,0,0,3.3333333333333335,0,0.0,0.0
Curaçao,Roshon van Eijma,401029,Centre-Back,Keuken Kampioen Play-Offs,25/26,3,4,0,0,218,50.0,0,0,0,0,55.8974358974359,0,0.0,0.0
Curaçao,Juriën Gaari,328455,Centre-Back,Saudi First Division League,25/26,31,34,0,0,2790,91.17647058823529,4,0,0,0,91.17647058823529,0,0.0,0.0
Curaçao,Juriën Gaari,328455,Centre-Back,King's Cup,25/26,1,1,0,0,120,100.0,0,0,0,0,100.0,0,0.0,0.0
Curaçao,Sherel Floranus,315211,Left-Back,Eredivisie,25/26,32,34,1,3,2801,94.11764705882352,5,0,0,0,91.53594771241829,0,9.090909090909092,9.75609756097561
Curaçao,Sherel Floranus,315211,Left-Back,KNVB Beker,25/26,2,2,0,1,180,100.0,0,0,0,0,100.0,0,20.0,20.0
Curaçao,Shurandy Sambo,412937,Right-Back,Eredivisie,25/26,25,33,0,2,1627,54.54545454545454,6,0,0,0,54.78114478114479,0,5.128205128205128,5.88235294117647
Curaçao,Shurandy Sambo,412937,Right-Back,KNVB Beker,25/26,2,3,0,0,127,66.66666666666666,0,0,0,0,47.03703703703704,0,0.0,0.0
Curaçao,Joshua Brenet,207006,Right-Back,Süper Lig,25/26,11,14,0,2,797,64.28571428571429,1,0,0,0,63.25396825396825,0,18.181818181818183,18.181818181818183
Curaçao,Joshua Brenet,207006,Right-Back,Premiership,25/26,14,18,0,1,884,55.55555555555556,0,0,0,0,54.567901234567906,0,6.25,7.142857142857142
Curaçao,Joshua Brenet,207006,Right-Back,SFA Cup,25/26,1,1,0,1,120,100.0,0,0,0,0,100.0,0,25.0,100.0
Curaçao,Livano Comenencia,626764,Right-Back,Super League,25/26,24,36,0,0,1523,41.66666666666667,3,0,0,0,47.00617283950617,1,0.0,0.0
Curaçao,Livano Comenencia,626764,Right-Back,Swiss Cup,25/26,1,2,0,0,120,50.0,0,0,0,0,57.14285714285714,0,0.0,0.0
Curaçao,Kevin Felida,433933,Defensive Midfield,Keuken Kampioen Divisie,25/26,34,38,4,3,2928,84.21052631578947,4,0,0,0,85.6140350877193,0,10.76923076923077,12.727272727272727
Curaçao,Kevin Felida,433933,Defensive Midfield,KNVB Beker,25/26,3,3,0,0,300,100.0,0,0,0,0,100.0,0,0.0,0.0
Curaçao,Kevin Felida,433933,Defensive Midfield,Keuken Kampioen Play-Offs,25/26,2,2,0,0,154,100.0,0,0,0,0,85.55555555555556,0,0.0,0.0
Curaçao,Godfried Roemeratoe,393241,Defensive Midfield,Keuken Kampioen Divisie,25/26,32,38,0,1,2283,73.68421052631578,6,0,0,0,66.75438596491227,0,1.4084507042253522,1.5625
Curaçao,Godfried Roemeratoe,393241,Defensive Midfield,KNVB Beker,25/26,2,3,0,1,147,66.66666666666666,0,0,0,0,54.44444444444444,0,7.6923076923076925,10.0
Curaçao,Godfried Roemeratoe,393241,Defensive Midfield,Keuken Kampioen Play-Offs,25/26,3,4,0,0,131,25.0,1,0,0,0,33.589743589743584,0,0.0,0.0
Curaçao,Juninho Bacuna,348863,Central Midfield,Eredivisie,25/26,13,13,0,2,709,61.53846153846154,1,0,0,0,60.598290598290596,0,15.384615384615385,15.384615384615385
Curaçao,Juninho Bacuna,348863,Central Midfield,Keuken Kampioen Play-Offs,25/26,2,2,0,0,151,100.0,1,0,0,0,71.9047619047619,0,0.0,0.0
Curaçao,Juninho Bacuna,348863,Central Midfield,Türkiye Kupasi,25/26,3,4,1,1,249,75.0,1,0,0,0,69.16666666666667,0,28.57142857142857,33.33333333333333
Curaçao,Juninho Bacuna,348863,Central Midfield,Süper Lig,25/26,9,20,0,0,214,10.0,1,0,0,0,11.88888888888889,0,0.0,0.0
Curaçao,Leandro Bacuna,126014,Central Midfield,1.Lig,25/26,35,38,9,4,2900,86.8421052631579,4,0,0,0,84.7953216374269,0,29.545454545454547,65.0
Curaçao,Leandro Bacuna,126014,Central Midfield,Türkiye Kupasi,25/26,3,3,0,0,139,66.66666666666666,1,0,0,0,51.48148148148148,0,0.0,0.0
Curaçao,Tyrese Noslin,708005,Right Midfield,Eredivisie,25/26,34,34,2,3,2307,76.47058823529412,5,0,0,0,75.3921568627451,0,10.204081632653061,10.204081632653061
Curaçao,Tyrese Noslin,708005,Right Midfield,KNVB Beker,25/26,5,5,1,1,325,80.0,0,0,0,0,72.22222222222221,0,13.333333333333334,13.333333333333334
Curaçao,Tahith Chong,344830,Attacking Midfield,Championship,25/26,21,43,0,1,669,16.27906976744186,2,0,0,0,17.286821705426355,0,1.5384615384615385,2.127659574468085
Curaçao,Tahith Chong,344830,Attacking Midfield,FA Cup,25/26,1,1,0,0,57,100.0,0,0,0,0,63.33333333333333,0,0.0,0.0
Curaçao,Jearl Margaritha,538958,Left Winger,Challenger Pro League,25/26,32,32,7,12,2382,90.625,1,0,0,0,82.70833333333333,0,25.675675675675674,25.675675675675674
Curaçao,Jearl Margaritha,538958,Left Winger,Croky Cup,25/26,1,2,0,0,75,50.0,0,0,0,0,41.66666666666667,0,0.0,0.0
Curaçao,Jeremy Antonisse,594273,Left Winger,Super League 1,25/26,22,26,1,2,1567,80.76923076923077,5,1,0,0,66.96581196581197,0,9.375,10.714285714285714
Curaçao,Jeremy Antonisse,594273,Left Winger,Kypello Elladas,25/26,4,7,0,0,192,14.285714285714285,1,0,0,0,29.09090909090909,0,0.0,0.0
Curaçao,Jeremy Antonisse,594273,Left Winger,Super League Play-out,25/26,6,10,0,0,436,50.0,2,0,0,0,48.44444444444444,0,0.0,0.0
Curaçao,Kenji Gorré,374889,Left Winger,Ligat ha'Al,25/26,24,26,4,7,1515,65.38461538461539,4,0,0,0,64.74358974358975,0,22.0,23.91304347826087
Curaçao,Kenji Gorré,374889,Left Winger,UECL Qualifying,25/26,1,4,0,1,26,0.0,0,0,0,0,7.222222222222221,0,20.0,25.0
Curaçao,Kenji Gorré,374889,Left Winger,Gvia haMedina,25/26,3,4,1,3,265,75.0,0,0,0,0,73.61111111111111,0,30.76923076923077,33.33333333333333
Curaçao,Kenji Gorré,374889,Left Winger,Ligat ha'Al -  Championship round,25/26,1,10,0,0,90,10.0,0,0,0,0,10.0,0,0.0,0.0
Curaçao,Sontje Hansen,485582,Right Winger,Championship,25/26,17,45,1,0,491,8.88888888888889,1,0,0,0,12.123456790123457,0,1.4084507042253522,1.6129032258064515
Curaçao,Sontje Hansen,485582,Right Winger,FA Cup,25/26,1,1,0,0,4,0.0,0,0,0,0,4.444444444444445,0,0.0,0.0
Curaçao,Sontje Hansen,485582,Right Winger,Championship Play-Offs,25/26,2,3,0,0,15,0.0,0,0,0,0,5.0,0,0.0,0.0
Curaçao,Sontje Hansen,485582,Right Winger,Eredivisie,25/26,0,1,0,0,0,0.0,0,0,0,0,0.0,0,0.0,0.0
Curaçao,Sontje Hansen,485582,Right Winger,Premier League 2,25/26,2,2,0,0,180,100.0,0,0,0,0,100.0,0,0.0,0.0
Curaçao,Ar'jany Martha,572519,Right Winger,League One,25/26,41,46,1,2,2579,52.17391304347826,7,0,0,0,62.29468599033816,0,7.317073170731707,8.333333333333332
Curaçao,Ar'jany Martha,572519,Right Winger,EFL Trophy,25/26,3,5,0,1,184,40.0,0,0,0,0,40.88888888888889,0,7.142857142857142,9.090909090909092
Curaçao,Ar'jany Martha,572519,Right Winger,FA Cup,25/26,1,1,0,0,120,100.0,0,0,0,0,100.0,0,0.0,0.0
Curaçao,Ar'jany Martha,572519,Right Winger,EFL Cup,25/26,2,2,1,0,180,100.0,1,0,0,0,100.0,0,25.0,100.0
Curaçao,Brandley Kuwas,232219,Right Winger,Eredivisie,25/26,32,34,5,4,2024,67.64705882352942,4,0,0,0,66.1437908496732,0,25.71428571428571,26.47058823529412
Curaçao,Brandley Kuwas,232219,Right Winger,KNVB Beker,25/26,3,4,2,1,270,75.0,0,0,0,0,69.23076923076923,0,50.0,75.0
Curaçao,Brandley Kuwas,232219,Right Winger,Keuken Kampioen Play-Offs,25/26,2,2,0,0,107,0.0,0,0,0,0,50.95238095238095,0,0.0,0.0
Curaçao,Gervane Kastaneer,240752,Centre-Forward,Super League,25/26,7,9,1,5,561,77.77777777777779,2,0,0,0,69.25925925925925,0,54.54545454545454,66.66666666666666
Curaçao,Gervane Kastaneer,240752,Centre-Forward,Piala Malaysia,25/26,2,2,1,0,171,100.0,1,0,0,0,95.0,0,50.0,50.0
Curaçao,Gervane Kastaneer,240752,Centre-Forward,Super League,25/26,13,17,4,3,1077,76.47058823529412,3,0,0,0,70.3921568627451,0,38.88888888888889,43.75
Curaçao,Jürgen Locadia,166240,Centre-Forward,USLC,2026,10,13,4,0,753,61.53846153846154,1,0,0,0,64.35897435897436,0,26.666666666666668,36.36363636363637
Curaçao,Jürgen Locadia,166240,Centre-Forward,USL Cup,2026,2,3,1,2,141,66.66666666666666,0,1,0,0,52.22222222222223,0,50.0,60.0
Czechia,Lukas Hornicek,629773,Goalkeeper,Liga Portugal,25/26,33,34,0,0,2960,97.05882352941177,3,0,12,33,96.73202614379085,0,0.0,0.0
Czechia,Lukas Hornicek,629773,Goalkeeper,Europa League,25/26,14,14,0,0,1260,100.0,0,0,7,14,100.0,0,0.0,0.0
Czechia,Lukas Hornicek,629773,Goalkeeper,Europa League Qualifying,25/26,5,6,0,0,480,83.33333333333334,0,0,4,1,84.21052631578947,0,0.0,0.0
Czechia,Lukas Hornicek,629773,Goalkeeper,Allianz Cup,25/26,3,3,0,0,270,100.0,1,0,1,3,100.0,0,0.0,0.0
Czechia,Matej Kovar,550829,Goalkeeper,Eredivisie,25/26,31,34,0,0,2790,91.17647058823529,0,0,7,41,91.17647058823529,0,0.0,0.0
Czechia,Matej Kovar,550829,Goalkeeper,UEFA Champions League,25/26,8,8,0,0,720,100.0,0,0,0,16,100.0,0,0.0,0.0
Czechia,Matej Kovar,550829,Goalkeeper,KNVB Beker,25/26,4,4,0,0,360,100.0,0,0,1,5,100.0,0,0.0,0.0
Czechia,Matej Kovar,550829,Goalkeeper,Johan Cruijff Schaal,25/26,1,1,0,0,90,100.0,0,0,0,1,100.0,0,0.0,0.0
Czechia,Jindrich Stanek,242089,Goalkeeper,Chance Liga,25/26,18,30,0,0,1620,60.0,1,0,6,17,60.0,0,0.0,0.0
Czechia,Jindrich Stanek,242089,Goalkeeper,UEFA Champions League,25/26,6,8,0,0,540,75.0,0,0,1,16,75.0,0,0.0,0.0
Czechia,Jindrich Stanek,242089,Goalkeeper,Chance Liga Champion Gr.,25/26,1,5,0,0,90,20.0,0,0,0,3,20.0,0,0.0,0.0
Czechia,Ladislav Krejčí,345911,Centre-Back,Premier League,25/26,28,36,2,1,2361,75.0,3,0,0,0,72.87037037037038,1,11.11111111111111,12.5
Czechia,Ladislav Krejčí,345911,Centre-Back,FA Cup,25/26,2,3,0,0,180,66.66666666666666,0,0,0,0,66.66666666666666,0,0.0,0.0
Czechia,Ladislav Krejčí,345911,Centre-Back,EFL Cup,25/26,2,2,0,0,135,50.0,1,0,0,0,75.0,0,0.0,0.0
Czechia,Ladislav Krejčí,345911,Centre-Back,LaLiga,25/26,2,2,0,0,180,100.0,1,0,0,0,100.0,0,0.0,0.0
Czechia,Robin Hranac,620217,Centre-Back,Bundesliga,25/26,29,34,1,0,2251,76.47058823529412,5,0,0,0,73.56209150326798,0,1.5384615384615385,1.639344262295082
Czechia,Robin Hranac,620217,Centre-Back,DFB-Pokal,25/26,2,2,0,0,172,100.0,1,0,0,0,81.9047619047619,0,0.0,0.0
Czechia,Stepan Chaloupek,944827,Centre-Back,Chance Liga,25/26,24,30,4,3,1550,56.666666666666664,5,0,0,0,57.407407407407405,0,11.11111111111111,12.068965517241379
Czechia,Stepan Chaloupek,944827,Centre-Back,UEFA Champions League,25/26,8,8,1,1,559,75.0,1,0,0,0,77.63888888888889,0,40.0,40.0
Czechia,Stepan Chaloupek,944827,Centre-Back,Chance Liga Champion Gr.,25/26,4,5,4,0,308,60.0,0,0,0,0,68.44444444444444,0,36.36363636363637,33.33333333333333
Czechia,Stepan Chaloupek,944827,Centre-Back,MOL Cup,25/26,2,3,0,1,164,33.33333333333333,0,0,0,0,54.666666666666664,0,10.0,12.5
Czechia,Stepan Chaloupek,944827,Centre-Back,ChNL,25/26,1,1,0,0,39,100.0,0,0,0,0,43.333333333333336,0,0.0,0.0
Czechia,David Zima,544149,Centre-Back,Chance Liga,25/26,22,30,0,2,1680,66.66666666666666,2,0,0,0,62.22222222222222,0,3.1746031746031744,4.166666666666666
Czechia,David Zima,544149,Centre-Back,UEFA Champions League,25/26,8,8,0,0,690,100.0,2,0,0,0,95.83333333333334,0,0.0,0.0
Czechia,David Zima,544149,Centre-Back,Chance Liga Champion Gr.,25/26,2,5,1,1,180,40.0,0,0,0,0,40.0,0,18.181818181818183,40.0
Czechia,David Zima,544149,Centre-Back,MOL Cup,25/26,1,3,0,0,46,33.33333333333333,0,0,0,0,15.333333333333332,0,0.0,0.0
Czechia,Tomas Holes,216278,Centre-Back,Chance Liga,25/26,22,30,1,2,1829,66.66666666666666,4,0,0,0,67.74074074074075,0,4.761904761904762,5.454545454545454
Czechia,Tomas Holes,216278,Centre-Back,UEFA Champions League,25/26,4,8,0,1,188,37.5,0,0,0,0,26.111111111111114,0,20.0,25.0
Czechia,Tomas Holes,216278,Centre-Back,Chance Liga Champion Gr.,25/26,3,5,1,1,263,60.0,1,0,0,0,58.44444444444444,0,18.181818181818183,18.181818181818183
Czechia,Tomas Holes,216278,Centre-Back,MOL Cup,25/26,1,3,0,0,14,0.0,0,0,0,0,4.666666666666667,0,0.0,0.0
Czechia,Jaroslav Zelený,142219,Centre-Back,Chance Liga,25/26,21,30,1,1,1446,56.666666666666664,2,0,0,0,53.55555555555556,0,3.3333333333333335,3.7735849056603774
Czechia,Jaroslav Zelený,142219,Centre-Back,Conference League,25/26,7,8,0,0,611,87.5,1,0,0,0,84.86111111111111,0,0.0,0.0
Czechia,Jaroslav Zelený,142219,Centre-Back,UECL Qualifying,25/26,3,6,0,0,180,33.33333333333333,1,0,0,0,33.33333333333333,0,0.0,0.0
Czechia,Jaroslav Zelený,142219,Centre-Back,Chance Liga Champion Gr.,25/26,4,5,0,2,315,80.0,0,0,0,0,70.0,0,22.22222222222222,25.0
Czechia,Jaroslav Zelený,142219,Centre-Back,MOL Cup,25/26,1,3,0,0,45,33.33333333333333,0,0,0,0,15.0,0,0.0,0.0
Czechia,David Jurásek,500054,Left-Back,Chance Liga,25/26,11,11,0,2,984,100.0,0,0,0,0,99.39393939393939,0,9.090909090909092,9.090909090909092
Czechia,David Jurásek,500054,Left-Back,Chance Liga Champion Gr.,25/26,5,5,1,4,363,80.0,0,0,0,0,80.66666666666666,0,45.45454545454545,35.714285714285715
Czechia,David Jurásek,500054,Left-Back,MOL Cup,25/26,1,1,0,0,120,100.0,0,0,0,0,100.0,0,0.0,0.0
Czechia,David Jurásek,500054,Left-Back,Europa League Qualifying,25/26,2,2,0,0,93,50.0,0,0,0,0,51.66666666666667,0,0.0,0.0
Czechia,David Jurásek,500054,Left-Back,UECL Qualifying,25/26,4,4,0,0,234,75.0,0,0,0,0,65.0,0,0.0,0.0
Czechia,David Jurásek,500054,Left-Back,Türkiye Kupasi,25/26,1,1,0,0,71,100.0,0,0,0,0,78.88888888888889,0,0.0,0.0
Czechia,David Jurásek,500054,Left-Back,Süper Lig,25/26,10,17,0,0,637,41.17647058823529,0,0,0,0,41.63398692810458,0,0.0,0.0
Czechia,Vladimír Coufal,157672,Right-Back,Bundesliga,25/26,34,34,1,9,3018,100.0,4,0,0,0,98.62745098039215,0,15.384615384615385,15.384615384615385
Czechia,Vladimír Coufal,157672,Right-Back,DFB-Pokal,25/26,1,2,0,0,90,50.0,0,0,0,0,42.857142857142854,0,0.0,0.0
Czechia,Tomáš Souček,283628,Defensive Midfield,Premier League,25/26,35,38,5,0,2199,63.1578947368421,3,1,0,0,64.29824561403508,0,10.869565217391305,11.363636363636363
Czechia,Tomáš Souček,283628,Defensive Midfield,FA Cup,25/26,3,4,0,0,244,25.0,1,0,0,0,50.83333333333333,0,0.0,0.0
Czechia,Tomáš Souček,283628,Defensive Midfield,EFL Cup,25/26,1,1,1,0,90,100.0,0,0,0,0,100.0,0,50.0,50.0
Czechia,Tomáš Souček,283628,Defensive Midfield,EFL Trophy,25/26,1,1,0,0,90,100.0,1,0,0,0,100.0,0,0.0,0.0
Czechia,Michal Sadílek,321204,Central Midfield,Chance Liga,25/26,25,30,1,5,1822,70.0,6,0,0,0,67.48148148148148,0,9.523809523809524,10.526315789473683
Czechia,Michal Sadílek,321204,Central Midfield,UEFA Champions League,25/26,8,8,0,0,600,87.5,0,0,0,0,83.33333333333334,0,0.0,0.0
Czechia,Michal Sadílek,321204,Central Midfield,Chance Liga Champion Gr.,25/26,4,5,0,0,270,40.0,0,0,0,0,60.0,0,0.0,0.0
Czechia,Michal Sadílek,321204,Central Midfield,MOL Cup,25/26,2,3,1,0,180,66.66666666666666,0,0,0,0,60.0,0,10.0,16.666666666666664
Czechia,Lukas Cerv,611049,Central Midfield,Chance Liga,25/26,29,30,1,2,2388,93.33333333333333,3,0,0,0,88.44444444444444,0,6.0,6.0
Czechia,Lukas Cerv,611049,Central Midfield,Europa League,25/26,10,10,1,1,875,100.0,1,0,0,0,94.08602150537635,0,14.285714285714285,18.181818181818183
Czechia,Lukas Cerv,611049,Central Midfield,Champions League Qu.,25/26,4,4,0,0,360,100.0,1,0,0,0,100.0,0,0.0,0.0
Czechia,Lukas Cerv,611049,Central Midfield,Chance Liga Champion Gr.,25/26,3,5,0,1,270,60.0,1,0,0,0,60.0,0,10.0,20.0
Czechia,Lukas Cerv,611049,Central Midfield,MOL Cup,25/26,3,3,1,0,90,33.33333333333333,0,0,0,0,33.33333333333333,0,12.5,12.5
Czechia,Hugo Sochurek,1206877,Central Midfield,Chance Liga,25/26,6,10,0,2,416,50.0,0,0,0,0,46.22222222222222,0,10.0,10.526315789473683
Czechia,Hugo Sochurek,1206877,Central Midfield,Conference League,25/26,1,2,0,0,90,50.0,0,0,0,0,50.0,0,0.0,0.0
Czechia,Hugo Sochurek,1206877,Central Midfield,Chance Liga Champion Gr.,25/26,2,5,0,0,96,20.0,0,0,0,0,21.333333333333336,0,0.0,0.0
Czechia,Hugo Sochurek,1206877,Central Midfield,MOL Cup,25/26,1,1,0,0,29,0.0,1,0,0,0,24.166666666666668,0,0.0,0.0
Czechia,Hugo Sochurek,1206877,Central Midfield,1. liga U19,25/26,6,6,0,1,502,100.0,0,0,0,0,92.96296296296296,0,7.142857142857142,7.142857142857142
Czechia,Hugo Sochurek,1206877,Central Midfield,ChNL,25/26,5,10,0,0,298,30.0,0,0,0,0,33.111111111111114,0,0.0,0.0
Czechia,Alexandr Sojka,826103,Central Midfield,Chance Liga,25/26,28,30,1,2,1611,53.333333333333336,1,0,0,0,59.66666666666667,0,6.666666666666667,20.0
Czechia,Alexandr Sojka,826103,Central Midfield,Europa League,25/26,2,4,0,0,52,0.0,0,0,0,0,13.333333333333334,0,0.0,0.0
Czechia,Alexandr Sojka,826103,Central Midfield,Chance Liga Champion Gr.,25/26,5,5,2,0,374,80.0,0,0,0,0,83.11111111111111,0,20.0,20.0
Czechia,Alexandr Sojka,826103,Central Midfield,MOL Cup,25/26,3,3,1,1,255,66.66666666666666,0,0,0,0,85.0,0,28.57142857142857,0.0
Czechia,Vladimír Darida,179643,Central Midfield,Chance Liga,25/26,29,30,10,6,2505,96.66666666666667,2,0,0,0,92.77777777777779,0,37.2093023255814,37.2093023255814
Czechia,Vladimír Darida,179643,Central Midfield,Chance Liga Champion Gr.,25/26,3,5,1,0,270,60.0,0,0,0,0,60.0,0,14.285714285714285,20.0
Czechia,Vladimír Darida,179643,Central Midfield,MOL Cup,25/26,3,3,1,0,184,66.66666666666666,2,0,0,0,55.757575757575765,0,8.333333333333332,14.285714285714285
Czechia,David Doudera,493758,Right Midfield,Chance Liga,25/26,20,30,1,4,1357,53.333333333333336,6,0,0,0,50.25925925925926,0,7.936507936507936,10.0
Czechia,David Doudera,493758,Right Midfield,UEFA Champions League,25/26,7,8,0,1,439,62.5,1,0,0,0,60.97222222222223,0,20.0,20.0
Czechia,David Doudera,493758,Right Midfield,Chance Liga Champion Gr.,25/26,2,5,0,0,144,40.0,0,1,0,0,32.0,0,0.0,0.0
Czechia,Pavel Sulc,500053,Attacking Midfield,Ligue 1,25/26,27,34,11,3,1569,50.0,3,0,0,0,51.27450980392156,0,26.41509433962264,31.818181818181817
Czechia,Pavel Sulc,500053,Attacking Midfield,Europa League,25/26,8,10,1,3,477,50.0,1,0,0,0,53.0,0,21.052631578947366,28.57142857142857
Czechia,Pavel Sulc,500053,Attacking Midfield,Coupe de France,25/26,3,4,2,1,217,50.0,1,0,0,0,60.27777777777777,0,23.076923076923077,42.857142857142854
Czechia,Pavel Sulc,500053,Attacking Midfield,Champions League Qu.,25/26,2,2,0,0,180,100.0,0,0,0,0,100.0,0,0.0,0.0
Czechia,Pavel Sulc,500053,Attacking Midfield,Chance Liga,25/26,2,2,1,3,161,100.0,0,0,0,0,89.44444444444444,0,66.66666666666666,66.66666666666666
Czechia,Denis Visinsky,652060,Attacking Midfield,Chance Liga,25/26,23,30,6,2,1369,56.666666666666664,6,0,0,0,50.70370370370371,0,16.0,17.77777777777778
Czechia,Denis Visinsky,652060,Attacking Midfield,Europa League,25/26,10,10,1,0,458,50.0,1,0,0,0,49.24731182795699,0,7.142857142857142,9.090909090909092
Czechia,Denis Visinsky,652060,Attacking Midfield,Champions League Qu.,25/26,2,4,0,0,34,0.0,0,0,0,0,9.444444444444445,0,0.0,0.0
Czechia,Denis Visinsky,652060,Attacking Midfield,Chance Liga Champion Gr.,25/26,4,5,2,1,299,80.0,0,0,0,0,66.44444444444444,0,30.0,30.0
Czechia,Denis Visinsky,652060,Attacking Midfield,MOL Cup,25/26,2,3,0,0,156,66.66666666666666,0,0,0,0,57.77777777777777,0,0.0,0.0
Czechia,Lukas Provod,292779,Left Winger,Chance Liga,25/26,27,30,7,9,2222,83.33333333333334,2,0,0,0,82.2962962962963,0,25.396825396825395,28.07017543859649
Czechia,Lukas Provod,292779,Left Winger,UEFA Champions League,25/26,8,8,0,2,701,100.0,1,0,0,0,97.36111111111111,0,40.0,40.0
Czechia,Lukas Provod,292779,Left Winger,Chance Liga Champion Gr.,25/26,3,5,0,2,270,60.0,0,0,0,0,60.0,0,18.181818181818183,20.0
Czechia,Lukas Provod,292779,Left Winger,MOL Cup,25/26,1,3,1,0,23,0.0,0,0,0,0,7.666666666666666,0,10.0,25.0
Czechia,Patrik Schick,242086,Centre-Forward,Bundesliga,25/26,28,34,16,3,1996,67.64705882352942,2,0,0,0,65.22875816993464,0,27.941176470588236,34.54545454545455
Czechia,Patrik Schick,242086,Centre-Forward,UEFA Champions League,25/26,9,12,4,1,537,50.0,0,0,0,0,49.72222222222222,0,31.25,38.46153846153847
Czechia,Patrik Schick,242086,Centre-Forward,DFB-Pokal,25/26,5,5,2,0,332,80.0,0,0,0,0,69.16666666666667,0,16.666666666666664,16.666666666666664
Czechia,Adam Hlozek,552057,Centre-Forward,Bundesliga,25/26,5,34,0,0,37,0.0,0,0,0,0,1.2091503267973858,0,0.0,0.0
Czechia,Adam Hlozek,552057,Centre-Forward,3. Liga,25/26,1,1,0,0,31,100.0,0,0,0,0,34.44444444444444,0,0.0,0.0
Czechia,Mojmír Chytil,405855,Centre-Forward,Chance Liga,25/26,24,30,11,1,1273,43.333333333333336,0,0,0,0,47.14814814814815,0,19.047619047619047,20.689655172413794
Czechia,Mojmír Chytil,405855,Centre-Forward,UEFA Champions League,25/26,6,8,0,0,143,12.5,1,0,0,0,19.86111111111111,0,0.0,0.0
Czechia,Mojmír Chytil,405855,Centre-Forward,Chance Liga Champion Gr.,25/26,5,5,2,0,229,40.0,0,0,0,0,50.888888888888886,0,18.181818181818183,14.285714285714285
Czechia,Mojmír Chytil,405855,Centre-Forward,MOL Cup,25/26,2,3,1,0,150,66.66666666666666,0,0,0,0,50.0,0,10.0,16.666666666666664
Czechia,Jan Kuchta,334802,Centre-Forward,Chance Liga,25/26,25,30,10,6,1263,40.0,6,0,0,0,46.77777777777778,0,26.666666666666668,28.57142857142857
Czechia,Jan Kuchta,334802,Centre-Forward,Conference League,25/26,8,8,0,2,382,37.5,2,0,0,0,53.05555555555556,0,18.181818181818183,18.181818181818183
Czechia,Jan Kuchta,334802,Centre-Forward,UECL Qualifying,25/26,5,6,3,1,347,83.33333333333334,0,0,0,0,64.25925925925927,0,30.76923076923077,30.76923076923077
Czechia,Jan Kuchta,334802,Centre-Forward,Chance Liga Champion Gr.,25/26,5,5,2,2,422,100.0,0,0,0,0,93.77777777777779,0,44.44444444444444,50.0
Czechia,Jan Kuchta,334802,Centre-Forward,MOL Cup,25/26,2,3,0,0,121,33.33333333333333,0,0,0,0,40.33333333333333,0,0.0,0.0
Czechia,Tomas Chory,198614,Centre-Forward,Chance Liga,25/26,22,30,17,5,1761,70.0,3,2,0,0,65.22222222222223,0,34.92063492063492,47.82608695652174
Czechia,Tomas Chory,198614,Centre-Forward,UEFA Champions League,25/26,7,8,0,0,451,62.5,1,0,0,0,62.638888888888886,0,0.0,0.0
Czechia,Tomas Chory,198614,Centre-Forward,Chance Liga Champion Gr.,25/26,2,5,0,0,149,40.0,0,1,0,0,33.111111111111114,0,0.0,0.0
Czechia,Tomas Chory,198614,Centre-Forward,MOL Cup,25/26,2,3,0,1,60,0.0,0,0,0,0,20.0,0,10.0,12.5
Côte d'Ivoire,Yahia Fofana,418651,Goalkeeper,Süper Lig,25/26,27,31,0,1,2430,87.09677419354838,2,0,6,42,87.09677419354838,0,2.2222222222222223,2.272727272727273
Côte d'Ivoire,Yahia Fofana,418651,Goalkeeper,Türkiye Kupasi,25/26,0,6,0,0,0,0.0,0,0,0,0,0.0,0,0.0,0.0
Côte d'Ivoire,Yahia Fofana,418651,Goalkeeper,National 3 - Grp. B,25/26,1,1,0,0,90,100.0,0,0,0,2,100.0,0,0.0,0.0
Côte d'Ivoire,Alban Lafont,357117,Goalkeeper,Super League 1,25/26,16,26,0,0,1395,61.53846153846154,1,0,6,13,59.61538461538461,0,0.0,0.0
Côte d'Ivoire,Alban Lafont,357117,Goalkeeper,Europa League,25/26,10,12,0,0,930,83.33333333333334,1,0,3,12,83.78378378378379,0,0.0,0.0
Côte d'Ivoire,Alban Lafont,357117,Goalkeeper,Champions League Qu.,25/26,0,2,0,0,0,0.0,0,0,0,0,0.0,0,0.0,0.0
Côte d'Ivoire,Alban Lafont,357117,Goalkeeper,Europa League Qualifying,25/26,0,4,0,0,0,0.0,0,0,0,0,0.0,0,0.0,0.0
Côte d'Ivoire,Alban Lafont,357117,Goalkeeper,Kypello Elladas,25/26,5,7,0,0,450,71.42857142857143,0,0,2,4,71.42857142857143,0,0.0,0.0
Côte d'Ivoire,Alban Lafont,357117,Goalkeeper,Super League Play-off,25/26,6,6,0,0,540,100.0,1,0,2,7,100.0,0,0.0,0.0
Côte d'Ivoire,Mohamed Koné,911985,Goalkeeper,Jupiler Pro League,25/26,9,30,0,0,810,30.0,1,0,2,10,30.0,0,0.0,0.0
Côte d'Ivoire,Mohamed Koné,911985,Goalkeeper,UECL Qualifying,25/26,0,2,0,0,0,0.0,0,0,0,0,0.0,0,0.0,0.0
Côte d'Ivoire,Mohamed Koné,911985,Goalkeeper,Croky Cup,25/26,2,5,0,0,180,40.0,0,0,2,0,40.0,0,0.0,0.0
Côte d'Ivoire,Mohamed Koné,911985,Goalkeeper,JPL Europe Play-Offs,25/26,10,10,0,0,900,100.0,1,0,4,8,100.0,0,0.0,0.0
Côte d'Ivoire,Mohamed Koné,911985,Goalkeeper,1ste Nationale ACFF,25/26,1,1,0,0,90,100.0,0,0,0,1,100.0,0,0.0,0.0
Côte d'Ivoire,Ousmane Diomande,974982,Centre-Back,Liga Portugal,25/26,17,34,0,1,1297,44.11764705882353,5,0,0,0,42.38562091503268,0,1.1235955056179776,1.7543859649122806
Côte d'Ivoire,Ousmane Diomande,974982,Centre-Back,UEFA Champions League,25/26,9,12,1,0,614,58.333333333333336,0,0,0,0,55.31531531531532,0,4.545454545454546,6.25
Côte d'Ivoire,Ousmane Diomande,974982,Centre-Back,Taça de Portugal,25/26,4,7,0,0,322,42.857142857142854,1,0,0,0,42.93333333333334,0,0.0,0.0
Côte d'Ivoire,Ousmane Diomande,974982,Centre-Back,Portuguese Supercup,25/26,1,1,0,0,69,100.0,1,0,0,0,76.66666666666667,0,0.0,0.0
Côte d'Ivoire,Evan Ndicka,371149,Centre-Back,Serie A,25/26,31,38,3,0,2683,81.57894736842105,5,0,0,0,78.45029239766082,0,5.084745762711865,6.25
Côte d'Ivoire,Evan Ndicka,371149,Centre-Back,Europa League,25/26,10,10,2,0,752,70.0,2,0,0,0,80.86021505376344,0,11.76470588235294,11.76470588235294
Côte d'Ivoire,Evan Ndicka,371149,Centre-Back,Italy Cup,25/26,1,1,0,0,45,0.0,0,0,0,0,50.0,0,0.0,0.0
Côte d'Ivoire,Wilfried Singo,648779,Centre-Back,Süper Lig,25/26,19,31,2,2,949,35.483870967741936,3,0,0,0,34.01433691756273,0,5.970149253731343,8.51063829787234
Côte d'Ivoire,Wilfried Singo,648779,Centre-Back,UEFA Champions League,25/26,7,12,0,1,480,41.66666666666667,0,0,0,0,43.24324324324324,0,5.88235294117647,7.6923076923076925
Côte d'Ivoire,Wilfried Singo,648779,Centre-Back,Türkiye Kupasi,25/26,3,5,0,0,128,20.0,0,0,0,0,28.444444444444443,0,0.0,0.0
Côte d'Ivoire,Wilfried Singo,648779,Centre-Back,Ligue 1,25/26,0,2,0,0,0,0.0,0,0,0,0,0.0,0,0.0,0.0
Côte d'Ivoire,Emmanuel Agbadou,683895,Centre-Back,Süper Lig,25/26,13,14,1,1,1090,85.71428571428571,4,0,0,0,86.5079365079365,0,8.333333333333332,8.333333333333332
Côte d'Ivoire,Emmanuel Agbadou,683895,Centre-Back,Türkiye Kupasi,25/26,3,3,0,1,270,100.0,2,0,0,0,100.0,0,14.285714285714285,14.285714285714285
Côte d'Ivoire,Emmanuel Agbadou,683895,Centre-Back,Premier League,25/26,14,24,0,0,1101,50.0,1,1,0,0,50.97222222222222,0,0.0,0.0
Côte d'Ivoire,Emmanuel Agbadou,683895,Centre-Back,EFL Cup,25/26,3,3,0,2,183,66.66666666666666,1,0,0,0,67.77777777777779,0,25.0,25.0
Côte d'Ivoire,Odilon Kossounou,644771,Centre-Back,Serie A,25/26,19,38,1,0,985,26.31578947368421,1,0,0,0,28.801169590643276,0,1.9607843137254901,2.3255813953488373
Côte d'Ivoire,Odilon Kossounou,644771,Centre-Back,UEFA Champions League,25/26,10,12,0,0,812,83.33333333333334,2,0,0,0,75.18518518518519,0,0.0,0.0
Côte d'Ivoire,Odilon Kossounou,644771,Centre-Back,Italy Cup,25/26,3,4,0,0,89,0.0,0,0,0,0,22.82051282051282,0,0.0,0.0
Côte d'Ivoire,Christopher Operi,469976,Left-Back,Süper Lig,25/26,22,34,0,4,1824,64.70588235294117,3,0,0,0,59.6078431372549,0,6.896551724137931,9.523809523809524
Côte d'Ivoire,Christopher Operi,469976,Left-Back,UECL Qualifying,25/26,6,6,2,2,530,100.0,0,0,0,0,98.14814814814815,1,36.36363636363637,36.36363636363637
Côte d'Ivoire,Christopher Operi,469976,Left-Back,Türkiye Kupasi,25/26,3,4,0,0,238,75.0,0,0,0,0,66.11111111111111,0,0.0,0.0
Côte d'Ivoire,Ghislain Konan,422850,Left-Back,Liga Portugal,25/26,30,34,0,0,2661,88.23529411764706,5,0,0,0,86.9607843137255,0,0.0,0.0
Côte d'Ivoire,Ghislain Konan,422850,Left-Back,Taça de Portugal,25/26,1,1,0,0,45,0.0,0,0,0,0,50.0,0,0.0,0.0
Côte d'Ivoire,Guéla Doué,711980,Right-Back,Ligue 1,25/26,24,34,2,6,2064,67.64705882352942,3,0,0,0,67.45098039215686,0,13.793103448275861,17.02127659574468
Côte d'Ivoire,Guéla Doué,711980,Right-Back,Conference League,25/26,8,12,0,1,576,50.0,4,0,0,0,53.333333333333336,0,5.555555555555555,10.0
Côte d'Ivoire,Guéla Doué,711980,Right-Back,Coupe de France,25/26,2,5,0,0,180,40.0,0,0,0,0,40.0,0,0.0,0.0
Côte d'Ivoire,Ibrahim Sangaré,375885,Defensive Midfield,Premier League,25/26,28,38,2,2,2080,65.78947368421053,5,0,0,0,60.81871345029239,0,8.333333333333332,10.0
Côte d'Ivoire,Ibrahim Sangaré,375885,Defensive Midfield,Europa League,25/26,14,16,0,1,739,43.75,1,0,0,0,50.27210884353741,0,3.7037037037037033,4.3478260869565215
Côte d'Ivoire,Ibrahim Sangaré,375885,Defensive Midfield,EFL Cup,25/26,1,1,0,0,6,0.0,0,0,0,0,6.666666666666667,0,0.0,0.0
Côte d'Ivoire,Jean Michaël Seri,178614,Defensive Midfield,Prva Liga,25/26,14,27,0,1,760,40.74074074074074,3,0,0,0,31.275720164609055,0,2.380952380952381,3.571428571428571
Côte d'Ivoire,Christ Inao Oulaï,1279526,Central Midfield,Süper Lig,25/26,25,32,2,4,2078,75.0,9,0,0,0,72.15277777777777,0,10.16949152542373,12.244897959183673
Côte d'Ivoire,Christ Inao Oulaï,1279526,Central Midfield,Türkiye Kupasi,25/26,6,8,0,0,323,37.5,2,0,0,0,43.06666666666666,0,0.0,0.0
Côte d'Ivoire,Christ Inao Oulaï,1279526,Central Midfield,Ligue 2,25/26,0,1,0,0,0,0.0,0,1,0,0,0.0,0,0.0,0.0
Côte d'Ivoire,Franck Kessié,294808,Central Midfield,Saudi Pro League,25/26,26,34,5,4,2174,76.47058823529412,5,0,0,0,71.04575163398692,0,12.676056338028168,16.9811320754717
Côte d'Ivoire,Franck Kessié,294808,Central Midfield,FIFA Intercontinental Cup,25/26,1,1,0,0,90,100.0,0,0,0,0,100.0,0,0.0,0.0
Côte d'Ivoire,Franck Kessié,294808,Central Midfield,AFC Champions League,25/26,10,12,3,1,859,75.0,1,0,0,0,75.35087719298245,0,14.814814814814813,18.181818181818183
Côte d'Ivoire,Franck Kessié,294808,Central Midfield,King's Cup,25/26,3,4,1,1,330,75.0,0,0,0,0,78.57142857142857,0,10.526315789473683,22.22222222222222
Côte d'Ivoire,Franck Kessié,294808,Central Midfield,Saudi Super Cup,25/26,2,2,3,0,180,100.0,1,0,0,0,100.0,0,25.0,42.857142857142854
Côte d'Ivoire,Seko Fofana,182893,Central Midfield,Liga Portugal,25/26,12,15,3,1,276,6.666666666666667,1,0,0,0,20.444444444444446,0,15.384615384615385,16.0
Côte d'Ivoire,Seko Fofana,182893,Central Midfield,Europa League,25/26,4,4,0,0,317,100.0,0,0,0,0,88.05555555555556,0,0.0,0.0
Côte d'Ivoire,Seko Fofana,182893,Central Midfield,Taça de Portugal,25/26,2,2,0,0,83,50.0,0,0,0,0,46.111111111111114,0,0.0,0.0
Côte d'Ivoire,Seko Fofana,182893,Central Midfield,Ligue 1,25/26,12,20,1,0,654,35.0,0,0,0,0,36.333333333333336,0,3.3333333333333335,4.761904761904762
Côte d'Ivoire,Yan Diomande,1390649,Left Winger,Bundesliga,25/26,33,34,12,9,2483,82.35294117647058,2,0,0,0,81.14379084967321,0,31.818181818181817,32.30769230769231
Côte d'Ivoire,Yan Diomande,1390649,Left Winger,DFB-Pokal,25/26,3,4,1,1,241,75.0,0,0,0,0,66.94444444444444,0,18.181818181818183,18.181818181818183
Côte d'Ivoire,Bazoumana Touré,1067904,Left Winger,Bundesliga,25/26,30,34,5,12,2326,85.29411764705883,2,0,0,0,76.01307189542483,0,26.153846153846157,26.153846153846157
Côte d'Ivoire,Bazoumana Touré,1067904,Left Winger,DFB-Pokal,25/26,2,2,0,0,199,100.0,0,0,0,0,94.76190476190476,0,0.0,0.0
Côte d'Ivoire,Simon Adingra,658536,Left Winger,Ligue 1,25/26,14,14,3,2,862,71.42857142857143,0,0,0,0,68.41269841269842,0,17.857142857142858,17.857142857142858
Côte d'Ivoire,Simon Adingra,658536,Left Winger,UEFA Champions League,25/26,2,2,0,0,86,50.0,0,0,0,0,47.77777777777778,0,0.0,0.0
Côte d'Ivoire,Simon Adingra,658536,Left Winger,Coupe de France,25/26,1,1,0,0,45,0.0,0,0,0,0,50.0,0,0.0,0.0
Côte d'Ivoire,Simon Adingra,658536,Left Winger,Premier League,25/26,14,23,1,1,658,39.130434782608695,2,0,0,0,31.78743961352657,0,8.333333333333332,9.090909090909092
Côte d'Ivoire,Simon Adingra,658536,Left Winger,FA Cup,25/26,1,1,0,0,71,100.0,0,0,0,0,59.166666666666664,0,0.0,0.0
Côte d'Ivoire,Parfait Guiagon,624913,Left Winger,Jupiler Pro League,25/26,26,30,8,5,2084,80.0,5,0,0,0,77.18518518518519,0,34.21052631578947,36.11111111111111
Côte d'Ivoire,Parfait Guiagon,624913,Left Winger,UECL Qualifying,25/26,2,2,0,0,194,100.0,2,0,0,0,92.38095238095238,0,0.0,0.0
Côte d'Ivoire,Parfait Guiagon,624913,Left Winger,Croky Cup,25/26,5,5,3,0,431,100.0,0,0,0,0,95.77777777777777,0,50.0,50.0
Côte d'Ivoire,Parfait Guiagon,624913,Left Winger,JPL Europe Play-Offs,25/26,7,10,1,0,474,50.0,1,0,0,0,52.666666666666664,0,8.333333333333332,12.5
Côte d'Ivoire,Amad Diallo,536835,Right Winger,Premier League,25/26,32,38,2,4,2346,71.05263157894737,2,0,0,0,68.59649122807018,0,8.695652173913043,9.67741935483871
Côte d'Ivoire,Amad Diallo,536835,Right Winger,EFL Cup,25/26,1,1,0,0,82,100.0,0,0,0,0,91.11111111111111,0,0.0,0.0
Côte d'Ivoire,Evann Guessand,500689,Right Winger,Premier League,25/26,21,38,1,1,916,23.684210526315788,0,0,0,0,26.783625730994153,0,3.8461538461538463,18.181818181818183
Côte d'Ivoire,Evann Guessand,500689,Right Winger,Conference League,25/26,6,9,1,0,335,44.44444444444444,0,0,0,0,39.88095238095239,0,6.666666666666667,11.11111111111111
Côte d'Ivoire,Evann Guessand,500689,Right Winger,Europa League,25/26,7,8,2,0,539,75.0,1,0,0,0,74.86111111111111,0,14.285714285714285,18.181818181818183
Côte d'Ivoire,Evann Guessand,500689,Right Winger,EFL Cup,25/26,1,1,0,0,80,100.0,1,0,0,0,88.88888888888889,0,0.0,0.0
Côte d'Ivoire,Nicolas Pépé,343052,Right Winger,LaLiga,25/26,36,38,8,10,2397,68.42105263157895,4,0,0,0,70.08771929824562,0,25.0,25.0
Côte d'Ivoire,Nicolas Pépé,343052,Right Winger,UEFA Champions League,25/26,8,8,0,1,611,100.0,1,0,0,0,84.86111111111111,0,20.0,20.0
Côte d'Ivoire,Nicolas Pépé,343052,Right Winger,Copa del Rey,25/26,2,3,0,0,175,66.66666666666666,0,0,0,0,58.333333333333336,0,0.0,0.0
Côte d'Ivoire,Ange-Yoan Bonny,827734,Centre-Forward,Serie A,25/26,33,38,5,6,1130,26.31578947368421,1,0,0,0,33.04093567251462,0,12.359550561797752,13.253012048192772
Côte d'Ivoire,Ange-Yoan Bonny,827734,Centre-Forward,UEFA Champions League,25/26,10,10,0,3,282,20.0,0,0,0,0,31.333333333333336,0,17.647058823529413,17.647058823529413
Côte d'Ivoire,Ange-Yoan Bonny,827734,Centre-Forward,Supercoppa Italiana,25/26,1,1,0,0,90,100.0,0,0,0,0,100.0,0,0.0,0.0
Côte d'Ivoire,Ange-Yoan Bonny,827734,Centre-Forward,Italy Cup,25/26,4,5,2,0,173,40.0,0,0,0,0,38.44444444444444,0,16.666666666666664,16.666666666666664
Côte d'Ivoire,Elye Wahi,659542,Centre-Forward,Ligue 1,25/26,14,18,5,1,929,61.111111111111114,5,0,0,0,57.34567901234568,0,33.33333333333333,42.857142857142854
Côte d'Ivoire,Elye Wahi,659542,Centre-Forward,L1/L2 Playoffs,25/26,1,2,2,0,90,50.0,1,0,0,0,50.0,0,50.0,50.0
Côte d'Ivoire,Elye Wahi,659542,Centre-Forward,Coupe de France,25/26,4,5,2,1,313,60.0,0,0,0,0,69.55555555555556,0,16.666666666666664,42.857142857142854
Côte d'Ivoire,Elye Wahi,659542,Centre-Forward,UEFA Champions League,25/26,3,6,0,1,52,0.0,0,0,0,0,9.62962962962963,0,12.5,12.5
Côte d'Ivoire,Elye Wahi,659542,Centre-Forward,Bundesliga,25/26,10,15,0,1,320,20.0,1,0,0,0,23.703703703703706,0,3.3333333333333335,3.571428571428571
Côte d'Ivoire,Elye Wahi,659542,Centre-Forward,DFB-Pokal,25/26,1,2,1,1,28,0.0,0,0,0,0,13.333333333333334,0,25.0,33.33333333333333
Côte d'Ivoire,Oumar Diakité,847279,Centre-Forward,Jupiler Pro League,25/26,19,24,3,2,1105,50.0,4,1,0,0,51.157407407407405,0,16.129032258064516,19.230769230769234
Côte d'Ivoire,Oumar Diakité,847279,Centre-Forward,Croky Cup,25/26,1,2,0,0,66,50.0,0,0,0,0,36.666666666666664,0,0.0,0.0
Côte d'Ivoire,Oumar Diakité,847279,Centre-Forward,JPL Relegation Play-Offs,25/26,6,6,4,0,323,50.0,0,0,0,0,59.81481481481481,0,28.57142857142857,28.57142857142857
Côte d'Ivoire,Oumar Diakité,847279,Centre-Forward,Ligue 2,25/26,2,4,0,0,21,0.0,0,0,0,0,5.833333333333333,0,0.0,0.0
DR Congo,Matthieu Epolo,680218,Goalkeeper,Jupiler Pro League,25/26,21,30,0,0,1890,70.0,1,0,6,27,70.0,0,0.0,0.0
DR Congo,Matthieu Epolo,680218,Goalkeeper,Croky Cup,25/26,2,2,0,0,180,100.0,0,0,0,4,100.0,0,0.0,0.0
DR Congo,Matthieu Epolo,680218,Goalkeeper,JPL Europe Play-Offs,25/26,8,10,0,0,720,80.0,0,0,2,8,80.0,0,0.0,0.0
DR Congo,Timothy Fayulu,541420,Goalkeeper,Premier League,25/26,4,24,0,0,360,16.666666666666664,0,0,1,6,16.666666666666664,0,0.0,0.0
DR Congo,Timothy Fayulu,541420,Goalkeeper,Conference League,25/26,5,8,0,0,450,62.5,0,0,1,5,62.5,0,0.0,0.0
DR Congo,Timothy Fayulu,541420,Goalkeeper,Armenian Independence Cup,25/26,1,5,0,0,90,20.0,0,0,0,1,20.0,0,0.0,0.0
DR Congo,Lionel Mpasi-Nzau,164915,Goalkeeper,Ligue 1,25/26,4,34,0,0,315,8.823529411764707,1,0,2,2,10.294117647058822,0,0.0,0.0
DR Congo,Axel Tuanzebe,342046,Centre-Back,Premier League,25/26,14,38,1,0,1202,36.84210526315789,1,0,0,0,35.14619883040936,0,2.631578947368421,5.88235294117647
DR Congo,Axel Tuanzebe,342046,Centre-Back,FA Cup,25/26,0,2,0,0,0,0.0,0,0,0,0,0.0,0,0.0,0.0
DR Congo,Axel Tuanzebe,342046,Centre-Back,EFL Cup,25/26,2,2,0,0,135,50.0,0,0,0,0,75.0,0,0.0,0.0
DR Congo,Steve Kapuadi,679709,Centre-Back,Ekstraklasa,25/26,27,34,1,0,2309,73.52941176470588,3,0,0,0,75.45751633986927,0,2.7027027027027026,9.090909090909092
DR Congo,Steve Kapuadi,679709,Centre-Back,STS Polish Cup,25/26,2,2,0,0,240,100.0,1,0,0,0,100.0,0,0.0,0.0
DR Congo,Steve Kapuadi,679709,Centre-Back,Conference League,25/26,4,6,0,0,360,66.66666666666666,0,0,0,0,66.66666666666666,0,0.0,0.0
DR Congo,Steve Kapuadi,679709,Centre-Back,Europa League Qualifying,25/26,6,6,0,0,540,100.0,0,0,0,0,100.0,0,0.0,0.0
DR Congo,Steve Kapuadi,679709,Centre-Back,UECL Qualifying,25/26,2,2,0,0,210,100.0,0,0,0,0,100.0,0,0.0,0.0
DR Congo,Steve Kapuadi,679709,Centre-Back,Superpuchar,25/26,1,1,0,0,90,100.0,0,0,0,0,100.0,0,0.0,0.0
DR Congo,Chancel Mbemba,203348,Centre-Back,Ligue 1,25/26,13,31,0,0,952,29.03225806451613,3,0,0,0,34.121863799283155,0,0.0,0.0
DR Congo,Chancel Mbemba,203348,Centre-Back,Europa League,25/26,8,12,0,1,705,58.333333333333336,0,0,0,0,63.51351351351351,0,7.142857142857142,7.142857142857142
DR Congo,Chancel Mbemba,203348,Centre-Back,Coupe de France,25/26,0,2,0,0,0,0.0,0,0,0,0,0.0,0,0.0,0.0
DR Congo,Dylan Batubinsika,289432,Centre-Back,Super League 1,25/26,8,8,0,0,720,100.0,2,0,0,0,100.0,0,0.0,0.0
DR Congo,Dylan Batubinsika,289432,Centre-Back,Super League Play-out,25/26,8,10,0,0,692,80.0,0,0,0,0,76.88888888888889,0,0.0,0.0
DR Congo,Dylan Batubinsika,289432,Centre-Back,National 3 - Grp. G,25/26,4,4,1,0,360,100.0,0,0,0,0,100.0,0,33.33333333333333,33.33333333333333
DR Congo,Dylan Batubinsika,289432,Centre-Back,Ligue 2,25/26,1,20,0,0,90,5.0,0,0,0,0,5.0,0,0.0,0.0
DR Congo,Joris Kayembe,129586,Left-Back,Jupiler Pro League,25/26,20,30,0,1,1654,63.33333333333333,4,0,0,0,61.25925925925926,0,2.1739130434782608,2.7777777777777777
DR Congo,Joris Kayembe,129586,Left-Back,Europa League,25/26,9,12,0,0,681,66.66666666666666,1,0,0,0,61.35135135135135,0,0.0,0.0
DR Congo,Joris Kayembe,129586,Left-Back,Europa League Qualifying,25/26,2,2,0,0,102,50.0,0,0,0,0,56.666666666666664,0,0.0,0.0
DR Congo,Joris Kayembe,129586,Left-Back,Croky Cup,25/26,0,2,0,0,0,0.0,0,0,0,0,0.0,0,0.0,0.0
DR Congo,Joris Kayembe,129586,Left-Back,JPL Europe Play-Offs,25/26,8,10,0,0,453,40.0,1,0,0,0,50.33333333333333,0,0.0,0.0
DR Congo,Arthur Masuaku,181380,Left-Back,Ligue 1,25/26,4,15,0,0,229,20.0,1,0,0,0,16.962962962962962,0,0.0,0.0
DR Congo,Arthur Masuaku,181380,Left-Back,Coupe de France,25/26,2,4,0,0,35,0.0,0,1,0,0,9.722222222222223,0,0.0,0.0
DR Congo,Arthur Masuaku,181380,Left-Back,Premier League,25/26,3,23,0,0,127,8.695652173913043,1,0,0,0,6.1352657004830915,0,0.0,0.0
DR Congo,Arthur Masuaku,181380,Left-Back,EFL Cup,25/26,1,1,0,0,90,100.0,1,0,0,0,100.0,0,0.0,0.0
DR Congo,Aaron Wan-Bissaka,477758,Right-Back,Premier League,25/26,25,38,0,3,2084,60.526315789473685,4,0,0,0,60.93567251461989,0,6.521739130434782,7.317073170731707
DR Congo,Aaron Wan-Bissaka,477758,Right-Back,FA Cup,25/26,2,4,0,0,120,25.0,1,0,0,0,25.0,0,0.0,0.0
DR Congo,Gédéon Kalulu,395685,Right-Back,Cyprus League,25/26,17,36,0,1,1197,36.11111111111111,4,0,0,0,36.94444444444444,0,1.639344262295082,2.7027027027027026
DR Congo,Gédéon Kalulu,395685,Right-Back,Kypello Kyprou,25/26,2,2,0,0,180,100.0,0,0,0,0,100.0,0,0.0,0.0
DR Congo,Ngal'ayel Mukau,1016015,Defensive Midfield,Ligue 1,25/26,30,34,1,0,1540,55.88235294117647,3,0,0,0,50.326797385620914,0,1.9230769230769231,2.3255813953488373
DR Congo,Ngal'ayel Mukau,1016015,Defensive Midfield,Europa League,25/26,11,12,1,0,713,75.0,1,0,0,0,64.23423423423424,0,7.142857142857142,7.142857142857142
DR Congo,Ngal'ayel Mukau,1016015,Defensive Midfield,Coupe de France,25/26,1,2,0,0,30,0.0,0,0,0,0,16.666666666666664,0,0.0,0.0
DR Congo,Charles Pickel,243879,Defensive Midfield,LaLiga,25/26,24,36,1,0,693,11.11111111111111,2,1,0,0,21.38888888888889,1,2.564102564102564,2.857142857142857
DR Congo,Charles Pickel,243879,Defensive Midfield,Copa del Rey,25/26,2,2,0,0,163,100.0,1,0,0,0,90.55555555555556,0,0.0,0.0
DR Congo,Noah Sadiki,727089,Central Midfield,Premier League,25/26,33,38,0,1,2896,86.8421052631579,9,0,0,0,84.67836257309942,0,2.380952380952381,2.5
DR Congo,Noah Sadiki,727089,Central Midfield,FA Cup,25/26,2,3,0,0,146,33.33333333333333,2,0,0,0,48.66666666666667,0,0.0,0.0
DR Congo,Edo Kayembe,486477,Central Midfield,Championship,25/26,37,46,4,1,2497,60.86956521739131,4,0,0,0,60.31400966183574,0,9.433962264150944,11.363636363636363
DR Congo,Edo Kayembe,486477,Central Midfield,EFL Cup,25/26,1,1,0,0,90,100.0,1,0,0,0,100.0,0,0.0,0.0
DR Congo,Samuel Moutoussamy,353403,Central Midfield,Super League 1,25/26,21,24,3,0,1761,83.33333333333334,3,0,0,0,81.52777777777777,0,12.5,12.5
DR Congo,Samuel Moutoussamy,353403,Central Midfield,Kypello Elladas,25/26,3,5,0,0,116,20.0,1,0,0,0,25.77777777777778,0,0.0,0.0
DR Congo,Samuel Moutoussamy,353403,Central Midfield,Super League Play-out,25/26,7,10,0,0,577,70.0,2,0,0,0,64.11111111111111,0,0.0,0.0
DR Congo,Samuel Moutoussamy,353403,Central Midfield,1.Lig,25/26,4,4,0,0,203,50.0,1,0,0,0,56.388888888888886,0,0.0,0.0
DR Congo,Aaron Tshibola,243633,Central Midfield,Premiership,25/26,9,9,0,0,464,55.55555555555556,3,0,0,0,57.28395061728395,0,0.0,0.0
DR Congo,Aaron Tshibola,243633,Central Midfield,Premiership Relegation,25/26,5,5,0,0,422,100.0,0,0,0,0,93.77777777777779,0,0.0,0.0
DR Congo,Aaron Tshibola,243633,Central Midfield,Super League 1,25/26,10,19,0,0,373,21.052631578947366,0,1,0,0,21.81286549707602,0,0.0,0.0
DR Congo,Aaron Tshibola,243633,Central Midfield,Kypello Elladas,25/26,5,6,0,0,372,83.33333333333334,1,0,0,0,68.88888888888889,0,0.0,0.0
DR Congo,Meschack Elia,423678,Attacking Midfield,Süper Lig,25/26,22,31,3,0,813,25.806451612903224,1,0,0,0,29.139784946236556,0,7.894736842105263,11.11111111111111
DR Congo,Meschack Elia,423678,Attacking Midfield,Türkiye Kupasi,25/26,3,7,0,1,176,28.57142857142857,0,0,0,0,27.936507936507937,0,6.666666666666667,8.333333333333332
DR Congo,Gaël Kakuta,74297,Attacking Midfield,Super League 1,25/26,5,6,0,1,275,50.0,0,0,0,0,50.92592592592593,0,33.33333333333333,50.0
DR Congo,Gaël Kakuta,74297,Attacking Midfield,Super League Play-out,25/26,7,10,1,1,201,10.0,0,0,0,0,22.333333333333332,0,16.666666666666664,18.181818181818183
DR Congo,Gaël Kakuta,74297,Attacking Midfield,1.Lig,25/26,20,24,8,3,1611,83.33333333333334,3,0,0,0,74.58333333333333,0,34.375,34.375
DR Congo,Nathanaël Mbuku,557614,Left Winger,Ligue 2,25/26,30,34,4,6,2192,76.47058823529412,5,0,0,0,71.63398692810458,0,24.390243902439025,28.57142857142857
DR Congo,Nathanaël Mbuku,557614,Left Winger,Coupe de France,25/26,2,5,0,0,102,20.0,0,0,0,0,22.666666666666664,0,0.0,0.0
DR Congo,Brian Cipenga,700565,Left Winger,LaLiga2,25/26,30,42,6,9,2250,57.14285714285714,1,0,0,0,59.523809523809526,0,21.428571428571427,29.411764705882355
DR Congo,Théo Bongonda,280701,Right Winger,Premier Liga,25/26,4,30,0,0,47,0.0,0,0,0,0,1.7407407407407407,0,0.0,0.0
DR Congo,Théo Bongonda,280701,Right Winger,Russian Cup,25/26,2,13,0,0,63,7.6923076923076925,0,0,0,0,5.384615384615385,0,0.0,0.0
DR Congo,Yoane Wissa,388165,Centre-Forward,Premier League,25/26,19,35,1,1,521,11.428571428571429,3,0,0,0,16.53968253968254,0,3.9215686274509802,6.0606060606060606
DR Congo,Yoane Wissa,388165,Centre-Forward,UEFA Champions League,25/26,4,12,1,1,101,8.333333333333332,0,0,0,0,9.351851851851851,0,6.896551724137931,16.666666666666664
DR Congo,Yoane Wissa,388165,Centre-Forward,FA Cup,25/26,2,3,0,0,96,33.33333333333333,1,0,0,0,32.0,0,0.0,0.0
DR Congo,Yoane Wissa,388165,Centre-Forward,EFL Cup,25/26,3,5,1,0,186,40.0,0,0,0,0,41.333333333333336,0,11.11111111111111,33.33333333333333
DR Congo,Simon Banza,344869,Centre-Forward,UAE Pro League,25/26,16,22,9,1,1142,54.54545454545454,1,0,0,0,57.67676767676768,0,25.64102564102564,33.33333333333333
DR Congo,Simon Banza,344869,Centre-Forward,UAE President's Cup,25/26,2,4,0,0,165,50.0,0,0,0,0,45.83333333333333,0,0.0,0.0
DR Congo,Simon Banza,344869,Centre-Forward,UAE League Cup,25/26,2,4,0,0,114,50.0,0,0,0,0,31.666666666666664,0,0.0,0.0
DR Congo,Fiston Mayele,727157,Centre-Forward,Premier League,25/26,18,20,3,1,1221,70.0,1,0,0,0,67.83333333333333,0,12.121212121212121,12.121212121212121
DR Congo,Fiston Mayele,727157,Centre-Forward,FIFA Intercontinental Cup,25/26,3,3,3,0,244,100.0,0,0,0,0,90.37037037037037,0,50.0,50.0
DR Congo,Fiston Mayele,727157,Centre-Forward,CAF-Champions League,25/26,11,12,4,0,911,91.66666666666666,1,0,0,0,84.35185185185186,0,16.666666666666664,20.0
DR Congo,Fiston Mayele,727157,Centre-Forward,Championship Playoff,25/26,6,6,2,1,377,66.66666666666666,1,0,0,0,69.81481481481482,0,30.0,30.0
DR Congo,Fiston Mayele,727157,Centre-Forward,Egyptian Super Cup,25/26,1,2,0,0,90,50.0,0,0,0,0,50.0,0,0.0,0.0
DR Congo,Fiston Mayele,727157,Centre-Forward,Egypt Cup,25/26,3,5,1,0,181,40.0,1,0,0,0,40.22222222222222,0,7.6923076923076925,14.285714285714285
DR Congo,Fiston Mayele,727157,Centre-Forward,CAF-Supercup,25/26,1,1,1,0,90,100.0,0,0,0,0,100.0,0,100.0,100.0
DR Congo,Cédric Bakambu,127048,Centre-Forward,LaLiga,25/26,18,38,3,1,562,13.157894736842104,1,0,0,0,16.432748538011698,0,6.779661016949152,8.0
DR Congo,Cédric Bakambu,127048,Centre-Forward,Europa League,25/26,6,12,1,2,420,41.66666666666667,3,0,0,0,38.88888888888889,0,15.0,17.647058823529413
DR Congo,Cédric Bakambu,127048,Centre-Forward,Copa del Rey,25/26,3,5,0,0,193,60.0,0,0,0,0,42.888888888888886,0,0.0,0.0
Ecuador,Gonzalo Valle,351941,Goalkeeper,LigaPro Serie A,2026,14,15,0,0,1260,93.33333333333333,2,0,4,13,93.33333333333333,0,0.0,0.0
Ecuador,Gonzalo Valle,351941,Goalkeeper,Libertadores,2026,6,6,0,0,540,100.0,1,0,3,5,100.0,0,0.0,0.0
Ecuador,Moisés Ramírez,450233,Goalkeeper,Super League 1,25/26,20,26,0,0,1800,76.92307692307693,6,0,4,31,76.92307692307693,0,0.0,0.0
Ecuador,Moisés Ramírez,450233,Goalkeeper,Kypello Elladas,25/26,2,7,0,0,180,28.57142857142857,0,0,0,3,27.27272727272727,0,0.0,0.0
Ecuador,Moisés Ramírez,450233,Goalkeeper,Super League Play-out,25/26,8,10,0,0,720,80.0,2,0,4,6,80.0,0,0.0,0.0
Ecuador,Hernán Galíndez,77127,Goalkeeper,Playoff Torneo Apertura,2026,2,2,0,0,240,100.0,0,0,0,3,100.0,0,0.0,0.0
Ecuador,Hernán Galíndez,77127,Goalkeeper,Torneo Apertura ,2026,15,16,0,0,1350,93.75,0,0,6,13,93.75,0,0.0,0.0
Ecuador,Willian Pacho,661171,Centre-Back,Ligue 1,25/26,23,34,0,0,1915,61.76470588235294,0,0,0,0,62.58169934640523,0,0.0,0.0
Ecuador,Willian Pacho,661171,Centre-Back,UEFA Champions League,25/26,17,17,2,1,1560,100.0,0,0,0,0,100.0,0,6.122448979591836,6.666666666666667
Ecuador,Willian Pacho,661171,Centre-Back,UEFA Super Cup,25/26,1,1,0,0,90,100.0,1,0,0,0,100.0,0,0.0,0.0
Ecuador,Willian Pacho,661171,Centre-Back,FIFA Intercontinental Cup,25/26,1,1,0,0,120,100.0,1,0,0,0,100.0,0,0.0,0.0
Ecuador,Willian Pacho,661171,Centre-Back,Coupe de France,25/26,1,2,0,0,64,50.0,0,0,0,0,35.55555555555556,0,0.0,0.0
Ecuador,Willian Pacho,661171,Centre-Back,Trophée des Champions,25/26,1,1,0,0,90,100.0,0,0,0,0,100.0,0,0.0,0.0
Ecuador,Piero Hincapié,659813,Centre-Back,Premier League,25/26,25,35,1,2,1792,57.14285714285714,2,0,0,0,56.888888888888886,0,4.615384615384616,5.084745762711865
Ecuador,Piero Hincapié,659813,Centre-Back,UEFA Champions League,25/26,10,15,0,0,694,46.666666666666664,0,0,0,0,50.289855072463766,0,0.0,0.0
Ecuador,Piero Hincapié,659813,Centre-Back,FA Cup,25/26,1,4,0,0,52,0.0,0,0,0,0,14.444444444444443,0,0.0,0.0
Ecuador,Piero Hincapié,659813,Centre-Back,EFL Cup,25/26,3,6,0,0,225,50.0,1,0,0,0,41.66666666666667,0,0.0,0.0
Ecuador,Piero Hincapié,659813,Centre-Back,Bundesliga,25/26,1,2,0,0,90,50.0,0,0,0,0,50.0,0,0.0,0.0
Ecuador,Piero Hincapié,659813,Centre-Back,DFB-Pokal,25/26,1,1,0,0,65,100.0,0,0,0,0,72.22222222222221,0,0.0,0.0
Ecuador,Joel Ordóñez,893661,Centre-Back,Jupiler Pro League,25/26,23,30,3,0,1822,66.66666666666666,3,2,0,0,67.48148148148148,0,5.084745762711865,6.0
Ecuador,Joel Ordóñez,893661,Centre-Back,UEFA Champions League,25/26,10,10,1,0,871,100.0,1,0,0,0,96.77777777777777,0,5.263157894736842,5.263157894736842
Ecuador,Joel Ordóñez,893661,Centre-Back,Champions League Qu.,25/26,0,4,0,0,0,0.0,0,0,0,0,0.0,0,0.0,0.0
Ecuador,Joel Ordóñez,893661,Centre-Back,Volkswagen Supercup,25/26,1,1,0,0,90,100.0,1,0,0,0,100.0,0,0.0,0.0
Ecuador,Joel Ordóñez,893661,Centre-Back,Croky Cup,25/26,2,3,0,0,180,66.66666666666666,0,0,0,0,66.66666666666666,0,0.0,0.0
Ecuador,Joel Ordóñez,893661,Centre-Back,Jupiler Pro League Champions' Play-Offs,25/26,10,10,0,0,846,100.0,1,0,0,0,94.0,0,0.0,0.0
Ecuador,Jackson Porozo,491616,Centre-Back,Liga MX Apertura,25/26,17,17,2,0,1530,100.0,5,0,0,0,100.0,0,6.896551724137931,6.896551724137931
Ecuador,Jackson Porozo,491616,Centre-Back,Liga MX Clausura,25/26,16,17,0,0,1409,94.11764705882352,2,1,0,0,92.09150326797385,0,0.0,0.0
Ecuador,Jackson Porozo,491616,Centre-Back,Liguilla Apertura,25/26,2,3,0,0,180,66.66666666666666,2,0,0,0,66.66666666666666,0,0.0,0.0
Ecuador,Félix Torres,468174,Centre-Back,Série A,2026,12,18,1,0,948,55.55555555555556,3,0,0,0,58.51851851851851,0,4.761904761904762,7.142857142857142
Ecuador,Félix Torres,468174,Centre-Back,Copa do Brasil,2026,2,2,0,0,180,100.0,0,0,0,0,100.0,0,0.0,0.0
Ecuador,Félix Torres,468174,Centre-Back,Campeonato Gaúcho,2026,5,9,1,0,369,44.44444444444444,0,0,0,0,45.55555555555556,0,5.263157894736842,5.88235294117647
Ecuador,Félix Torres,468174,Centre-Back,Campeonato Paulista,2026,0,2,0,0,0,0.0,0,0,0,0,0.0,0,0.0,0.0
Ecuador,Pervis Estupiñán,349599,Left-Back,Serie A,25/26,19,38,1,1,1036,34.21052631578947,5,1,0,0,30.292397660818715,0,3.7735849056603774,4.3478260869565215
Ecuador,Pervis Estupiñán,349599,Left-Back,Supercoppa Italiana,25/26,1,1,0,0,90,100.0,0,0,0,0,100.0,0,0.0,0.0
Ecuador,Pervis Estupiñán,349599,Left-Back,Italy Cup,25/26,2,3,0,0,177,66.66666666666666,1,0,0,0,65.55555555555556,0,0.0,0.0
Ecuador,Yaimar Medina,893659,Left-Back,Jupiler Pro League,25/26,21,30,0,1,1136,43.333333333333336,2,0,0,0,42.074074074074076,0,2.1739130434782608,2.631578947368421
Ecuador,Yaimar Medina,893659,Left-Back,Europa League,25/26,11,12,1,0,586,50.0,2,0,0,0,52.792792792792795,0,5.263157894736842,5.263157894736842
Ecuador,Yaimar Medina,893659,Left-Back,Europa League Qualifying,25/26,1,2,0,0,78,50.0,0,0,0,0,43.333333333333336,0,0.0,0.0
Ecuador,Yaimar Medina,893659,Left-Back,Croky Cup,25/26,1,2,0,0,19,0.0,0,0,0,0,9.047619047619047,0,0.0,0.0
Ecuador,Yaimar Medina,893659,Left-Back,JPL Europe Play-Offs,25/26,6,10,0,2,396,50.0,2,0,0,0,44.0,0,18.181818181818183,25.0
Ecuador,Angelo Preciado,450241,Right-Back,Série A,2026,7,18,0,0,376,22.22222222222222,1,0,0,0,23.209876543209877,0,0.0,0.0
Ecuador,Angelo Preciado,450241,Right-Back,Copa do Brasil,2026,1,2,0,0,90,50.0,1,0,0,0,50.0,0,0.0,0.0
Ecuador,Angelo Preciado,450241,Right-Back,Campeonato Mineiro,2026,6,9,0,0,287,44.44444444444444,0,1,0,0,35.432098765432094,0,0.0,0.0
Ecuador,Angelo Preciado,450241,Right-Back,Copa Sudamericana,2026,2,6,0,0,148,33.33333333333333,0,0,0,0,27.40740740740741,1,0.0,0.0
Ecuador,Angelo Preciado,450241,Right-Back,Conference League,25/26,4,6,1,1,284,50.0,2,0,0,0,52.59259259259259,0,20.0,33.33333333333333
Ecuador,Angelo Preciado,450241,Right-Back,UECL Qualifying,25/26,5,6,0,3,337,66.66666666666666,0,0,0,0,62.40740740740741,0,23.076923076923077,33.33333333333333
Ecuador,Angelo Preciado,450241,Right-Back,Chance Liga,25/26,14,19,0,3,964,52.63157894736842,4,0,0,0,56.37426900584796,0,8.571428571428571,11.11111111111111
Ecuador,Angelo Preciado,450241,Right-Back,MOL Cup,25/26,0,2,0,0,0,0.0,0,0,0,0,0.0,0,0.0,0.0
Ecuador,Moisés Caicedo,687626,Defensive Midfield,Premier League,25/26,33,38,3,1,2802,84.21052631578947,11,1,0,0,81.9298245614035,0,6.896551724137931,7.4074074074074066
Ecuador,Moisés Caicedo,687626,Defensive Midfield,UEFA Champions League,25/26,10,10,2,0,851,90.0,1,0,0,0,94.55555555555556,0,10.526315789473683,10.526315789473683
Ecuador,Moisés Caicedo,687626,Defensive Midfield,FA Cup,25/26,4,6,0,0,331,66.66666666666666,2,0,0,0,58.07017543859649,0,0.0,0.0
Ecuador,Moisés Caicedo,687626,Defensive Midfield,EFL Cup,25/26,3,5,0,0,185,40.0,2,0,0,0,41.11111111111111,0,0.0,0.0
Ecuador,Jordy Alcívar,598145,Defensive Midfield,LigaPro Serie A,2026,7,16,0,1,421,31.25,1,1,0,0,29.236111111111114,0,3.125,4.166666666666666
Ecuador,Jordy Alcívar,598145,Defensive Midfield,Libertadores,2026,6,6,1,1,504,100.0,0,0,0,0,93.33333333333333,0,18.181818181818183,18.181818181818183
Ecuador,Jordy Alcívar,598145,Defensive Midfield,Supercopa Ecuador,2026,1,1,0,0,90,100.0,0,0,0,0,100.0,0,0.0,0.0
Ecuador,Denil Castillo,941418,Central Midfield,Superliga,25/26,18,22,4,5,1271,72.72727272727273,3,0,0,0,64.19191919191918,0,15.517241379310345,20.0
Ecuador,Denil Castillo,941418,Central Midfield,Europa League,25/26,10,10,0,0,644,80.0,1,0,0,0,69.24731182795699,0,0.0,0.0
Ecuador,Denil Castillo,941418,Central Midfield,Europa League Qualifying,25/26,6,6,1,1,311,50.0,0,0,0,0,54.56140350877193,0,14.285714285714285,14.285714285714285
Ecuador,Denil Castillo,941418,Central Midfield,Superliga Championship round,25/26,8,10,0,0,453,50.0,2,0,0,0,50.33333333333333,0,0.0,0.0
Ecuador,Denil Castillo,941418,Central Midfield,Oddset Pokalen,25/26,6,7,1,1,241,57.14285714285714,0,0,0,0,38.25396825396825,0,12.5,18.181818181818183
Ecuador,Denil Castillo,941418,Central Midfield,Future Cup,25/26,1,1,0,0,45,0.0,0,0,0,0,50.0,0,0.0,0.0
Ecuador,Alan Franco,400960,Central Midfield,Série A,2026,15,18,0,1,1305,83.33333333333334,3,0,0,0,80.55555555555556,0,4.545454545454546,5.0
Ecuador,Alan Franco,400960,Central Midfield,Copa do Brasil,2026,2,2,0,0,180,100.0,1,0,0,0,100.0,0,0.0,0.0
Ecuador,Alan Franco,400960,Central Midfield,Campeonato Mineiro,2026,10,11,0,1,811,81.81818181818183,2,1,0,0,81.91919191919192,0,4.761904761904762,5.88235294117647
Ecuador,Alan Franco,400960,Central Midfield,Copa Sudamericana,2026,4,6,0,0,250,33.33333333333333,1,0,0,0,46.2962962962963,0,0.0,0.0
Ecuador,Kendry Páez,1052439,Attacking Midfield,Playoff Torneo Apertura,2026,2,4,0,0,44,0.0,0,0,0,0,11.282051282051283,0,0.0,0.0
Ecuador,Kendry Páez,1052439,Attacking Midfield,Copa Argentina,2026,0,1,0,0,0,0.0,0,0,0,0,0.0,0,0.0,0.0
Ecuador,Kendry Páez,1052439,Attacking Midfield,Torneo Apertura ,2026,8,14,1,0,316,21.428571428571427,1,0,0,0,25.07936507936508,0,5.263157894736842,5.555555555555555
Ecuador,Kendry Páez,1052439,Attacking Midfield,Copa Sudamericana,2026,4,6,0,1,102,0.0,0,0,0,0,18.88888888888889,0,11.11111111111111,11.11111111111111
Ecuador,Kendry Páez,1052439,Attacking Midfield,Ligue 1,25/26,15,19,1,0,420,21.052631578947366,0,0,0,0,24.561403508771928,0,3.125,3.125
Ecuador,Kendry Páez,1052439,Attacking Midfield,Conference League,25/26,5,6,0,0,280,50.0,2,0,0,0,51.85185185185185,0,0.0,0.0
Ecuador,Kendry Páez,1052439,Attacking Midfield,UECL Qualifying,25/26,1,2,0,0,18,0.0,0,0,0,0,10.0,0,0.0,0.0
Ecuador,Kendry Páez,1052439,Attacking Midfield,Coupe de France,25/26,0,2,0,0,0,0.0,0,0,0,0,0.0,0,0.0,0.0
Ecuador,Pedro Vite,659806,Attacking Midfield,Liga MX Apertura,25/26,14,16,1,0,907,50.0,1,0,0,0,62.98611111111111,0,4.166666666666666,4.3478260869565215
Ecuador,Pedro Vite,659806,Attacking Midfield,CONCACAF Champions Cup,25/26,2,2,1,0,173,100.0,0,0,0,0,96.11111111111111,0,50.0,50.0
Ecuador,Pedro Vite,659806,Attacking Midfield,Liga MX Clausura,25/26,17,17,1,0,1405,94.11764705882352,2,0,0,0,91.83006535947712,0,2.941176470588235,2.941176470588235
Ecuador,Pedro Vite,659806,Attacking Midfield,Liguilla Clausura,25/26,6,6,0,1,540,100.0,1,0,0,0,100.0,0,12.5,12.5
Ecuador,Pedro Vite,659806,Attacking Midfield,Liguilla Apertura,25/26,1,1,1,0,45,0.0,0,0,0,0,50.0,0,100.0,100.0
Ecuador,Nilson Angulo,903611,Left Winger,Premier League,25/26,8,15,0,0,406,33.33333333333333,1,0,0,0,30.074074074074076,0,0.0,0.0
Ecuador,Nilson Angulo,903611,Left Winger,FA Cup,25/26,1,2,0,0,90,50.0,0,0,0,0,50.0,0,0.0,0.0
Ecuador,Nilson Angulo,903611,Left Winger,Europa League Qualifying,25/26,2,2,0,0,159,100.0,1,0,0,0,75.71428571428571,0,0.0,0.0
Ecuador,Nilson Angulo,903611,Left Winger,UECL Qualifying,25/26,3,4,1,0,253,75.0,1,0,0,0,70.27777777777777,0,20.0,20.0
Ecuador,Nilson Angulo,903611,Left Winger,Jupiler Pro League,25/26,22,23,6,7,1902,95.65217391304348,2,0,0,0,91.88405797101449,1,43.333333333333336,44.827586206896555
Ecuador,Nilson Angulo,903611,Left Winger,Croky Cup,25/26,3,3,0,1,255,66.66666666666666,0,0,0,0,85.0,1,16.666666666666664,16.666666666666664
Ecuador,Gonzalo Plata,592735,Right Winger,Série A,2026,10,17,2,2,561,35.294117647058826,1,0,0,0,36.666666666666664,0,12.903225806451612,15.384615384615385
Ecuador,Gonzalo Plata,592735,Right Winger,FIFA Intercontinental Cup,25/26,3,3,0,0,243,66.66666666666666,1,0,0,0,81.0,0,0.0,0.0
Ecuador,Gonzalo Plata,592735,Right Winger,Copa do Brasil,2026,1,2,0,0,18,0.0,0,0,0,0,10.0,0,0.0,0.0
Ecuador,Gonzalo Plata,592735,Right Winger,Supercopa Rei,2026,1,1,0,0,81,100.0,0,0,0,0,90.0,0,0.0,0.0
Ecuador,Gonzalo Plata,592735,Right Winger,Libertadores,2026,4,6,0,1,227,33.33333333333333,0,0,0,0,42.03703703703704,0,7.142857142857142,10.0
Ecuador,Gonzalo Plata,592735,Right Winger,Campeonato Carioca,2026,6,10,0,0,320,40.0,1,0,0,0,35.55555555555556,0,0.0,0.0
Ecuador,Gonzalo Plata,592735,Right Winger,Recopa Sudamericana,2026,1,2,0,0,64,50.0,0,0,0,0,30.476190476190478,0,0.0,0.0
Ecuador,Alan Minda,897051,Right Winger,Série A,2026,9,18,2,0,351,16.666666666666664,0,0,0,0,21.666666666666668,0,9.090909090909092,13.333333333333334
Ecuador,Alan Minda,897051,Right Winger,Copa do Brasil,2026,2,2,0,0,68,50.0,0,0,0,0,37.77777777777778,0,0.0,0.0
Ecuador,Alan Minda,897051,Right Winger,Campeonato Mineiro,2026,4,10,0,0,75,0.0,0,1,0,0,8.333333333333332,0,0.0,0.0
Ecuador,Alan Minda,897051,Right Winger,Copa Sudamericana,2026,4,6,1,0,246,50.0,0,0,0,0,45.55555555555556,0,12.5,20.0
Ecuador,Alan Minda,897051,Right Winger,Jupiler Pro League,25/26,17,20,3,3,969,55.00000000000001,0,0,0,0,53.833333333333336,0,24.0,24.0
Ecuador,Alan Minda,897051,Right Winger,Croky Cup,25/26,1,2,0,0,29,0.0,0,0,0,0,16.11111111111111,0,0.0,0.0
Ecuador,Anthony Valencia,974374,Right Winger,Jupiler Pro League,25/26,14,30,4,0,672,16.666666666666664,1,0,0,0,24.88888888888889,0,12.903225806451612,22.22222222222222
Ecuador,Anthony Valencia,974374,Right Winger,Croky Cup,25/26,4,5,0,0,150,0.0,0,0,0,0,29.411764705882355,0,0.0,0.0
Ecuador,Anthony Valencia,974374,Right Winger,JPL Europe Play-Offs,25/26,9,10,0,2,653,70.0,2,0,0,0,72.55555555555556,0,16.666666666666664,20.0
Ecuador,John Yeboah,439914,Second Striker,Serie B,25/26,34,38,10,10,2620,81.57894736842105,2,1,0,0,76.60818713450293,0,25.97402597402597,26.666666666666668
Ecuador,John Yeboah,439914,Second Striker,Italy Cup,25/26,2,3,2,1,97,33.33333333333333,0,0,0,0,35.92592592592593,0,30.0,75.0
Ecuador,Jeremy Arévalo,971663,Centre-Forward,Bundesliga,25/26,7,19,0,1,32,0.0,0,0,0,0,1.8713450292397662,0,2.1739130434782608,4.0
Ecuador,Jeremy Arévalo,971663,Centre-Forward,DFB-Pokal,25/26,0,3,0,0,0,0.0,0,0,0,0,0.0,0,0.0,0.0
Ecuador,Jeremy Arévalo,971663,Centre-Forward,3. Liga,25/26,4,4,5,1,331,100.0,0,0,0,0,91.94444444444444,0,46.15384615384615,46.15384615384615
Ecuador,Jeremy Arévalo,971663,Centre-Forward,Copa del Rey,25/26,0,3,0,0,0,0.0,0,0,0,0,0.0,0,0.0,0.0
Ecuador,Jeremy Arévalo,971663,Centre-Forward,LaLiga2,25/26,18,19,8,0,875,42.10526315789473,1,0,0,0,51.16959064327485,0,19.047619047619047,20.0
Ecuador,Kevin Rodríguez,684159,Centre-Forward,Jupiler Pro League,25/26,21,30,8,1,1164,43.333333333333336,1,0,0,0,43.111111111111114,0,18.0,24.324324324324326
Ecuador,Kevin Rodríguez,684159,Centre-Forward,UEFA Champions League,25/26,6,8,0,1,378,50.0,0,0,0,0,52.5,0,12.5,14.285714285714285
Ecuador,Kevin Rodríguez,684159,Centre-Forward,Volkswagen Supercup,25/26,1,1,0,1,77,100.0,0,0,0,0,85.55555555555556,0,100.0,100.0
Ecuador,Kevin Rodríguez,684159,Centre-Forward,Croky Cup,25/26,4,6,4,1,241,33.33333333333333,0,0,0,0,42.280701754385966,0,35.714285714285715,50.0
Ecuador,Kevin Rodríguez,684159,Centre-Forward,Jupiler Pro League Champions' Play-Offs,25/26,10,10,2,1,662,90.0,1,0,0,0,73.55555555555556,0,18.75,18.75
Ecuador,Jordy Caicedo,360412,Centre-Forward,Playoff Torneo Apertura,2026,2,2,0,0,165,100.0,1,0,0,0,68.75,0,0.0,0.0
Ecuador,Jordy Caicedo,360412,Centre-Forward,Torneo Apertura ,2026,15,16,8,0,1328,93.75,7,0,0,0,92.22222222222223,0,47.05882352941176,47.05882352941176
Ecuador,Jordy Caicedo,360412,Centre-Forward,Copa del Rey,25/26,3,3,0,0,251,100.0,0,0,0,0,92.96296296296296,0,0.0,0.0
Ecuador,Jordy Caicedo,360412,Centre-Forward,LaLiga2,25/26,10,20,0,0,123,0.0,1,0,0,0,6.833333333333333,0,0.0,0.0
Ecuador,Enner Valencia,139503,Centre-Forward,Liga MX Apertura,25/26,9,10,3,0,692,90.0,0,0,0,0,76.88888888888889,0,30.0,30.0
Ecuador,Enner Valencia,139503,Centre-Forward,Liga MX Clausura,25/26,8,17,2,0,298,5.88235294117647,1,0,0,0,19.477124183006538,1,8.0,14.285714285714285
Ecuador,Enner Valencia,139503,Centre-Forward,Liguilla Clausura,25/26,4,4,2,0,319,100.0,0,0,0,0,88.61111111111111,0,50.0,50.0
Ecuador,Enner Valencia,139503,Centre-Forward,Liguilla Apertura,25/26,1,2,1,1,56,50.0,0,0,0,0,31.11111111111111,0,50.0,66.66666666666666
Egypt,Oufa Shobeir,661455,Goalkeeper,Premier League,25/26,5,20,0,0,450,25.0,0,0,1,6,25.0,0,0.0,0.0
Egypt,Oufa Shobeir,661455,Goalkeeper,CAF-Champions League,25/26,9,10,0,0,731,80.0,1,0,5,6,81.22222222222221,0,0.0,0.0
Egypt,Oufa Shobeir,661455,Goalkeeper,Championship Playoff,25/26,6,6,0,0,540,100.0,2,0,3,5,100.0,0,0.0,0.0
Egypt,Oufa Shobeir,661455,Goalkeeper,Egyptian Super Cup,25/26,0,2,0,0,0,0.0,0,0,0,0,0.0,0,0.0,0.0
Egypt,Mohamed Alaa,1307898,Goalkeeper,Premier League,25/26,19,20,0,0,1710,95.0,1,0,7,15,95.0,0,0.0,0.0
Egypt,Mohamed Alaa,1307898,Goalkeeper,Egyptian League Cup,25/26,2,8,0,0,139,25.0,0,1,2,0,19.305555555555557,0,0.0,0.0
Egypt,Mohamed Alaa,1307898,Goalkeeper,Relegation Playoff,25/26,10,13,0,0,900,76.92307692307693,2,0,5,6,76.92307692307693,0,0.0,0.0
Egypt,Mohamed Alaa,1307898,Goalkeeper,Egypt Cup,25/26,1,2,0,0,90,50.0,0,0,0,3,50.0,0,0.0,0.0
Egypt,Mohamed El Shenawy,134573,Goalkeeper,Premier League,25/26,15,20,0,0,1350,75.0,2,0,5,13,75.0,0,0.0,0.0
Egypt,Mohamed El Shenawy,134573,Goalkeeper,CAF-Champions League,25/26,2,10,0,0,169,20.0,0,0,1,1,18.777777777777775,0,0.0,0.0
Egypt,Mohamed El Shenawy,134573,Goalkeeper,Championship Playoff,25/26,0,6,0,0,0,0.0,0,0,0,0,0.0,1,0.0,0.0
Egypt,Mohamed El Shenawy,134573,Goalkeeper,Egyptian Super Cup,25/26,2,2,0,0,180,100.0,0,0,1,1,100.0,0,0.0,0.0
Egypt,El Mahdi Soliman,104951,Goalkeeper,Premier League,25/26,6,20,0,0,476,25.0,1,0,3,3,26.444444444444443,0,0.0,0.0
Egypt,El Mahdi Soliman,104951,Goalkeeper,CAF Confederation Cup,25/26,6,14,0,0,480,42.857142857142854,2,0,3,3,38.095238095238095,0,0.0,0.0
Egypt,El Mahdi Soliman,104951,Goalkeeper,Championship Playoff,25/26,5,6,0,0,450,83.33333333333334,0,0,3,4,83.33333333333334,0,0.0,0.0
Egypt,El Mahdi Soliman,104951,Goalkeeper,Egyptian League Cup,25/26,3,6,0,0,270,50.0,0,0,0,5,50.0,0,0.0,0.0
Egypt,El Mahdi Soliman,104951,Goalkeeper,Egyptian Super Cup,25/26,0,2,0,0,0,0.0,0,0,0,0,0.0,0,0.0,0.0
Egypt,El Mahdi Soliman,104951,Goalkeeper,Egypt Cup,25/26,1,2,0,0,90,50.0,0,0,0,2,50.0,0,0.0,0.0
Egypt,Mohamed Abdelmonem,566025,Centre-Back,Ligue 1,25/26,0,34,0,0,0,0.0,0,0,0,0,0.0,0,0.0,0.0
Egypt,Hossam Abdelmaguid,737524,Centre-Back,Premier League,25/26,19,20,3,0,1671,95.0,3,0,0,0,92.83333333333333,0,9.375,11.11111111111111
Egypt,Hossam Abdelmaguid,737524,Centre-Back,CAF Confederation Cup,25/26,14,14,2,0,1215,92.85714285714286,2,0,0,0,96.42857142857143,0,8.333333333333332,11.11111111111111
Egypt,Hossam Abdelmaguid,737524,Centre-Back,Championship Playoff,25/26,6,6,1,0,540,100.0,0,0,0,0,100.0,0,14.285714285714285,14.285714285714285
Egypt,Hossam Abdelmaguid,737524,Centre-Back,Egyptian Super Cup,25/26,1,2,0,0,45,0.0,0,0,0,0,25.0,0,0.0,0.0
Egypt,Hossam Abdelmaguid,737524,Centre-Back,Egypt Cup,25/26,1,2,0,0,90,50.0,0,0,0,0,50.0,0,0.0,0.0
Egypt,Ramy Rabia,172623,Centre-Back,UAE Pro League,25/26,18,26,2,1,1472,65.38461538461539,1,1,0,0,62.9059829059829,0,4.838709677419355,6.666666666666667
Egypt,Ramy Rabia,172623,Centre-Back,UAE President's Cup,25/26,2,4,0,0,210,50.0,0,0,0,0,53.84615384615385,0,0.0,0.0
Egypt,Ramy Rabia,172623,Centre-Back,UAE League Cup,25/26,5,7,0,0,434,71.42857142857143,1,0,0,0,68.88888888888889,0,0.0,0.0
Egypt,Yasser Ibrahim,237425,Centre-Back,Premier League,25/26,14,20,1,0,1215,70.0,4,0,0,0,67.5,0,3.0303030303030303,3.8461538461538463
Egypt,Yasser Ibrahim,237425,Centre-Back,CAF-Champions League,25/26,10,10,0,0,813,90.0,2,0,0,0,90.33333333333333,0,0.0,0.0
Egypt,Yasser Ibrahim,237425,Centre-Back,Championship Playoff,25/26,4,6,1,0,351,66.66666666666666,0,0,0,0,65.0,0,9.090909090909092,12.5
Egypt,Yasser Ibrahim,237425,Centre-Back,Egyptian Super Cup,25/26,2,2,0,0,180,100.0,0,0,0,0,100.0,0,0.0,0.0
Egypt,Ahmed Fatouh,465966,Left-Back,Premier League,25/26,12,20,1,2,557,25.0,1,0,0,0,30.944444444444446,0,9.375,13.636363636363635
Egypt,Ahmed Fatouh,465966,Left-Back,CAF Confederation Cup,25/26,10,14,0,2,790,71.42857142857143,2,0,0,0,62.698412698412696,0,8.333333333333332,14.285714285714285
Egypt,Ahmed Fatouh,465966,Left-Back,Championship Playoff,25/26,5,6,0,1,331,66.66666666666666,1,0,0,0,61.29629629629629,0,14.285714285714285,14.285714285714285
Egypt,Ahmed Fatouh,465966,Left-Back,Egyptian Super Cup,25/26,2,2,0,0,180,100.0,0,0,0,0,100.0,0,0.0,0.0
Egypt,Karim Hafez,333004,Left-Back,Premier League,25/26,14,20,1,1,944,50.0,4,0,0,0,52.44444444444445,0,6.0606060606060606,8.333333333333332
Egypt,Karim Hafez,333004,Left-Back,FIFA Intercontinental Cup,25/26,2,3,0,0,83,33.33333333333333,0,0,0,0,30.74074074074074,0,0.0,0.0
Egypt,Karim Hafez,333004,Left-Back,CAF-Champions League,25/26,9,12,0,1,419,33.33333333333333,2,0,0,0,38.7962962962963,0,4.166666666666666,5.0
Egypt,Karim Hafez,333004,Left-Back,Championship Playoff,25/26,4,6,1,0,270,50.0,0,0,0,0,50.0,0,10.0,10.0
Egypt,Karim Hafez,333004,Left-Back,Egyptian Super Cup,25/26,2,2,0,0,100,50.0,0,0,0,0,55.55555555555556,0,0.0,0.0
Egypt,Karim Hafez,333004,Left-Back,Egypt Cup,25/26,4,5,1,1,266,60.0,0,0,0,0,59.111111111111114,0,15.384615384615385,18.181818181818183
Egypt,Mohamed Hany,343974,Right-Back,Premier League,25/26,18,20,0,4,1538,85.0,2,0,0,0,85.44444444444444,1,12.121212121212121,13.333333333333334
Egypt,Mohamed Hany,343974,Right-Back,CAF-Champions League,25/26,10,10,0,1,837,90.0,2,0,0,0,93.0,0,8.333333333333332,8.333333333333332
Egypt,Mohamed Hany,343974,Right-Back,Championship Playoff,25/26,5,6,0,1,425,66.66666666666666,1,0,0,0,78.70370370370371,0,9.090909090909092,12.5
Egypt,Mohamed Hany,343974,Right-Back,Egyptian Super Cup,25/26,2,2,0,0,180,100.0,0,0,0,0,100.0,0,0.0,0.0
Egypt,Tarek Alaa,1087789,Right-Back,Premier League,25/26,4,18,0,0,322,22.22222222222222,1,0,0,0,19.876543209876544,0,0.0,0.0
Egypt,Tarek Alaa,1087789,Right-Back,Relegation Playoff,25/26,9,13,0,1,618,53.84615384615385,0,0,0,0,52.820512820512825,0,5.555555555555555,10.0
Egypt,Tarek Alaa,1087789,Right-Back,Egypt Cup,25/26,3,5,0,0,294,60.0,2,0,0,0,57.647058823529406,0,0.0,0.0
Egypt,Tarek Alaa,1087789,Right-Back,FIFA Intercontinental Cup,25/26,0,3,0,0,0,0.0,0,0,0,0,0.0,0,0.0,0.0
Egypt,Tarek Alaa,1087789,Right-Back,CAF-Champions League,25/26,0,7,0,0,0,0.0,0,0,0,0,0.0,0,0.0,0.0
Egypt,Tarek Alaa,1087789,Right-Back,Egyptian Super Cup,25/26,1,2,0,0,72,50.0,1,0,0,0,40.0,0,0.0,0.0
Egypt,Marwan Ateya,734542,Defensive Midfield,Premier League,25/26,15,20,0,0,1198,70.0,3,0,0,0,66.55555555555556,0,0.0,0.0
Egypt,Marwan Ateya,734542,Defensive Midfield,CAF-Champions League,25/26,10,10,0,0,771,90.0,0,0,0,0,85.66666666666667,0,0.0,0.0
Egypt,Marwan Ateya,734542,Defensive Midfield,Championship Playoff,25/26,6,6,0,0,530,100.0,0,0,0,0,98.14814814814815,0,0.0,0.0
Egypt,Marwan Ateya,734542,Defensive Midfield,Egyptian Super Cup,25/26,2,2,1,0,180,100.0,1,0,0,0,100.0,0,25.0,25.0
Egypt,Mohanad Lasheen,479682,Defensive Midfield,Premier League,25/26,18,20,0,2,1540,85.0,0,0,0,0,85.55555555555556,0,6.0606060606060606,6.666666666666667
Egypt,Mohanad Lasheen,479682,Defensive Midfield,FIFA Intercontinental Cup,25/26,3,3,0,0,270,100.0,0,0,0,0,100.0,0,0.0,0.0
Egypt,Mohanad Lasheen,479682,Defensive Midfield,CAF-Champions League,25/26,10,12,0,0,779,75.0,0,0,0,0,72.12962962962963,0,0.0,0.0
Egypt,Mohanad Lasheen,479682,Defensive Midfield,Championship Playoff,25/26,6,6,0,0,540,100.0,0,0,0,0,100.0,0,0.0,0.0
Egypt,Mohanad Lasheen,479682,Defensive Midfield,Egyptian Super Cup,25/26,1,2,0,0,90,50.0,1,0,0,0,50.0,0,0.0,0.0
Egypt,Mohanad Lasheen,479682,Defensive Midfield,Egypt Cup,25/26,3,5,0,1,270,60.0,1,0,0,0,60.0,0,7.6923076923076925,12.5
Egypt,Mohanad Lasheen,479682,Defensive Midfield,CAF-Supercup,25/26,1,1,0,0,90,100.0,0,0,0,0,100.0,0,0.0,0.0
Egypt,Hamdy Fathy,340303,Defensive Midfield,Stars League,25/26,18,22,2,0,1483,77.27272727272727,5,0,0,0,74.8989898989899,0,5.555555555555555,5.555555555555555
Egypt,Hamdy Fathy,340303,Defensive Midfield,Amir Cup,25/26,3,3,0,0,270,100.0,0,0,0,0,100.0,0,0.0,0.0
Egypt,Hamdy Fathy,340303,Defensive Midfield,QSL Cup,25/26,1,10,0,0,67,10.0,0,0,0,0,7.444444444444444,0,0.0,0.0
Egypt,Nabil Dunga,479683,Defensive Midfield,Saudi Pro League,25/26,12,15,0,0,914,80.0,3,0,0,0,67.7037037037037,0,0.0,0.0
Egypt,Nabil Dunga,479683,Defensive Midfield,CAF Confederation Cup,25/26,2,6,0,0,92,16.666666666666664,2,0,0,0,17.037037037037038,0,0.0,0.0
Egypt,Nabil Dunga,479683,Defensive Midfield,Premier League,25/26,11,13,0,1,765,69.23076923076923,5,0,0,0,65.38461538461539,0,5.0,5.263157894736842
Egypt,Emam Ashour,604008,Central Midfield,Premier League,25/26,7,20,2,3,531,30.0,0,0,0,0,29.5,0,15.151515151515152,45.45454545454545
Egypt,Emam Ashour,604008,Central Midfield,CAF-Champions League,25/26,6,10,0,1,296,30.0,0,0,0,0,32.88888888888889,0,8.333333333333332,11.11111111111111
Egypt,Emam Ashour,604008,Central Midfield,Championship Playoff,25/26,6,6,0,2,444,83.33333333333334,0,0,0,0,82.22222222222221,0,18.181818181818183,18.181818181818183
Egypt,Mahmoud Saber,729390,Central Midfield,Premier League,25/26,18,20,3,5,1201,70.0,1,0,0,0,66.72222222222223,0,38.095238095238095,42.10526315789473
Egypt,Mahmoud Saber,729390,Central Midfield,Relegation Playoff,25/26,8,13,2,1,651,53.84615384615385,0,0,0,0,55.64102564102564,0,16.666666666666664,30.0
Egypt,Mahmoud Saber,729390,Central Midfield,Egypt Cup,25/26,4,5,1,1,308,40.0,1,0,0,0,57.03703703703704,0,14.285714285714285,40.0
Egypt,Trezeguet,234189,Left Winger,Premier League,25/26,16,20,8,0,1248,75.0,4,0,0,0,69.33333333333334,0,24.242424242424242,32.0
Egypt,Trezeguet,234189,Left Winger,CAF-Champions League,25/26,9,10,6,1,690,80.0,0,0,0,0,76.66666666666667,0,58.333333333333336,58.333333333333336
Egypt,Trezeguet,234189,Left Winger,Championship Playoff,25/26,5,6,3,0,441,83.33333333333334,0,0,0,0,81.66666666666667,0,27.27272727272727,37.5
Egypt,Trezeguet,234189,Left Winger,Egyptian Super Cup,25/26,2,2,1,0,156,100.0,0,0,0,0,86.66666666666667,0,25.0,25.0
Egypt,Ibrahim Adel,677278,Left Winger,Superliga,25/26,1,4,0,0,27,0.0,0,0,0,0,7.5,0,0.0,0.0
Egypt,Ibrahim Adel,677278,Left Winger,Superliga Championship round,25/26,10,10,3,1,603,80.0,2,0,0,0,67.0,0,28.57142857142857,28.57142857142857
Egypt,Ibrahim Adel,677278,Left Winger,Future Cup,25/26,1,1,0,0,45,100.0,0,0,0,0,50.0,0,0.0,0.0
Egypt,Ibrahim Adel,677278,Left Winger,UAE Pro League,25/26,8,14,0,0,578,50.0,1,0,0,0,45.87301587301587,0,0.0,0.0
Egypt,Ibrahim Adel,677278,Left Winger,UAE League Cup,25/26,3,4,0,0,253,75.0,0,0,0,0,70.27777777777777,0,0.0,0.0
Egypt,Mostafa Ziko,896616,Left Winger,Premier League,25/26,17,20,4,2,885,45.0,2,0,0,0,49.166666666666664,0,18.181818181818183,18.181818181818183
Egypt,Mostafa Ziko,896616,Left Winger,FIFA Intercontinental Cup,25/26,2,3,1,0,80,33.33333333333333,0,0,0,0,29.629629629629626,0,16.666666666666664,16.666666666666664
Egypt,Mostafa Ziko,896616,Left Winger,CAF-Champions League,25/26,10,12,3,1,377,33.33333333333333,0,0,0,0,34.90740740740741,0,16.666666666666664,16.666666666666664
Egypt,Mostafa Ziko,896616,Left Winger,Championship Playoff,25/26,5,6,2,0,334,66.66666666666666,1,0,0,0,61.85185185185185,0,20.0,25.0
Egypt,Mostafa Ziko,896616,Left Winger,Egyptian Super Cup,25/26,2,2,1,0,73,50.0,0,0,0,0,40.55555555555556,0,20.0,100.0
Egypt,Mostafa Ziko,896616,Left Winger,Egypt Cup,25/26,5,5,3,1,346,80.0,2,1,0,0,76.88888888888889,0,30.76923076923077,30.76923076923077
Egypt,Mostafa Ziko,896616,Left Winger,CAF-Supercup,25/26,0,1,0,0,0,0.0,0,0,0,0,0.0,0,0.0,0.0
Egypt,Mohamed Salah,148455,Right Winger,Premier League,25/26,27,38,7,7,2150,60.526315789473685,1,0,0,0,62.86549707602339,0,22.22222222222222,26.923076923076923
Egypt,Mohamed Salah,148455,Right Winger,UEFA Champions League,25/26,10,12,3,2,687,58.333333333333336,0,0,0,0,63.61111111111111,0,20.833333333333336,21.73913043478261
Egypt,Mohamed Salah,148455,Right Winger,Community Shield,25/26,1,1,0,0,90,100.0,1,0,0,0,100.0,0,0.0,0.0
Egypt,Mohamed Salah,148455,Right Winger,FA Cup,25/26,3,4,2,1,223,75.0,0,0,0,0,61.94444444444444,0,30.0,50.0
Egypt,Haissem Hassan,620164,Right Winger,LaLiga,25/26,37,38,0,3,1943,52.63157894736842,1,0,0,0,56.812865497076025,0,11.538461538461538,11.538461538461538
Egypt,Haissem Hassan,620164,Right Winger,Copa del Rey,25/26,1,1,0,0,81,100.0,0,0,0,0,67.5,0,0.0,0.0
Egypt,Zizo,320722,Right Winger,Premier League,25/26,14,20,4,4,956,60.0,0,0,0,0,53.11111111111111,0,24.242424242424242,34.78260869565217
Egypt,Zizo,320722,Right Winger,CAF-Champions League,25/26,7,10,0,1,590,70.0,1,0,0,0,65.55555555555556,0,8.333333333333332,8.333333333333332
Egypt,Zizo,320722,Right Winger,Championship Playoff,25/26,6,6,1,2,310,66.66666666666666,0,0,0,0,57.407407407407405,0,27.27272727272727,27.27272727272727
Egypt,Zizo,320722,Right Winger,Egyptian Super Cup,25/26,2,2,0,2,169,100.0,1,0,0,0,93.88888888888889,0,50.0,50.0
Egypt,Omar Marmoush,445939,Centre-Forward,Premier League,25/26,21,38,3,3,699,21.052631578947366,3,0,0,0,20.43859649122807,0,7.792207792207792,10.0
Egypt,Omar Marmoush,445939,Centre-Forward,UEFA Champions League,25/26,8,10,0,0,222,20.0,0,0,0,0,24.666666666666668,0,0.0,0.0
Egypt,Omar Marmoush,445939,Centre-Forward,FA Cup,25/26,5,6,2,0,292,66.66666666666666,0,0,0,0,54.074074074074076,0,9.090909090909092,16.666666666666664
Egypt,Omar Marmoush,445939,Centre-Forward,EFL Cup,25/26,2,6,3,0,180,33.33333333333333,0,0,0,0,33.33333333333333,0,21.428571428571427,37.5
Egypt,Hamza Abdelkarim,1259085,Centre-Forward,CAF-Champions League,25/26,1,6,0,0,1,0.0,0,0,0,0,0.1851851851851852,0,0.0,0.0
Egypt,Hamza Abdelkarim,1259085,Centre-Forward,Egyptian League Cup,25/26,6,6,0,0,285,50.0,0,0,0,0,52.77777777777778,0,0.0,0.0
Egypt,Hamza Abdelkarim,1259085,Centre-Forward,Premier League,25/26,0,13,0,0,0,0.0,0,0,0,0,0.0,0,0.0,0.0
Egypt,Hamza Abdelkarim,1259085,Centre-Forward,Egypt Cup,25/26,1,1,0,0,74,0.0,0,0,0,0,61.66666666666667,0,0.0,0.0
England,Dean Henderson,258919,Goalkeeper,Premier League,25/26,37,38,0,0,3330,97.36842105263158,5,0,11,51,97.36842105263158,0,0.0,0.0
England,Dean Henderson,258919,Goalkeeper,Conference League,25/26,12,15,0,0,1080,80.0,0,0,5,9,78.26086956521739,0,0.0,0.0
England,Dean Henderson,258919,Goalkeeper,UECL Qualifying,25/26,2,2,0,0,180,100.0,0,0,2,0,100.0,0,0.0,0.0
England,Dean Henderson,258919,Goalkeeper,Community Shield,25/26,1,1,0,0,90,100.0,0,0,0,2,100.0,0,0.0,0.0
England,Dean Henderson,258919,Goalkeeper,FA Cup,25/26,0,1,0,0,0,0.0,0,0,0,0,0.0,0,0.0,0.0
England,Dean Henderson,258919,Goalkeeper,EFL Cup,25/26,0,3,0,0,0,0.0,0,0,0,0,0.0,0,0.0,0.0
England,James Trafford,566799,Goalkeeper,Premier League,25/26,4,38,0,0,360,10.526315789473683,0,0,1,6,10.526315789473683,0,0.0,0.0
England,James Trafford,566799,Goalkeeper,UEFA Champions League,25/26,1,10,0,0,90,10.0,0,0,0,2,10.0,0,0.0,0.0
England,James Trafford,566799,Goalkeeper,FA Cup,25/26,6,6,0,0,540,100.0,0,0,3,3,100.0,0,0.0,0.0
England,James Trafford,566799,Goalkeeper,EFL Cup,25/26,6,6,0,0,540,100.0,0,0,4,2,100.0,0,0.0,0.0
England,Jordan Pickford,130164,Goalkeeper,Premier League,25/26,38,38,0,0,3420,100.0,4,0,11,50,100.0,0,0.0,0.0
England,Jordan Pickford,130164,Goalkeeper,FA Cup,25/26,1,1,0,0,120,100.0,0,0,0,1,100.0,0,0.0,0.0
England,Marc Guéhi,392757,Centre-Back,Premier League,25/26,35,38,3,4,3150,92.10526315789474,6,0,0,0,92.10526315789474,0,12.727272727272727,22.58064516129032
England,Marc Guéhi,392757,Centre-Back,UEFA Champions League,25/26,2,4,0,0,135,25.0,0,0,0,0,37.5,0,0.0,0.0
England,Marc Guéhi,392757,Centre-Back,FA Cup,25/26,4,6,1,0,295,50.0,1,0,0,0,54.629629629629626,0,7.6923076923076925,8.333333333333332
England,Marc Guéhi,392757,Centre-Back,Conference League,25/26,6,6,0,1,431,83.33333333333334,2,0,0,0,79.81481481481481,0,9.090909090909092,9.090909090909092
England,Marc Guéhi,392757,Centre-Back,UECL Qualifying,25/26,2,2,0,0,180,100.0,0,0,0,0,100.0,0,0.0,0.0
England,Marc Guéhi,392757,Centre-Back,Community Shield,25/26,1,1,0,0,90,100.0,0,0,0,0,100.0,0,0.0,0.0
England,Marc Guéhi,392757,Centre-Back,EFL Cup,25/26,3,3,1,0,241,100.0,0,0,0,0,89.25925925925927,0,6.25,20.0
England,Jarell Quansah,632349,Centre-Back,Bundesliga,25/26,28,34,4,0,2302,73.52941176470588,9,0,0,0,75.22875816993464,0,5.88235294117647,7.4074074074074066
England,Jarell Quansah,632349,Centre-Back,UEFA Champions League,25/26,11,12,0,0,990,91.66666666666666,0,0,0,0,91.66666666666666,0,0.0,0.0
England,Jarell Quansah,632349,Centre-Back,DFB-Pokal,25/26,5,5,1,0,414,80.0,0,0,0,0,86.25,0,8.333333333333332,8.333333333333332
England,Ezri Konsa,413403,Centre-Back,Premier League,25/26,34,38,0,0,3036,89.47368421052632,0,1,0,0,88.7719298245614,0,0.0,0.0
England,Ezri Konsa,413403,Centre-Back,Europa League,25/26,12,15,2,1,954,66.66666666666666,1,0,0,0,70.66666666666667,0,9.67741935483871,9.67741935483871
England,Ezri Konsa,413403,Centre-Back,FA Cup,25/26,1,2,0,0,90,50.0,0,0,0,0,50.0,0,0.0,0.0
England,Ezri Konsa,413403,Centre-Back,EFL Cup,25/26,1,1,0,0,90,100.0,0,0,0,0,100.0,0,0.0,0.0
England,Trevoh Chalobah,346314,Centre-Back,Premier League,25/26,34,38,3,0,2782,81.57894736842105,3,1,0,0,81.34502923976609,0,5.172413793103448,5.357142857142857
England,Trevoh Chalobah,346314,Centre-Back,UEFA Champions League,25/26,8,10,0,0,571,60.0,1,0,0,0,63.44444444444445,0,0.0,0.0
England,Trevoh Chalobah,346314,Centre-Back,FA Cup,25/26,1,6,0,0,90,16.666666666666664,0,0,0,0,15.789473684210526,0,0.0,0.0
England,Trevoh Chalobah,346314,Centre-Back,EFL Cup,25/26,4,5,0,0,276,60.0,0,0,0,0,61.33333333333333,0,0.0,0.0
England,John Stones,186590,Centre-Back,Premier League,25/26,9,38,0,0,439,13.157894736842104,0,0,0,0,12.836257309941521,0,0.0,0.0
England,John Stones,186590,Centre-Back,UEFA Champions League,25/26,4,10,0,0,343,40.0,0,0,0,0,38.111111111111114,0,0.0,0.0
England,John Stones,186590,Centre-Back,FA Cup,25/26,3,6,0,0,245,50.0,0,0,0,0,45.370370370370374,0,0.0,0.0
England,John Stones,186590,Centre-Back,EFL Cup,25/26,2,6,0,0,117,16.666666666666664,0,0,0,0,21.666666666666668,0,0.0,0.0
England,Dan Burn,134270,Centre-Back,Premier League,25/26,29,38,1,3,2199,65.78947368421053,9,0,0,0,64.29824561403508,1,7.547169811320755,10.0
England,Dan Burn,134270,Centre-Back,UEFA Champions League,25/26,11,12,1,2,965,91.66666666666666,2,0,0,0,89.35185185185185,0,10.344827586206897,11.538461538461538
England,Dan Burn,134270,Centre-Back,FA Cup,25/26,2,3,0,1,117,33.33333333333333,0,0,0,0,39.0,0,7.142857142857142,25.0
England,Dan Burn,134270,Centre-Back,EFL Cup,25/26,2,5,0,0,180,40.0,0,0,0,0,40.0,0,0.0,0.0
England,Nico O'Reilly,743413,Left-Back,Premier League,25/26,34,38,5,3,2649,76.31578947368422,5,0,0,0,77.45614035087719,0,10.38961038961039,11.267605633802818
England,Nico O'Reilly,743413,Left-Back,UEFA Champions League,25/26,8,10,1,2,671,70.0,2,0,0,0,74.55555555555556,0,18.75,18.75
England,Nico O'Reilly,743413,Left-Back,FA Cup,25/26,6,6,1,1,360,50.0,0,0,0,0,66.66666666666666,0,9.090909090909092,9.090909090909092
England,Nico O'Reilly,743413,Left-Back,EFL Cup,25/26,5,6,2,0,364,83.33333333333334,1,0,0,0,67.4074074074074,0,14.285714285714285,14.285714285714285
England,Djed Spence,483348,Left-Back,Premier League,25/26,30,38,0,0,2056,60.526315789473685,4,0,0,0,60.11695906432749,0,0.0,0.0
England,Djed Spence,483348,Left-Back,UEFA Champions League,25/26,10,10,0,0,706,80.0,1,0,0,0,78.44444444444446,0,0.0,0.0
England,Djed Spence,483348,Left-Back,UEFA Super Cup,25/26,1,1,0,0,90,100.0,0,0,0,0,100.0,0,0.0,0.0
England,Djed Spence,483348,Left-Back,FA Cup,25/26,1,1,0,0,7,0.0,0,0,0,0,7.777777777777778,0,0.0,0.0
England,Djed Spence,483348,Left-Back,EFL Cup,25/26,2,2,0,0,165,100.0,0,0,0,0,91.66666666666666,0,0.0,0.0
England,Reece James,472423,Right-Back,Premier League,25/26,29,38,2,5,1960,52.63157894736842,4,0,0,0,57.30994152046783,0,12.068965517241379,13.20754716981132
England,Reece James,472423,Right-Back,UEFA Champions League,25/26,8,10,0,2,564,70.0,1,0,0,0,62.66666666666667,0,10.526315789473683,10.526315789473683
England,Reece James,472423,Right-Back,FA Cup,25/26,2,6,0,0,143,33.33333333333333,0,0,0,0,25.087719298245613,0,0.0,0.0
England,Reece James,472423,Right-Back,EFL Cup,25/26,0,5,0,0,0,0.0,0,0,0,0,0.0,0,0.0,0.0
England,Jordan Henderson,61651,Defensive Midfield,Premier League,25/26,32,38,1,3,1921,57.89473684210527,6,0,0,0,56.16959064327486,0,7.2727272727272725,8.16326530612245
England,Jordan Henderson,61651,Defensive Midfield,FA Cup,25/26,2,3,0,0,165,66.66666666666666,0,0,0,0,55.00000000000001,0,0.0,0.0
England,Declan Rice,357662,Central Midfield,Premier League,25/26,36,38,4,7,3099,92.10526315789474,3,0,0,0,90.6140350877193,0,15.492957746478872,16.417910447761194
England,Declan Rice,357662,Central Midfield,UEFA Champions League,25/26,13,15,1,2,1069,73.33333333333333,4,0,0,0,77.46376811594203,0,9.090909090909092,12.5
England,Declan Rice,357662,Central Midfield,FA Cup,25/26,0,4,0,0,0,0.0,0,0,0,0,0.0,0,0.0,0.0
England,Declan Rice,357662,Central Midfield,EFL Cup,25/26,6,6,0,2,288,50.0,0,0,0,0,53.333333333333336,0,11.76470588235294,22.22222222222222
England,Elliot Anderson,567576,Central Midfield,Premier League,25/26,38,38,4,4,3335,97.36842105263158,8,0,0,0,97.51461988304094,0,16.666666666666664,16.666666666666664
England,Elliot Anderson,567576,Central Midfield,Europa League,25/26,12,16,0,1,833,50.0,3,1,0,0,56.666666666666664,0,3.7037037037037033,5.555555555555555
England,Kobbie Mainoo,820374,Central Midfield,Premier League,25/26,28,38,1,2,1654,42.10526315789473,2,0,0,0,48.36257309941521,0,4.3478260869565215,4.838709677419355
England,Kobbie Mainoo,820374,Central Midfield,FA Cup,25/26,1,1,0,0,62,100.0,1,0,0,0,68.88888888888889,0,0.0,0.0
England,Kobbie Mainoo,820374,Central Midfield,EFL Cup,25/26,1,1,0,1,90,100.0,0,0,0,0,100.0,0,7.6923076923076925,50.0
England,Jude Bellingham,581678,Attacking Midfield,LaLiga,25/26,28,38,6,4,1918,57.89473684210527,3,0,0,0,56.08187134502924,0,12.987012987012985,17.857142857142858
England,Jude Bellingham,581678,Attacking Midfield,UEFA Champions League,25/26,9,14,2,1,607,42.857142857142854,2,0,0,0,48.17460317460318,0,9.090909090909092,12.0
England,Jude Bellingham,581678,Attacking Midfield,Copa del Rey,25/26,1,2,0,0,13,0.0,1,0,0,0,7.222222222222221,0,0.0,0.0
England,Jude Bellingham,581678,Attacking Midfield,Supercopa,25/26,2,2,0,0,180,100.0,0,0,0,0,100.0,0,0.0,0.0
England,Morgan Rogers,503743,Attacking Midfield,Premier League,25/26,37,38,10,7,3285,97.36842105263158,7,0,0,0,96.05263157894737,0,30.357142857142854,31.48148148148148
England,Morgan Rogers,503743,Attacking Midfield,Europa League,25/26,15,15,3,5,1089,80.0,2,0,0,0,80.66666666666666,0,25.806451612903224,25.806451612903224
England,Morgan Rogers,503743,Attacking Midfield,FA Cup,25/26,2,2,1,0,167,100.0,0,0,0,0,92.77777777777779,0,33.33333333333333,33.33333333333333
England,Morgan Rogers,503743,Attacking Midfield,EFL Cup,25/26,1,1,0,0,23,0.0,0,0,0,0,25.555555555555554,0,0.0,0.0
England,Eberechi Eze,479999,Attacking Midfield,Premier League,25/26,33,38,7,2,1900,57.89473684210527,1,0,0,0,55.55555555555556,0,12.857142857142856,13.846153846153847
England,Eberechi Eze,479999,Attacking Midfield,UEFA Champions League,25/26,13,15,1,2,772,60.0,0,0,0,0,55.94202898550724,0,9.090909090909092,10.344827586206897
England,Eberechi Eze,479999,Attacking Midfield,FA Cup,25/26,3,4,1,2,208,50.0,1,0,0,0,57.77777777777777,0,27.27272727272727,30.0
England,Eberechi Eze,479999,Attacking Midfield,EFL Cup,25/26,4,6,1,0,321,66.66666666666666,0,0,0,0,59.44444444444444,0,5.88235294117647,11.11111111111111
England,Eberechi Eze,479999,Attacking Midfield,Community Shield,25/26,1,1,0,0,90,100.0,0,0,0,0,100.0,0,0.0,0.0
England,Anthony Gordon,503733,Left Winger,Premier League,25/26,26,38,6,2,1814,63.1578947368421,3,1,0,0,53.04093567251462,0,15.09433962264151,17.391304347826086
England,Anthony Gordon,503733,Left Winger,UEFA Champions League,25/26,12,12,10,2,771,75.0,1,0,0,0,71.38888888888889,0,41.37931034482759,41.37931034482759
England,Anthony Gordon,503733,Left Winger,FA Cup,25/26,3,3,1,1,96,0.0,0,0,0,0,32.0,0,14.285714285714285,28.57142857142857
England,Anthony Gordon,503733,Left Winger,EFL Cup,25/26,5,5,0,0,188,60.0,0,0,0,0,41.77777777777778,0,0.0,0.0
England,Marcus Rashford,258923,Left Winger,LaLiga,25/26,32,38,8,9,1762,47.368421052631575,3,0,0,0,51.52046783625731,0,17.894736842105264,18.88888888888889
England,Marcus Rashford,258923,Left Winger,UEFA Champions League,25/26,11,12,5,4,579,41.66666666666667,0,0,0,0,53.61111111111111,0,28.125,28.125
England,Marcus Rashford,258923,Left Winger,Copa del Rey,25/26,4,5,1,1,249,60.0,0,0,0,0,55.333333333333336,0,22.22222222222222,22.22222222222222
England,Marcus Rashford,258923,Left Winger,Supercopa,25/26,2,2,0,0,32,0.0,0,0,0,0,17.77777777777778,0,0.0,0.0
England,Bukayo Saka,433177,Right Winger,Premier League,25/26,31,38,7,7,2226,65.78947368421053,2,0,0,0,65.08771929824562,0,19.718309859154928,23.728813559322035
England,Bukayo Saka,433177,Right Winger,UEFA Champions League,25/26,11,15,3,2,687,53.333333333333336,1,0,0,0,49.78260869565217,0,15.151515151515152,18.51851851851852
England,Bukayo Saka,433177,Right Winger,FA Cup,25/26,2,4,0,0,58,25.0,0,0,0,0,16.11111111111111,0,0.0,0.0
England,Bukayo Saka,433177,Right Winger,EFL Cup,25/26,5,6,1,0,285,50.0,0,0,0,0,52.77777777777778,0,5.88235294117647,12.5
England,Noni Madueke,503987,Right Winger,Premier League,25/26,26,38,3,1,1217,42.10526315789473,0,0,0,0,35.58479532163742,0,5.633802816901409,6.557377049180328
England,Noni Madueke,503987,Right Winger,UEFA Champions League,25/26,10,15,3,1,609,40.0,1,0,0,0,44.130434782608695,0,12.121212121212121,19.047619047619047
England,Noni Madueke,503987,Right Winger,FA Cup,25/26,4,4,2,2,271,75.0,0,0,0,0,75.27777777777777,0,36.36363636363637,36.36363636363637
England,Noni Madueke,503987,Right Winger,EFL Cup,25/26,3,6,0,0,160,33.33333333333333,0,0,0,0,29.629629629629626,0,0.0,0.0
England,Harry Kane,132098,Centre-Forward,Bundesliga,25/26,31,34,36,5,2382,73.52941176470588,1,0,0,0,77.84313725490196,0,33.60655737704918,35.65217391304348
England,Harry Kane,132098,Centre-Forward,UEFA Champions League,25/26,13,14,14,2,1041,85.71428571428571,0,0,0,0,82.61904761904762,0,37.2093023255814,37.2093023255814
England,Harry Kane,132098,Centre-Forward,DFL-Supercup,25/26,1,1,1,0,90,100.0,1,0,0,0,100.0,0,50.0,50.0
England,Harry Kane,132098,Centre-Forward,DFB-Pokal,25/26,6,6,10,0,537,100.0,1,0,0,0,99.44444444444444,0,58.82352941176471,58.82352941176471
England,Ollie Watkins,324358,Centre-Forward,Premier League,25/26,37,38,16,3,2854,86.8421052631579,4,0,0,0,83.45029239766082,0,33.92857142857143,33.92857142857143
England,Ollie Watkins,324358,Centre-Forward,Europa League,25/26,15,15,5,2,912,66.66666666666666,0,0,0,0,67.55555555555556,0,22.58064516129032,22.58064516129032
England,Ollie Watkins,324358,Centre-Forward,FA Cup,25/26,2,2,0,0,50,0.0,0,0,0,0,27.77777777777778,0,0.0,0.0
England,Ollie Watkins,324358,Centre-Forward,EFL Cup,25/26,1,1,0,0,23,0.0,0,0,0,0,25.555555555555554,0,0.0,0.0
England,Ivan Toney,251664,Centre-Forward,Saudi Pro League,25/26,32,34,32,7,2750,91.17647058823529,4,0,0,0,89.86928104575163,0,54.929577464788736,59.09090909090909
England,Ivan Toney,251664,Centre-Forward,FIFA Intercontinental Cup,25/26,1,1,1,0,90,100.0,0,0,0,0,100.0,0,100.0,100.0
England,Ivan Toney,251664,Centre-Forward,AFC Champions League,25/26,10,12,2,3,810,66.66666666666666,2,0,0,0,71.05263157894737,0,18.51851851851852,18.51851851851852
England,Ivan Toney,251664,Centre-Forward,King's Cup,25/26,4,4,6,1,420,100.0,0,0,0,0,100.0,0,36.84210526315789,58.333333333333336
England,Ivan Toney,251664,Centre-Forward,Saudi Super Cup,25/26,2,2,1,0,180,100.0,2,0,0,0,100.0,0,8.333333333333332,14.285714285714285
France,Robin Risser,743515,Goalkeeper,Ligue 1,25/26,33,34,0,1,2970,97.05882352941177,2,0,11,35,97.05882352941177,0,1.5151515151515151,1.5151515151515151
France,Robin Risser,743515,Goalkeeper,Coupe de France,25/26,5,6,0,0,450,83.33333333333334,1,0,1,6,83.33333333333334,0,0.0,0.0
France,Mike Maignan,182906,Goalkeeper,Serie A,25/26,37,38,0,0,3296,97.36842105263158,4,0,14,35,96.37426900584796,0,0.0,0.0
France,Mike Maignan,182906,Goalkeeper,Supercoppa Italiana,25/26,1,1,0,0,90,100.0,0,0,0,2,100.0,0,0.0,0.0
France,Mike Maignan,182906,Goalkeeper,Italy Cup,25/26,3,3,0,0,270,100.0,0,0,2,1,100.0,0,0.0,0.0
France,Brice Samba,191056,Goalkeeper,Ligue 1,25/26,32,34,0,0,2880,94.11764705882352,5,0,10,44,94.11764705882352,0,0.0,0.0
France,Brice Samba,191056,Goalkeeper,Coupe de France,25/26,2,3,0,0,180,66.66666666666666,0,0,0,4,66.66666666666666,0,0.0,0.0
France,William Saliba,495666,Centre-Back,Premier League,25/26,31,38,1,0,2615,78.94736842105263,2,0,0,0,76.46198830409357,0,1.4084507042253522,1.6666666666666667
France,William Saliba,495666,Centre-Back,UEFA Champions League,25/26,12,15,0,0,1110,80.0,1,0,0,0,80.43478260869566,0,0.0,0.0
France,William Saliba,495666,Centre-Back,FA Cup,25/26,2,4,0,0,79,25.0,0,0,0,0,21.944444444444443,0,0.0,0.0
France,William Saliba,495666,Centre-Back,EFL Cup,25/26,5,6,0,1,450,83.33333333333334,0,0,0,0,83.33333333333334,0,5.88235294117647,14.285714285714285
France,Dayot Upamecano,344695,Centre-Back,Bundesliga,25/26,24,34,1,1,1798,61.76470588235294,4,0,0,0,58.75816993464053,0,1.639344262295082,1.7543859649122806
France,Dayot Upamecano,344695,Centre-Back,UEFA Champions League,25/26,12,14,1,2,1013,85.71428571428571,2,0,0,0,80.3968253968254,0,6.976744186046512,7.317073170731707
France,Dayot Upamecano,344695,Centre-Back,DFL-Supercup,25/26,1,1,0,0,80,100.0,1,0,0,0,88.88888888888889,0,0.0,0.0
France,Dayot Upamecano,344695,Centre-Back,DFB-Pokal,25/26,5,6,0,0,450,83.33333333333334,2,0,0,0,83.33333333333334,0,0.0,0.0
France,Maxence Lacroix,434224,Centre-Back,Premier League,25/26,35,38,1,2,3087,92.10526315789474,4,1,0,0,90.26315789473685,0,7.317073170731707,8.108108108108109
France,Maxence Lacroix,434224,Centre-Back,Conference League,25/26,14,15,2,1,1215,93.33333333333333,2,0,0,0,88.04347826086956,0,11.538461538461538,11.538461538461538
France,Maxence Lacroix,434224,Centre-Back,UECL Qualifying,25/26,2,2,0,0,180,100.0,0,0,0,0,100.0,0,0.0,0.0
France,Maxence Lacroix,434224,Centre-Back,Community Shield,25/26,1,1,0,0,90,100.0,0,0,0,0,100.0,0,0.0,0.0
France,Maxence Lacroix,434224,Centre-Back,FA Cup,25/26,0,1,0,0,0,0.0,0,0,0,0,0.0,0,0.0,0.0
France,Maxence Lacroix,434224,Centre-Back,EFL Cup,25/26,3,3,0,0,270,100.0,0,0,0,0,100.0,0,0.0,0.0
France,Ibrahima Konaté,357119,Centre-Back,Premier League,25/26,36,38,1,0,3100,94.73684210526315,7,0,0,0,90.64327485380117,0,1.5873015873015872,1.639344262295082
France,Ibrahima Konaté,357119,Centre-Back,UEFA Champions League,25/26,10,12,1,0,871,83.33333333333334,1,0,0,0,80.64814814814815,0,4.166666666666666,6.666666666666667
France,Ibrahima Konaté,357119,Centre-Back,Community Shield,25/26,1,1,0,0,90,100.0,1,0,0,0,100.0,0,0.0,0.0
France,Ibrahima Konaté,357119,Centre-Back,FA Cup,25/26,4,4,0,0,219,50.0,1,0,0,0,60.83333333333333,0,0.0,0.0
France,Theo Hernández,339808,Left-Back,Saudi Pro League,25/26,31,34,5,3,2744,91.17647058823529,7,0,0,0,89.6732026143791,0,9.411764705882353,10.256410256410255
France,Theo Hernández,339808,Left-Back,AFC Champions League,25/26,8,9,2,2,733,88.88888888888889,0,0,0,0,87.26190476190476,0,18.181818181818183,22.22222222222222
France,Theo Hernández,339808,Left-Back,King's Cup,25/26,5,5,2,1,330,60.0,0,0,0,0,68.75,0,23.076923076923077,33.33333333333333
France,Lucas Hernández,281963,Left-Back,Ligue 1,25/26,25,34,0,3,1746,58.82352941176471,4,0,0,0,57.05882352941176,0,4.054054054054054,4.054054054054054
France,Lucas Hernández,281963,Left-Back,UEFA Champions League,25/26,10,17,0,0,235,0.0,0,1,0,0,15.064102564102564,0,0.0,0.0
France,Lucas Hernández,281963,Left-Back,UEFA Super Cup,25/26,0,1,0,0,0,0.0,0,0,0,0,0.0,0,0.0,0.0
France,Lucas Hernández,281963,Left-Back,FIFA Intercontinental Cup,25/26,0,1,0,0,0,0.0,0,0,0,0,0.0,0,0.0,0.0
France,Lucas Hernández,281963,Left-Back,Coupe de France,25/26,1,2,0,0,90,50.0,0,0,0,0,50.0,0,0.0,0.0
France,Lucas Hernández,281963,Left-Back,Trophée des Champions,25/26,0,1,0,0,0,0.0,0,0,0,0,0.0,0,0.0,0.0
France,Lucas Digne,126664,Left-Back,Premier League,25/26,31,38,0,6,1852,55.26315789473685,3,0,0,0,54.15204678362573,0,10.714285714285714,10.714285714285714
France,Lucas Digne,126664,Left-Back,Europa League,25/26,11,15,0,1,817,60.0,2,0,0,0,60.51851851851852,0,3.225806451612903,3.3333333333333335
France,Lucas Digne,126664,Left-Back,FA Cup,25/26,2,2,0,0,102,50.0,1,0,0,0,56.666666666666664,0,0.0,0.0
France,Lucas Digne,126664,Left-Back,EFL Cup,25/26,0,1,0,0,0,0.0,0,0,0,0,0.0,0,0.0,0.0
France,Jules Koundé,411975,Right-Back,LaLiga,25/26,30,38,1,3,2261,63.1578947368421,6,0,0,0,66.11111111111111,0,4.2105263157894735,4.705882352941177
France,Jules Koundé,411975,Right-Back,UEFA Champions League,25/26,10,12,2,1,868,83.33333333333334,1,0,0,0,80.37037037037037,0,9.375,12.5
France,Jules Koundé,411975,Right-Back,Copa del Rey,25/26,5,5,0,0,220,60.0,0,0,0,0,48.888888888888886,0,0.0,0.0
France,Jules Koundé,411975,Right-Back,Supercopa,25/26,2,2,0,0,180,100.0,0,0,0,0,100.0,0,0.0,0.0
France,Malo Gusto,620322,Right-Back,Premier League,25/26,34,38,2,3,2268,68.42105263157895,3,0,0,0,66.3157894736842,1,8.620689655172415,9.433962264150944
France,Malo Gusto,620322,Right-Back,UEFA Champions League,25/26,7,10,1,1,476,60.0,1,0,0,0,52.888888888888886,0,10.526315789473683,14.285714285714285
France,Malo Gusto,620322,Right-Back,FA Cup,25/26,4,6,0,1,300,50.0,0,0,0,0,52.63157894736842,0,4.761904761904762,6.25
France,Malo Gusto,620322,Right-Back,EFL Cup,25/26,4,5,0,0,261,60.0,1,0,0,0,57.99999999999999,0,0.0,0.0
France,Aurélien Tchouaméni,413112,Defensive Midfield,LaLiga,25/26,33,38,1,0,2623,81.57894736842105,8,0,0,0,76.69590643274854,0,1.2987012987012987,1.3888888888888888
France,Aurélien Tchouaméni,413112,Defensive Midfield,UEFA Champions League,25/26,13,14,1,1,1125,92.85714285714286,3,0,0,0,89.28571428571429,0,6.0606060606060606,6.666666666666667
France,Aurélien Tchouaméni,413112,Defensive Midfield,Copa del Rey,25/26,1,2,0,1,13,0.0,0,0,0,0,7.222222222222221,0,20.0,33.33333333333333
France,Aurélien Tchouaméni,413112,Defensive Midfield,Supercopa,25/26,2,2,0,0,180,100.0,0,0,0,0,100.0,0,0.0,0.0
France,N'Golo Kanté,225083,Defensive Midfield,Süper Lig,25/26,14,15,2,0,1144,86.66666666666667,3,0,0,0,84.74074074074073,0,5.88235294117647,6.25
France,N'Golo Kanté,225083,Defensive Midfield,Europa League,25/26,2,2,0,0,166,100.0,0,0,0,0,92.22222222222223,0,0.0,0.0
France,N'Golo Kanté,225083,Defensive Midfield,Türkiye Kupasi,25/26,2,3,0,0,190,66.66666666666666,0,0,0,0,63.33333333333333,0,0.0,0.0
France,N'Golo Kanté,225083,Defensive Midfield,Saudi Pro League,25/26,18,19,2,1,1567,94.73684210526315,0,0,0,0,91.6374269005848,0,8.823529411764707,9.090909090909092
France,N'Golo Kanté,225083,Defensive Midfield,AFC Champions League,25/26,5,6,0,0,450,83.33333333333334,0,0,0,0,83.33333333333334,0,0.0,0.0
France,N'Golo Kanté,225083,Defensive Midfield,King's Cup,25/26,2,3,0,0,180,66.66666666666666,0,0,0,0,66.66666666666666,0,0.0,0.0
France,N'Golo Kanté,225083,Defensive Midfield,Saudi Super Cup,25/26,1,1,0,0,90,100.0,0,0,0,0,100.0,0,0.0,0.0
France,Warren Zaïre-Emery,810092,Central Midfield,Ligue 1,25/26,32,34,3,4,2454,79.41176470588235,3,0,0,0,80.19607843137256,0,9.45945945945946,9.859154929577464
France,Warren Zaïre-Emery,810092,Central Midfield,UEFA Champions League,25/26,17,17,0,1,1343,88.23529411764706,1,0,0,0,86.08974358974359,0,2.0408163265306123,2.2222222222222223
France,Warren Zaïre-Emery,810092,Central Midfield,UEFA Super Cup,25/26,1,1,0,0,67,100.0,0,0,0,0,74.44444444444444,0,0.0,0.0
France,Warren Zaïre-Emery,810092,Central Midfield,FIFA Intercontinental Cup,25/26,1,1,0,0,120,100.0,0,0,0,0,100.0,0,0.0,0.0
France,Warren Zaïre-Emery,810092,Central Midfield,Coupe de France,25/26,2,2,0,0,151,100.0,0,0,0,0,83.88888888888889,0,0.0,0.0
France,Warren Zaïre-Emery,810092,Central Midfield,Trophée des Champions,25/26,1,1,0,0,89,100.0,1,0,0,0,98.88888888888889,0,0.0,0.0
France,Manu Koné,624690,Central Midfield,Serie A,25/26,29,38,2,3,2459,73.68421052631578,2,0,0,0,71.90058479532165,0,8.47457627118644,11.363636363636363
France,Manu Koné,624690,Central Midfield,Europa League,25/26,7,10,0,0,266,50.0,1,0,0,0,28.602150537634408,0,0.0,0.0
France,Manu Koné,624690,Central Midfield,Italy Cup,25/26,1,1,0,0,33,0.0,0,0,0,0,36.666666666666664,0,0.0,0.0
France,Adrien Rabiot,182913,Central Midfield,Serie A,25/26,29,36,6,5,2550,77.77777777777779,4,0,0,0,78.70370370370371,1,22.0,26.82926829268293
France,Adrien Rabiot,182913,Central Midfield,Supercoppa Italiana,25/26,1,1,0,0,90,100.0,1,0,0,0,100.0,0,0.0,0.0
France,Adrien Rabiot,182913,Central Midfield,Italy Cup,25/26,2,2,0,0,180,100.0,0,0,0,0,100.0,0,0.0,0.0
France,Adrien Rabiot,182913,Central Midfield,Ligue 1,25/26,1,3,0,0,90,33.33333333333333,1,0,0,0,33.33333333333333,0,0.0,0.0
France,Rayan Cherki,607223,Attacking Midfield,Premier League,25/26,33,38,4,12,1786,50.0,1,0,0,0,52.22222222222223,0,20.77922077922078,23.88059701492537
France,Rayan Cherki,607223,Attacking Midfield,UEFA Champions League,25/26,8,10,3,0,394,40.0,1,0,0,0,43.77777777777778,0,18.75,25.0
France,Rayan Cherki,607223,Attacking Midfield,FA Cup,25/26,6,6,0,2,397,66.66666666666666,0,0,0,0,73.51851851851852,0,9.090909090909092,9.090909090909092
France,Rayan Cherki,607223,Attacking Midfield,EFL Cup,25/26,5,6,3,1,277,50.0,0,0,0,0,51.2962962962963,0,28.57142857142857,33.33333333333333
France,Bradley Barcola,708265,Left Winger,Ligue 1,25/26,29,34,11,2,1750,61.76470588235294,2,0,0,0,57.18954248366013,0,17.56756756756757,19.402985074626866
France,Bradley Barcola,708265,Left Winger,UEFA Champions League,25/26,16,17,2,4,990,70.58823529411765,0,0,0,0,63.46153846153846,0,12.244897959183673,13.953488372093023
France,Bradley Barcola,708265,Left Winger,UEFA Super Cup,25/26,1,1,0,0,67,100.0,1,0,0,0,74.44444444444444,0,0.0,0.0
France,Bradley Barcola,708265,Left Winger,FIFA Intercontinental Cup,25/26,1,1,0,0,56,0.0,0,0,0,0,46.666666666666664,0,0.0,0.0
France,Bradley Barcola,708265,Left Winger,Coupe de France,25/26,1,2,0,0,90,50.0,0,0,0,0,50.0,0,0.0,0.0
France,Bradley Barcola,708265,Left Winger,Trophée des Champions,25/26,1,1,0,1,18,0.0,0,0,0,0,20.0,0,16.666666666666664,50.0
France,Michael Olise,566723,Right Winger,Bundesliga,25/26,32,34,15,21,2320,67.64705882352942,8,0,0,0,75.81699346405229,0,29.508196721311474,30.252100840336134
France,Michael Olise,566723,Right Winger,UEFA Champions League,25/26,13,14,5,7,1082,85.71428571428571,3,0,0,0,85.87301587301587,0,27.906976744186046,30.76923076923077
France,Michael Olise,566723,Right Winger,DFL-Supercup,25/26,1,1,0,0,90,100.0,1,0,0,0,100.0,0,0.0,0.0
France,Michael Olise,566723,Right Winger,DFB-Pokal,25/26,6,6,2,3,523,100.0,0,0,0,0,96.85185185185186,0,29.411764705882355,29.411764705882355
France,Désiré Doué,914562,Right Winger,Ligue 1,25/26,23,34,7,6,1356,47.05882352941176,0,0,0,0,44.31372549019608,0,17.56756756756757,22.807017543859647
France,Désiré Doué,914562,Right Winger,UEFA Champions League,25/26,13,17,5,4,871,52.94117647058824,0,0,0,0,55.833333333333336,0,18.367346938775512,27.27272727272727
France,Désiré Doué,914562,Right Winger,UEFA Super Cup,25/26,1,1,0,0,77,100.0,0,0,0,0,85.55555555555556,0,0.0,0.0
France,Désiré Doué,914562,Right Winger,FIFA Intercontinental Cup,25/26,1,1,0,1,78,100.0,0,0,0,0,65.0,0,33.33333333333333,100.0
France,Désiré Doué,914562,Right Winger,Coupe de France,25/26,2,2,1,0,86,50.0,1,0,0,0,47.77777777777778,0,25.0,25.0
France,Désiré Doué,914562,Right Winger,Trophée des Champions,25/26,1,1,0,0,90,100.0,0,0,0,0,100.0,0,0.0,0.0
France,Maghnes Akliouche,745200,Right Winger,Ligue 1,25/26,31,34,6,7,2410,82.35294117647058,3,0,0,0,78.75816993464052,0,21.666666666666668,23.214285714285715
France,Maghnes Akliouche,745200,Right Winger,UEFA Champions League,25/26,10,10,1,3,835,100.0,0,0,0,0,92.77777777777779,0,33.33333333333333,33.33333333333333
France,Maghnes Akliouche,745200,Right Winger,Coupe de France,25/26,2,3,0,1,180,66.66666666666666,0,0,0,0,66.66666666666666,0,16.666666666666664,33.33333333333333
France,Kylian Mbappé,342229,Centre-Forward,LaLiga,25/26,31,38,25,5,2606,76.31578947368422,3,0,0,0,76.19883040935672,0,38.961038961038966,46.875
France,Kylian Mbappé,342229,Centre-Forward,UEFA Champions League,25/26,11,14,15,1,911,71.42857142857143,2,0,0,0,72.3015873015873,0,48.484848484848484,57.14285714285714
France,Kylian Mbappé,342229,Centre-Forward,Copa del Rey,25/26,1,2,2,1,90,50.0,0,0,0,0,50.0,0,60.0,100.0
France,Kylian Mbappé,342229,Centre-Forward,Supercopa,25/26,1,2,0,0,14,0.0,0,0,0,0,7.777777777777778,0,0.0,0.0
France,Ousmane Dembélé,288230,Centre-Forward,Ligue 1,25/26,22,34,10,7,1063,32.35294117647059,0,0,0,0,34.73856209150327,0,22.972972972972975,32.075471698113205
France,Ousmane Dembélé,288230,Centre-Forward,UEFA Champions League,25/26,13,17,8,2,828,64.70588235294117,0,0,0,0,53.07692307692308,0,20.408163265306122,27.027027027027028
France,Ousmane Dembélé,288230,Centre-Forward,UEFA Super Cup,25/26,1,1,0,1,90,100.0,1,0,0,0,100.0,0,16.666666666666664,50.0
France,Ousmane Dembélé,288230,Centre-Forward,FIFA Intercontinental Cup,25/26,1,1,0,0,42,0.0,0,0,0,0,35.0,0,0.0,0.0
France,Ousmane Dembélé,288230,Centre-Forward,Coupe de France,25/26,2,2,1,1,87,50.0,0,0,0,0,48.333333333333336,0,50.0,50.0
France,Ousmane Dembélé,288230,Centre-Forward,Trophée des Champions,25/26,1,1,1,0,90,100.0,0,0,0,0,100.0,0,16.666666666666664,50.0
France,Marcus Thuram,318528,Centre-Forward,Serie A,25/26,29,38,13,6,1913,63.1578947368421,2,0,0,0,55.93567251461988,0,21.34831460674157,25.333333333333336
France,Marcus Thuram,318528,Centre-Forward,UEFA Champions League,25/26,9,10,2,1,577,60.0,1,0,0,0,64.11111111111111,0,17.647058823529413,23.076923076923077
France,Marcus Thuram,318528,Centre-Forward,Supercoppa Italiana,25/26,1,1,1,0,71,100.0,0,0,0,0,78.88888888888889,0,33.33333333333333,100.0
France,Marcus Thuram,318528,Centre-Forward,Italy Cup,25/26,5,5,2,2,320,80.0,0,0,0,0,71.11111111111111,0,33.33333333333333,33.33333333333333
France,Jean-Philippe Mateta,420002,Centre-Forward,Premier League,25/26,32,38,12,0,2223,65.78947368421053,2,0,0,0,65.0,0,29.268292682926827,37.5
France,Jean-Philippe Mateta,420002,Centre-Forward,Conference League,25/26,12,15,2,3,682,60.0,1,0,0,0,49.42028985507246,0,19.230769230769234,25.0
France,Jean-Philippe Mateta,420002,Centre-Forward,UECL Qualifying,25/26,2,2,1,0,180,100.0,1,0,0,0,100.0,0,100.0,100.0
France,Jean-Philippe Mateta,420002,Centre-Forward,Community Shield,25/26,1,1,1,0,90,100.0,0,0,0,0,100.0,0,20.0,50.0
France,Jean-Philippe Mateta,420002,Centre-Forward,EFL Cup,25/26,3,3,0,0,225,66.66666666666666,0,0,0,0,83.33333333333334,0,0.0,0.0
Germany,Alexander Nübel,195778,Goalkeeper,Bundesliga,25/26,34,34,0,1,3060,100.0,0,0,11,49,100.0,0,1.4084507042253522,1.4084507042253522
Germany,Alexander Nübel,195778,Goalkeeper,Europa League,25/26,11,12,0,1,990,91.66666666666666,0,0,2,13,91.66666666666666,0,5.0,5.0
Germany,Alexander Nübel,195778,Goalkeeper,DFB-Pokal,25/26,4,6,0,0,420,66.66666666666666,0,0,1,8,70.0,0,0.0,0.0
Germany,Manuel Neuer,17259,Goalkeeper,Bundesliga,25/26,22,34,0,0,1860,64.70588235294117,0,0,8,20,60.78431372549019,0,0.0,0.0
Germany,Manuel Neuer,17259,Goalkeeper,UEFA Champions League,25/26,11,14,0,0,990,78.57142857142857,2,0,2,17,78.57142857142857,0,0.0,0.0
Germany,Manuel Neuer,17259,Goalkeeper,DFL-Supercup,25/26,1,1,0,0,90,100.0,0,0,0,1,100.0,0,0.0,0.0
Germany,Manuel Neuer,17259,Goalkeeper,DFB-Pokal,25/26,3,6,0,0,270,50.0,1,0,2,2,50.0,0,0.0,0.0
Germany,Oliver Baumann,55089,Goalkeeper,Bundesliga,25/26,34,34,0,0,3060,100.0,3,0,7,52,100.0,0,0.0,0.0
Germany,Oliver Baumann,55089,Goalkeeper,DFB-Pokal,25/26,2,2,0,0,210,100.0,0,0,1,2,100.0,0,0.0,0.0
Germany,Nico Schlotterbeck,388198,Centre-Back,Bundesliga,25/26,28,34,5,2,2520,82.35294117647058,8,0,0,0,82.35294117647058,0,10.0,12.727272727272727
Germany,Nico Schlotterbeck,388198,Centre-Back,UEFA Champions League,25/26,7,10,0,0,560,60.0,0,1,0,0,62.22222222222222,0,0.0,0.0
Germany,Nico Schlotterbeck,388198,Centre-Back,DFB-Pokal,25/26,2,3,0,0,210,66.66666666666666,0,0,0,0,70.0,0,0.0,0.0
Germany,Malick Thiaw,521964,Centre-Back,Premier League,25/26,35,38,4,0,2964,86.8421052631579,4,0,0,0,86.66666666666667,0,7.547169811320755,7.547169811320755
Germany,Malick Thiaw,521964,Centre-Back,UEFA Champions League,25/26,11,12,1,0,927,83.33333333333334,3,0,0,0,85.83333333333333,0,3.4482758620689653,3.8461538461538463
Germany,Malick Thiaw,521964,Centre-Back,FA Cup,25/26,3,3,0,0,300,100.0,1,0,0,0,100.0,0,0.0,0.0
Germany,Malick Thiaw,521964,Centre-Back,EFL Cup,25/26,5,5,0,1,450,100.0,1,0,0,0,100.0,0,11.11111111111111,11.11111111111111
Germany,Jonathan Tah,196357,Centre-Back,Bundesliga,25/26,28,34,2,1,2019,67.64705882352942,7,0,0,0,65.98039215686275,0,2.459016393442623,2.5423728813559325
Germany,Jonathan Tah,196357,Centre-Back,UEFA Champions League,25/26,14,14,1,1,1120,92.85714285714286,3,0,0,0,88.88888888888889,0,4.651162790697675,4.651162790697675
Germany,Jonathan Tah,196357,Centre-Back,DFL-Supercup,25/26,1,1,0,0,90,100.0,0,0,0,0,100.0,0,0.0,0.0
Germany,Jonathan Tah,196357,Centre-Back,DFB-Pokal,25/26,6,6,0,0,540,100.0,0,0,0,0,100.0,0,0.0,0.0
Germany,Waldemar Anton,193004,Centre-Back,Bundesliga,25/26,32,34,2,0,2880,94.11764705882352,3,0,0,0,94.11764705882352,0,2.857142857142857,2.9850746268656714
Germany,Waldemar Anton,193004,Centre-Back,UEFA Champions League,25/26,9,10,1,0,747,90.0,2,0,0,0,83.0,0,4.545454545454546,4.545454545454546
Germany,Waldemar Anton,193004,Centre-Back,DFB-Pokal,25/26,3,3,0,0,300,100.0,1,0,0,0,100.0,0,0.0,0.0
Germany,Antonio Rüdiger,86202,Centre-Back,LaLiga,25/26,18,38,1,0,1491,42.10526315789473,0,0,0,0,43.59649122807018,0,1.2987012987012987,2.127659574468085
Germany,Antonio Rüdiger,86202,Centre-Back,UEFA Champions League,25/26,7,14,0,0,630,50.0,2,0,0,0,50.0,0,0.0,0.0
Germany,Antonio Rüdiger,86202,Centre-Back,Supercopa,25/26,1,2,0,0,69,50.0,0,0,0,0,38.333333333333336,0,0.0,0.0
Germany,Nathaniel Brown,691892,Left-Back,Bundesliga,25/26,33,34,4,4,2658,85.29411764705883,3,0,0,0,86.86274509803921,0,13.114754098360656,13.559322033898304
Germany,Nathaniel Brown,691892,Left-Back,UEFA Champions League,25/26,8,8,0,2,683,100.0,1,0,0,0,94.86111111111111,0,20.0,20.0
Germany,Nathaniel Brown,691892,Left-Back,DFB-Pokal,25/26,1,2,0,0,120,50.0,0,0,0,0,57.14285714285714,0,0.0,0.0
Germany,David Raum,318204,Left-Back,Bundesliga,25/26,30,34,3,7,2556,85.29411764705883,6,0,0,0,83.52941176470588,0,15.151515151515152,16.666666666666664
Germany,David Raum,318204,Left-Back,DFB-Pokal,25/26,4,4,0,2,360,100.0,1,0,0,0,100.0,0,18.181818181818183,18.181818181818183
Germany,Aleksandar Pavlovic,792380,Defensive Midfield,Bundesliga,25/26,24,34,3,1,1461,47.05882352941176,2,0,0,0,47.74509803921569,0,3.278688524590164,3.508771929824561
Germany,Aleksandar Pavlovic,792380,Defensive Midfield,UEFA Champions League,25/26,14,14,1,1,1176,100.0,0,0,0,0,93.33333333333333,0,4.651162790697675,4.651162790697675
Germany,Aleksandar Pavlovic,792380,Defensive Midfield,DFB-Pokal,25/26,6,6,0,0,449,100.0,3,0,0,0,83.14814814814815,0,0.0,0.0
Germany,Angelo Stiller,443710,Defensive Midfield,Bundesliga,25/26,34,34,2,6,2746,88.23529411764706,1,0,0,0,89.73856209150327,0,11.267605633802818,11.267605633802818
Germany,Angelo Stiller,443710,Defensive Midfield,Europa League,25/26,11,12,0,3,854,83.33333333333334,2,0,0,0,79.07407407407408,0,15.0,15.0
Germany,Angelo Stiller,443710,Defensive Midfield,DFL-Supercup,25/26,1,1,0,0,87,100.0,0,0,0,0,96.66666666666667,0,0.0,0.0
Germany,Angelo Stiller,443710,Defensive Midfield,DFB-Pokal,25/26,6,6,0,1,562,100.0,0,0,0,0,93.66666666666667,0,4.761904761904762,7.6923076923076925
Germany,Joshua Kimmich,161056,Defensive Midfield,Bundesliga,25/26,29,34,2,8,2282,70.58823529411765,4,0,0,0,74.57516339869281,0,8.19672131147541,9.70873786407767
Germany,Joshua Kimmich,161056,Defensive Midfield,UEFA Champions League,25/26,13,14,0,2,1161,92.85714285714286,4,0,0,0,92.14285714285714,0,4.651162790697675,5.128205128205128
Germany,Joshua Kimmich,161056,Defensive Midfield,DFL-Supercup,25/26,1,1,0,0,90,100.0,0,0,0,0,100.0,0,0.0,0.0
Germany,Joshua Kimmich,161056,Defensive Midfield,DFB-Pokal,25/26,6,6,0,3,540,100.0,0,0,0,0,100.0,0,17.647058823529413,17.647058823529413
Germany,Felix Nmecha,406640,Central Midfield,Bundesliga,25/26,29,34,2,3,2190,73.52941176470588,0,0,0,0,71.56862745098039,0,7.142857142857142,7.936507936507936
Germany,Felix Nmecha,406640,Central Midfield,UEFA Champions League,25/26,10,10,3,0,753,90.0,0,0,0,0,83.66666666666667,0,13.636363636363635,13.636363636363635
Germany,Felix Nmecha,406640,Central Midfield,DFB-Pokal,25/26,3,3,0,0,193,66.66666666666666,0,0,0,0,64.33333333333333,0,0.0,0.0
Germany,Assan Ouédraogo,897424,Central Midfield,Bundesliga,25/26,19,34,4,3,955,38.23529411764706,0,0,0,0,31.209150326797385,0,10.606060606060606,18.91891891891892
Germany,Assan Ouédraogo,897424,Central Midfield,DFB-Pokal,25/26,1,4,0,1,5,0.0,0,0,0,0,1.3888888888888888,0,9.090909090909092,12.5
Germany,Nadiem Amiri,232454,Central Midfield,Bundesliga,25/26,26,34,12,3,2092,70.58823529411765,6,0,0,0,68.36601307189542,0,34.090909090909086,46.875
Germany,Nadiem Amiri,232454,Central Midfield,Conference League,25/26,5,10,2,0,395,40.0,2,1,0,0,43.888888888888886,0,18.181818181818183,33.33333333333333
Germany,Nadiem Amiri,232454,Central Midfield,UECL Qualifying,25/26,2,2,2,1,180,100.0,0,0,0,0,100.0,0,60.0,60.0
Germany,Nadiem Amiri,232454,Central Midfield,DFB-Pokal,25/26,2,2,1,0,169,100.0,1,0,0,0,93.88888888888889,0,100.0,100.0
Germany,Leon Goretzka,153084,Central Midfield,Bundesliga,25/26,31,34,5,4,1954,73.52941176470588,4,0,0,0,63.85620915032679,0,7.377049180327869,7.377049180327869
Germany,Leon Goretzka,153084,Central Midfield,UEFA Champions League,25/26,10,14,0,0,185,7.142857142857142,0,0,0,0,14.682539682539684,0,0.0,0.0
Germany,Leon Goretzka,153084,Central Midfield,DFL-Supercup,25/26,1,1,0,0,90,100.0,0,0,0,0,100.0,0,0.0,0.0
Germany,Leon Goretzka,153084,Central Midfield,DFB-Pokal,25/26,6,6,0,1,120,0.0,0,0,0,0,22.22222222222222,0,5.88235294117647,5.88235294117647
Germany,Pascal Groß,82873,Central Midfield,Premier League,25/26,19,19,1,3,1637,94.73684210526315,2,0,0,0,95.73099415204679,0,16.666666666666664,16.666666666666664
Germany,Pascal Groß,82873,Central Midfield,FA Cup,25/26,2,2,0,0,180,100.0,0,0,0,0,100.0,0,0.0,0.0
Germany,Pascal Groß,82873,Central Midfield,UEFA Champions League,25/26,3,6,0,1,37,0.0,0,0,0,0,6.851851851851852,0,5.263157894736842,5.263157894736842
Germany,Pascal Groß,82873,Central Midfield,Bundesliga,25/26,11,15,0,1,615,46.666666666666664,0,0,0,0,45.55555555555556,0,3.8461538461538463,3.8461538461538463
Germany,Pascal Groß,82873,Central Midfield,DFB-Pokal,25/26,2,3,0,0,80,33.33333333333333,0,0,0,0,26.666666666666668,0,0.0,0.0
Germany,Jamal Musiala,580195,Attacking Midfield,Bundesliga,25/26,15,34,3,4,679,20.588235294117645,1,0,0,0,22.18954248366013,0,5.737704918032787,13.725490196078432
Germany,Jamal Musiala,580195,Attacking Midfield,UEFA Champions League,25/26,6,14,2,1,315,21.428571428571427,1,0,0,0,25.0,0,6.976744186046512,14.285714285714285
Germany,Jamal Musiala,580195,Attacking Midfield,DFB-Pokal,25/26,3,6,0,1,181,33.33333333333333,0,0,0,0,33.51851851851852,0,5.88235294117647,14.285714285714285
Germany,Florian Wirtz,598577,Attacking Midfield,Premier League,25/26,33,38,5,4,2390,71.05263157894737,1,0,0,0,69.88304093567251,0,14.285714285714285,16.363636363636363
Germany,Florian Wirtz,598577,Attacking Midfield,UEFA Champions League,25/26,11,12,1,4,840,83.33333333333334,0,0,0,0,77.77777777777779,0,20.833333333333336,21.73913043478261
Germany,Florian Wirtz,598577,Attacking Midfield,Community Shield,25/26,1,1,0,1,84,100.0,1,0,0,0,93.33333333333333,0,25.0,50.0
Germany,Florian Wirtz,598577,Attacking Midfield,FA Cup,25/26,4,4,1,1,190,50.0,0,0,0,0,52.77777777777778,0,20.0,20.0
Germany,Jamie Leweling,518505,Right Winger,Bundesliga,25/26,32,34,7,9,2379,76.47058823529412,4,0,0,0,77.74509803921569,0,22.535211267605636,25.396825396825395
Germany,Jamie Leweling,518505,Right Winger,Europa League,25/26,11,12,3,1,644,58.333333333333336,0,0,0,0,59.62962962962963,0,20.0,20.0
Germany,Jamie Leweling,518505,Right Winger,DFL-Supercup,25/26,1,1,1,0,90,100.0,0,0,0,0,100.0,0,100.0,100.0
Germany,Jamie Leweling,518505,Right Winger,DFB-Pokal,25/26,6,6,0,2,424,66.66666666666666,2,0,0,0,70.66666666666667,0,9.523809523809524,15.384615384615385
Germany,Leroy Sané,192565,Right Winger,Süper Lig,25/26,28,34,7,5,2288,79.41176470588235,0,1,0,0,74.77124183006536,0,15.584415584415584,19.672131147540984
Germany,Leroy Sané,192565,Right Winger,UEFA Champions League,25/26,10,12,0,2,723,58.333333333333336,0,0,0,0,65.13513513513513,0,11.76470588235294,11.76470588235294
Germany,Leroy Sané,192565,Right Winger,Türkiye Kupasi,25/26,3,5,0,1,191,60.0,0,0,0,0,42.44444444444444,0,12.5,33.33333333333333
Germany,Leroy Sané,192565,Right Winger,TFF Süper Kupa,25/26,2,2,0,1,169,100.0,1,0,0,0,93.88888888888889,0,25.0,25.0
Germany,Kai Havertz,309400,Centre-Forward,Premier League,25/26,12,38,2,3,583,18.421052631578945,1,0,0,0,17.046783625730992,0,7.042253521126761,20.833333333333336
Germany,Kai Havertz,309400,Centre-Forward,UEFA Champions League,25/26,6,15,4,1,226,13.333333333333334,1,0,0,0,16.3768115942029,0,15.151515151515152,41.66666666666667
Germany,Kai Havertz,309400,Centre-Forward,FA Cup,25/26,3,4,0,1,162,50.0,0,0,0,0,45.0,0,9.090909090909092,14.285714285714285
Germany,Kai Havertz,309400,Centre-Forward,EFL Cup,25/26,3,6,1,0,95,16.666666666666664,0,0,0,0,17.59259259259259,0,5.88235294117647,25.0
Germany,Nick Woltemade,455661,Centre-Forward,Premier League,25/26,33,36,8,3,1914,66.66666666666666,0,0,0,0,59.074074074074076,0,21.568627450980394,22.448979591836736
Germany,Nick Woltemade,455661,Centre-Forward,UEFA Champions League,25/26,10,12,1,1,654,58.333333333333336,0,0,0,0,60.55555555555555,0,6.896551724137931,6.896551724137931
Germany,Nick Woltemade,455661,Centre-Forward,FA Cup,25/26,3,3,1,1,282,100.0,0,0,0,0,94.0,0,14.285714285714285,28.57142857142857
Germany,Nick Woltemade,455661,Centre-Forward,EFL Cup,25/26,5,5,1,0,176,40.0,1,0,0,0,39.111111111111114,0,11.11111111111111,11.11111111111111
Germany,Nick Woltemade,455661,Centre-Forward,Bundesliga,25/26,1,1,0,0,90,100.0,0,0,0,0,100.0,0,0.0,0.0
Germany,Nick Woltemade,455661,Centre-Forward,DFL-Supercup,25/26,1,1,0,0,90,100.0,0,0,0,0,100.0,0,0.0,0.0
Germany,Nick Woltemade,455661,Centre-Forward,DFB-Pokal,25/26,1,1,1,0,49,0.0,0,0,0,0,40.833333333333336,0,8.333333333333332,25.0
Germany,Maximilian Beier,578392,Centre-Forward,Bundesliga,25/26,32,34,9,9,2037,70.58823529411765,3,0,0,0,66.56862745098039,0,25.71428571428571,26.47058823529412
Germany,Maximilian Beier,578392,Centre-Forward,UEFA Champions League,25/26,9,10,1,1,528,70.0,1,0,0,0,58.666666666666664,0,9.090909090909092,11.11111111111111
Germany,Maximilian Beier,578392,Centre-Forward,DFB-Pokal,25/26,3,3,0,0,171,66.66666666666666,0,0,0,0,56.99999999999999,0,0.0,0.0
Germany,Deniz Undav,339314,Centre-Forward,Bundesliga,25/26,29,34,19,6,2249,73.52941176470588,5,0,0,0,73.4967320261438,0,35.2112676056338,39.682539682539684
Germany,Deniz Undav,339314,Centre-Forward,Europa League,25/26,10,12,3,6,765,75.0,2,0,0,0,70.83333333333334,0,45.0,50.0
Germany,Deniz Undav,339314,Centre-Forward,DFL-Supercup,25/26,1,1,0,0,90,100.0,0,0,0,0,100.0,0,0.0,0.0
Germany,Deniz Undav,339314,Centre-Forward,DFB-Pokal,25/26,6,6,3,2,541,100.0,1,0,0,0,90.16666666666666,0,23.809523809523807,38.46153846153847
Ghana,Lawrence Ati Zigi,254285,Goalkeeper,Super League,25/26,35,38,0,0,3150,92.10526315789474,1,0,7,45,92.10526315789474,0,0.0,0.0
Ghana,Lawrence Ati Zigi,254285,Goalkeeper,Swiss Cup,25/26,2,6,0,0,135,16.666666666666664,0,0,2,0,22.5,0,0.0,0.0
Ghana,Joseph Anang,576099,Goalkeeper,Premier Division,2026,19,20,0,0,1710,95.0,1,0,6,17,95.0,0,0.0,0.0
Ghana,Joseph Anang,576099,Goalkeeper,UECL Qualifying,25/26,6,6,0,0,570,100.0,0,0,3,9,100.0,0,0.0,0.0
Ghana,Benjamin Asare,837368,Goalkeeper,Premier League,25/26,19,34,0,0,1710,55.88235294117647,1,0,8,3,55.88235294117647,0,0.0,0.0
Ghana,Kojo Peprah Oppong,1113451,Centre-Back,Ligue 1,25/26,29,34,1,0,2429,82.35294117647058,4,0,0,0,79.37908496732025,0,2.7027027027027026,2.941176470588235
Ghana,Kojo Peprah Oppong,1113451,Centre-Back,Europa League,25/26,5,8,0,0,361,50.0,1,0,0,0,50.138888888888886,0,0.0,0.0
Ghana,Kojo Peprah Oppong,1113451,Centre-Back,Champions League Qu.,25/26,2,2,0,0,135,50.0,0,0,0,0,75.0,0,0.0,0.0
Ghana,Kojo Peprah Oppong,1113451,Centre-Back,L1/L2 Playoffs,25/26,2,2,0,0,180,100.0,0,0,0,0,100.0,0,0.0,0.0
Ghana,Kojo Peprah Oppong,1113451,Centre-Back,Coupe de France,25/26,5,6,0,0,360,83.33333333333334,1,0,0,0,66.66666666666666,0,0.0,0.0
Ghana,Alidu Seidu,798404,Centre-Back,Ligue 1,25/26,21,34,0,1,1185,38.23529411764706,1,0,0,0,38.72549019607843,0,1.694915254237288,1.8518518518518516
Ghana,Alidu Seidu,798404,Centre-Back,Coupe de France,25/26,3,3,0,0,222,100.0,1,0,0,0,82.22222222222221,0,0.0,0.0
Ghana,Alidu Seidu,798404,Centre-Back,National 3 - Grp. C,25/26,2,2,0,0,142,100.0,1,0,0,0,78.88888888888889,0,0.0,0.0
Ghana,Jonas Adjetey,734676,Centre-Back,Bundesliga,25/26,4,14,0,0,137,7.142857142857142,1,0,0,0,10.873015873015873,0,0.0,0.0
Ghana,Jonas Adjetey,734676,Centre-Back,Bundesliga Playoffs,25/26,0,2,0,0,0,0.0,0,0,0,0,0.0,0,0.0,0.0
Ghana,Jonas Adjetey,734676,Centre-Back,Europa League,25/26,6,8,0,0,533,75.0,1,0,0,0,74.02777777777779,0,0.0,0.0
Ghana,Jonas Adjetey,734676,Centre-Back,Champions League Qu.,25/26,1,2,0,0,82,50.0,0,0,0,0,45.55555555555556,1,0.0,0.0
Ghana,Jonas Adjetey,734676,Centre-Back,Super League,25/26,15,22,0,0,1255,63.63636363636363,2,0,0,0,63.38383838383839,0,0.0,0.0
Ghana,Jonas Adjetey,734676,Centre-Back,Swiss Cup,25/26,1,3,0,0,120,33.33333333333333,1,0,0,0,40.0,0,0.0,0.0
Ghana,Jerome Opoku,408563,Centre-Back,Süper Lig,25/26,32,34,0,2,2741,91.17647058823529,10,0,0,0,89.57516339869281,0,3.4482758620689653,3.7735849056603774
Ghana,Jerome Opoku,408563,Centre-Back,UECL Qualifying,25/26,2,6,0,0,135,16.666666666666664,0,0,0,0,25.0,0,0.0,0.0
Ghana,Jerome Opoku,408563,Centre-Back,Türkiye Kupasi,25/26,2,4,1,0,180,50.0,0,0,0,0,50.0,0,12.5,16.666666666666664
Ghana,Abdul Mumin,451801,Centre-Back,LaLiga,25/26,3,38,0,0,78,2.631578947368421,0,0,0,0,2.280701754385965,0,0.0,0.0
Ghana,Derrick Luckassen,241457,Centre-Back,Cyprus League,25/26,28,36,5,0,2421,77.77777777777779,11,1,0,0,74.72222222222223,1,7.575757575757576,8.333333333333332
Ghana,Derrick Luckassen,241457,Centre-Back,UEFA Champions League,25/26,8,8,1,0,720,100.0,1,0,0,0,100.0,0,12.5,12.5
Ghana,Derrick Luckassen,241457,Centre-Back,Champions League Qu.,25/26,6,6,0,0,540,100.0,1,0,0,0,100.0,0,0.0,0.0
Ghana,Derrick Luckassen,241457,Centre-Back,Kypello Kyprou,25/26,4,5,0,0,360,80.0,1,0,0,0,80.0,0,0.0,0.0
Ghana,Derrick Luckassen,241457,Centre-Back,Cypriot Super Cup,25/26,1,1,0,0,90,100.0,1,0,0,0,100.0,0,0.0,0.0
Ghana,Gideon Mensah,397171,Left-Back,Ligue 1,25/26,30,34,0,1,2334,76.47058823529412,8,0,0,0,76.27450980392156,0,2.941176470588235,2.941176470588235
Ghana,Gideon Mensah,397171,Left-Back,Coupe de France,25/26,1,1,0,0,90,100.0,0,0,0,0,100.0,0,0.0,0.0
Ghana,Abdul Rahman Baba,224884,Left-Back,Super League 1,25/26,19,26,2,1,1375,53.84615384615385,1,0,0,0,58.76068376068376,0,5.769230769230769,5.769230769230769
Ghana,Abdul Rahman Baba,224884,Left-Back,Europa League,25/26,10,10,1,1,833,90.0,0,0,0,0,92.55555555555556,0,11.11111111111111,11.11111111111111
Ghana,Abdul Rahman Baba,224884,Left-Back,Europa League Qualifying,25/26,4,4,0,0,388,100.0,0,0,0,0,99.48717948717949,0,0.0,0.0
Ghana,Abdul Rahman Baba,224884,Left-Back,Kypello Elladas,25/26,8,9,0,0,665,77.77777777777779,2,0,0,0,79.16666666666666,0,0.0,0.0
Ghana,Abdul Rahman Baba,224884,Left-Back,Super League Play-off,25/26,6,6,0,1,540,100.0,2,0,0,0,100.0,0,14.285714285714285,14.285714285714285
Ghana,Marvin Senaya,830890,Right-Back,Ligue 1,25/26,25,34,1,0,1785,58.82352941176471,6,0,0,0,58.333333333333336,0,2.941176470588235,3.3333333333333335
Ghana,Marvin Senaya,830890,Right-Back,Coupe de France,25/26,1,1,0,0,90,100.0,1,0,0,0,100.0,0,0.0,0.0
Ghana,Elisha Owusu,395695,Defensive Midfield,Ligue 1,25/26,29,34,0,0,2349,79.41176470588235,7,0,0,0,76.76470588235294,0,0.0,0.0
Ghana,Thomas Partey,230784,Defensive Midfield,LaLiga,25/26,25,38,0,0,923,21.052631578947366,1,0,0,0,26.98830409356725,0,0.0,0.0
Ghana,Thomas Partey,230784,Defensive Midfield,UEFA Champions League,25/26,5,8,0,0,286,50.0,1,0,0,0,39.72222222222222,0,0.0,0.0
Ghana,Thomas Partey,230784,Defensive Midfield,Copa del Rey,25/26,2,3,0,0,116,33.33333333333333,0,0,0,0,38.666666666666664,0,0.0,0.0
Ghana,Caleb Yirenkyi,1240763,Central Midfield,Superliga,25/26,21,22,2,5,1804,95.45454545454545,7,0,0,0,91.11111111111111,0,18.91891891891892,18.91891891891892
Ghana,Caleb Yirenkyi,1240763,Central Midfield,Superliga Championship round,25/26,9,10,0,1,810,90.0,2,0,0,0,90.0,0,7.142857142857142,8.333333333333332
Ghana,Caleb Yirenkyi,1240763,Central Midfield,Oddset Pokalen,25/26,4,4,0,0,385,100.0,1,0,0,0,98.71794871794873,0,0.0,0.0
Ghana,Kwasi Sibo,538006,Central Midfield,LaLiga,25/26,26,38,0,0,1686,55.26315789473685,3,1,0,0,49.29824561403508,0,0.0,0.0
Ghana,Kwasi Sibo,538006,Central Midfield,Copa del Rey,25/26,1,1,0,0,120,100.0,0,0,0,0,100.0,0,0.0,0.0
Ghana,Augustine Boakye,579263,Attacking Midfield,Ligue 2,25/26,31,34,5,9,2477,88.23529411764706,11,0,0,0,80.94771241830065,0,23.728813559322035,24.137931034482758
Ghana,Augustine Boakye,579263,Attacking Midfield,L1/L2 Playoffs,25/26,2,3,0,0,180,66.66666666666666,0,0,0,0,66.66666666666666,0,0.0,0.0
Ghana,Augustine Boakye,579263,Attacking Midfield,Coupe de France,25/26,3,3,1,0,225,100.0,0,0,0,0,83.33333333333334,0,6.666666666666667,6.666666666666667
Ghana,Kamaldeen Sulemana,746695,Left Winger,Serie A,25/26,25,38,2,1,1002,23.684210526315788,4,0,0,0,29.29824561403509,0,5.88235294117647,6.382978723404255
Ghana,Kamaldeen Sulemana,746695,Left Winger,UEFA Champions League,25/26,9,12,0,0,288,16.666666666666664,0,0,0,0,26.666666666666668,0,0.0,0.0
Ghana,Kamaldeen Sulemana,746695,Left Winger,Italy Cup,25/26,3,4,1,1,55,25.0,0,0,0,0,14.102564102564102,0,18.181818181818183,20.0
Ghana,Christopher Bonsu Baah,1119447,Left Winger,Saudi Pro League,25/26,32,34,3,12,2684,94.11764705882352,5,0,0,0,87.7124183006536,0,18.072289156626507,18.9873417721519
Ghana,Christopher Bonsu Baah,1119447,Left Winger,King's Cup,25/26,3,3,0,0,155,33.33333333333333,0,0,0,0,51.66666666666667,0,0.0,0.0
Ghana,Christopher Bonsu Baah,1119447,Left Winger,Saudi Super Cup,25/26,1,1,0,1,42,100.0,0,1,0,0,46.666666666666664,0,100.0,100.0
Ghana,Antoine Semenyo,583255,Right Winger,Premier League,25/26,37,38,17,4,3205,97.36842105263158,7,0,0,0,93.71345029239765,0,31.818181818181817,65.625
Ghana,Antoine Semenyo,583255,Right Winger,UEFA Champions League,25/26,2,4,0,0,102,25.0,0,0,0,0,28.333333333333332,0,0.0,0.0
Ghana,Antoine Semenyo,583255,Right Winger,FA Cup,25/26,5,6,3,2,267,50.0,0,0,0,0,49.44444444444444,0,22.727272727272727,25.0
Ghana,Antoine Semenyo,583255,Right Winger,EFL Cup,25/26,4,4,1,0,296,75.0,0,0,0,0,82.22222222222221,0,14.285714285714285,14.285714285714285
Ghana,Abdul Fatawu,864121,Right Winger,Championship,25/26,44,46,9,8,3722,93.47826086956522,7,0,0,0,89.90338164251209,0,29.310344827586203,30.909090909090907
Ghana,Ernest Nuamah,955070,Right Winger,Ligue 1,25/26,3,34,0,0,32,0.0,0,0,0,0,1.045751633986928,0,0.0,0.0
Ghana,Iñaki Williams,255508,Right Winger,LaLiga,25/26,30,38,3,6,2168,65.78947368421053,2,0,0,0,63.39181286549708,0,20.930232558139537,25.0
Ghana,Iñaki Williams,255508,Right Winger,UEFA Champions League,25/26,3,8,0,0,173,37.5,0,0,0,0,24.02777777777778,0,0.0,0.0
Ghana,Iñaki Williams,255508,Right Winger,Copa del Rey,25/26,5,5,1,0,313,80.0,0,0,0,0,61.372549019607845,0,14.285714285714285,14.285714285714285
Ghana,Iñaki Williams,255508,Right Winger,Supercopa,25/26,1,1,0,0,54,100.0,0,0,0,0,60.0,0,0.0,0.0
Ghana,Brandon Thomas-Asante,451747,Centre-Forward,Championship,25/26,32,46,13,4,1865,45.65217391304348,0,0,0,0,45.04830917874396,0,17.525773195876287,21.25
Ghana,Brandon Thomas-Asante,451747,Centre-Forward,EFL Cup,25/26,2,2,0,0,105,50.0,0,0,0,0,58.333333333333336,0,0.0,0.0
Ghana,Prince Adu,734799,Centre-Forward,Chance Liga,25/26,25,30,7,1,1412,53.333333333333336,7,0,0,0,52.2962962962963,0,16.0,19.047619047619047
Ghana,Prince Adu,734799,Centre-Forward,Europa League,25/26,9,10,1,0,458,40.0,2,0,0,0,49.24731182795699,0,7.142857142857142,10.0
Ghana,Prince Adu,734799,Centre-Forward,Champions League Qu.,25/26,3,4,0,0,171,50.0,0,0,0,0,47.5,0,0.0,0.0
Ghana,Prince Adu,734799,Centre-Forward,Chance Liga Champion Gr.,25/26,4,5,0,0,148,40.0,0,0,0,0,32.88888888888889,0,0.0,0.0
Ghana,Prince Adu,734799,Centre-Forward,MOL Cup,25/26,2,3,0,0,45,0.0,0,0,0,0,16.666666666666664,0,0.0,0.0
Ghana,Jordan Ayew,108354,Centre-Forward,Championship,25/26,42,46,6,3,2259,52.17391304347826,5,0,0,0,54.565217391304344,0,15.517241379310345,16.071428571428573
Ghana,Jordan Ayew,108354,Centre-Forward,FA Cup,25/26,2,2,0,0,99,50.0,0,0,0,0,47.14285714285714,0,0.0,0.0
Ghana,Jordan Ayew,108354,Centre-Forward,EFL Cup,25/26,1,1,0,0,8,0.0,0,0,0,0,8.88888888888889,0,0.0,0.0
Haiti,Alexandre Pierre,838947,Goalkeeper,Ligue 3,25/26,26,32,0,0,2295,81.25,2,0,10,20,79.6875,0,0.0,0.0
Haiti,Alexandre Pierre,838947,Goalkeeper,Coupe de France,25/26,0,6,0,0,0,0.0,0,0,0,0,0.0,0,0.0,0.0
Haiti,Johny Placide,51035,Goalkeeper,Ligue 2,25/26,24,34,0,1,2160,70.58823529411765,2,0,8,27,70.58823529411765,0,4.3478260869565215,7.6923076923076925
Haiti,Josué Duverger,490369,Goalkeeper,OL RP/Saar,25/26,22,34,0,0,1980,64.70588235294117,0,0,3,38,64.70588235294117,0,0.0,0.0
Haiti,Josué Duverger,490369,Goalkeeper,Rheinlandpokal,25/26,1,3,0,0,90,33.33333333333333,0,0,0,4,30.0,0,0.0,0.0
Haiti,Hannes Delcroix,338635,Centre-Back,Super League,25/26,14,19,1,0,1155,73.68421052631578,1,0,0,0,67.54385964912281,0,3.225806451612903,3.8461538461538463
Haiti,Hannes Delcroix,338635,Centre-Back,EFL Cup,25/26,0,2,0,0,0,0.0,0,0,0,0,0.0,0,0.0,0.0
Haiti,Hannes Delcroix,338635,Centre-Back,Premier League 2,25/26,3,3,0,1,225,100.0,0,0,0,0,83.33333333333334,0,50.0,50.0
Haiti,Hannes Delcroix,338635,Centre-Back,Premier League Cup,25/26,2,2,0,0,180,100.0,0,0,0,0,100.0,0,0.0,0.0
Haiti,Jean-Kévin Duverne,344864,Centre-Back,Jupiler Pro League,25/26,14,25,0,1,735,28.000000000000004,4,0,0,0,32.666666666666664,0,2.3255813953488373,2.7027027027027026
Haiti,Jean-Kévin Duverne,344864,Centre-Back,Croky Cup,25/26,2,3,0,0,55,33.33333333333333,0,0,0,0,20.37037037037037,0,0.0,0.0
Haiti,Jean-Kévin Duverne,344864,Centre-Back,Jupiler Pro League Champions' Play-Offs,25/26,8,10,1,0,421,50.0,1,0,0,0,46.77777777777778,0,25.0,25.0
Haiti,Jean-Kévin Duverne,344864,Centre-Back,Ligue 1,25/26,0,3,0,0,0,0.0,0,0,0,0,0.0,0,0.0,0.0
Haiti,Ricardo Adé,278145,Centre-Back,LigaPro Serie A,2026,11,15,1,0,840,66.66666666666666,3,0,0,0,62.22222222222222,0,6.25,7.142857142857142
Haiti,Ricardo Adé,278145,Centre-Back,Libertadores,2026,3,6,0,0,199,33.33333333333333,0,0,0,0,36.851851851851855,0,0.0,0.0
Haiti,Keeto Thermoncy,1061046,Centre-Back,Promotion League,25/26,22,34,2,1,1895,61.76470588235294,4,0,0,0,61.9281045751634,0,4.545454545454546,5.88235294117647
Haiti,Keeto Thermoncy,1061046,Centre-Back,Europa League,25/26,0,1,0,0,0,0.0,0,0,0,0,0.0,0,0.0,0.0
Haiti,Keeto Thermoncy,1061046,Centre-Back,Super League,25/26,0,1,0,0,0,0.0,0,0,0,0,0.0,0,0.0,0.0
Haiti,Martin Expérience,804885,Left-Back,Ligue 2,25/26,20,34,1,1,1272,38.23529411764706,4,0,0,0,41.568627450980394,0,5.714285714285714,9.523809523809524
Haiti,Martin Expérience,804885,Left-Back,Coupe de France,25/26,3,4,0,0,233,75.0,0,0,0,0,64.72222222222223,0,0.0,0.0
Haiti,Duke Lacroix,375472,Left-Back,USLC,2026,1,11,0,0,4,0.0,0,0,0,0,0.40404040404040403,0,0.0,0.0
Haiti,Duke Lacroix,375472,Left-Back,USL Cup,2026,1,3,0,0,63,33.33333333333333,0,0,0,0,23.333333333333332,0,0.0,0.0
Haiti,Carlens Arcus,371686,Right-Back,Ligue 1,25/26,26,34,0,3,2045,70.58823529411765,7,0,0,0,66.83006535947712,0,10.344827586206897,11.538461538461538
Haiti,Carlens Arcus,371686,Right-Back,Coupe de France,25/26,2,2,0,0,106,50.0,0,0,0,0,58.88888888888889,0,0.0,0.0
Haiti,Wilguens Paugain,609691,Right-Back,Jupiler Pro League,25/26,19,30,1,0,1011,40.0,1,0,0,0,37.44444444444445,0,2.631578947368421,3.4482758620689653
Haiti,Wilguens Paugain,609691,Right-Back,Croky Cup,25/26,1,2,0,0,63,50.0,0,0,0,0,35.0,0,0.0,0.0
Haiti,Wilguens Paugain,609691,Right-Back,JPL Relegation Play-Offs,25/26,5,6,0,0,269,50.0,0,0,0,0,49.81481481481482,0,0.0,0.0
Haiti,Wilguens Paugain,609691,Right-Back,2de Nationale VV A,25/26,1,1,0,0,45,100.0,0,0,0,0,50.0,0,0.0,0.0
Haiti,Danley Jean Jacques,628834,Defensive Midfield,MLS,2026,14,15,2,0,1151,86.66666666666667,5,0,0,0,85.25925925925925,0,11.11111111111111,12.5
Haiti,Danley Jean Jacques,628834,Defensive Midfield,CONCACAF Champions Cup,25/26,3,4,0,0,144,25.0,0,0,0,0,40.0,0,0.0,0.0
Haiti,Leverton Pierre,552467,Defensive Midfield,Liga Portugal 2,25/26,11,34,0,0,173,0.0,3,0,0,0,5.65359477124183,0,0.0,0.0
Haiti,Leverton Pierre,552467,Defensive Midfield,Taça de Portugal,25/26,1,1,0,0,71,100.0,0,0,0,0,78.88888888888889,0,0.0,0.0
Haiti,Dominique Simon,988188,Defensive Midfield,Niké Liga,25/26,11,18,1,0,510,38.88888888888889,1,0,0,0,31.48148148148148,0,5.0,7.6923076923076925
Haiti,Dominique Simon,988188,Defensive Midfield,Niké Liga - Relegation,25/26,9,10,0,1,469,40.0,0,0,0,0,52.11111111111111,0,14.285714285714285,14.285714285714285
Haiti,Dominique Simon,988188,Defensive Midfield,Slovnaft Cup,25/26,4,7,0,0,291,42.857142857142854,1,0,0,0,44.09090909090909,0,0.0,0.0
Haiti,Dominique Simon,988188,Defensive Midfield,Chance Liga,25/26,1,4,0,0,11,0.0,0,0,0,0,3.0555555555555554,0,0.0,0.0
Haiti,Carl Sainté,718244,Defensive Midfield,USLC,2026,5,12,0,0,185,16.666666666666664,1,0,0,0,17.12962962962963,0,0.0,0.0
Haiti,Carl Sainté,718244,Defensive Midfield,USL Cup,2026,1,3,0,0,64,33.33333333333333,0,0,0,0,23.703703703703706,0,0.0,0.0
Haiti,Jean-Ricner Bellegarde,450050,Central Midfield,Premier League,25/26,26,38,1,1,1250,39.473684210526315,5,0,0,0,36.54970760233918,0,7.4074074074074066,10.526315789473683
Haiti,Jean-Ricner Bellegarde,450050,Central Midfield,FA Cup,25/26,2,3,0,0,91,33.33333333333333,0,0,0,0,33.7037037037037,0,0.0,0.0
Haiti,Jean-Ricner Bellegarde,450050,Central Midfield,EFL Cup,25/26,3,3,0,0,172,66.66666666666666,0,0,0,0,63.70370370370371,0,0.0,0.0
Haiti,Derrick Etienne Jr.,354763,Left Winger,MLS,2026,11,14,2,0,647,42.857142857142854,0,0,0,0,51.34920634920634,0,9.090909090909092,9.090909090909092
Haiti,Derrick Etienne Jr.,354763,Left Winger,Canadian Championship,2026,1,1,0,1,90,100.0,1,0,0,0,100.0,0,100.0,100.0
Haiti,Ruben Providence,536520,Left Winger,Keuken Kampioen Divisie,25/26,25,38,1,2,1028,26.31578947368421,0,1,0,0,30.058479532163744,0,3.8461538461538463,5.172413793103448
Haiti,Ruben Providence,536520,Left Winger,KNVB Beker,25/26,2,3,0,0,63,33.33333333333333,0,0,0,0,23.333333333333332,0,0.0,0.0
Haiti,Ruben Providence,536520,Left Winger,Keuken Kampioen Play-Offs,25/26,3,6,0,0,27,0.0,0,0,0,0,5.0,0,0.0,0.0
Haiti,Josué Casimir,763182,Right Winger,Ligue 1,25/26,31,34,1,0,1521,47.05882352941176,4,0,0,0,49.705882352941174,1,2.941176470588235,3.0303030303030303
Haiti,Louicius Deedson,646108,Right Winger,MLS,2026,7,15,1,0,253,20.0,0,0,0,0,18.74074074074074,0,3.3333333333333335,5.555555555555555
Haiti,Wilson Isidor,494237,Centre-Forward,Premier League,25/26,32,38,6,0,1159,28.947368421052634,2,0,0,0,33.88888888888889,0,14.285714285714285,14.634146341463413
Haiti,Wilson Isidor,494237,Centre-Forward,FA Cup,25/26,3,3,0,0,101,33.33333333333333,1,0,0,0,33.666666666666664,0,0.0,0.0
Haiti,Wilson Isidor,494237,Centre-Forward,EFL Cup,25/26,1,1,0,0,78,100.0,0,0,0,0,86.66666666666667,0,0.0,0.0
Haiti,Lenny Joseph,815359,Centre-Forward,NB I.,25/26,25,33,7,2,1209,36.36363636363637,3,0,0,0,40.707070707070706,0,13.432835820895523,13.846153846153847
Haiti,Lenny Joseph,815359,Centre-Forward,Europa League,25/26,12,12,2,2,486,33.33333333333333,2,0,0,0,45.0,0,23.52941176470588,23.52941176470588
Haiti,Lenny Joseph,815359,Centre-Forward,Champions League Qu.,25/26,6,6,2,3,459,100.0,0,0,0,0,85.0,0,38.46153846153847,38.46153846153847
Haiti,Lenny Joseph,815359,Centre-Forward,Magyar Kupa,25/26,5,6,5,3,442,83.33333333333334,0,0,0,0,73.66666666666667,0,23.52941176470588,50.0
Haiti,Frantzdy Pierrot,492955,Centre-Forward,Süper Lig,25/26,10,14,0,0,115,0.0,0,0,0,0,9.126984126984127,0,0.0,0.0
Haiti,Frantzdy Pierrot,492955,Centre-Forward,Türkiye Kupasi,25/26,1,1,0,0,67,100.0,0,0,0,0,74.44444444444444,0,0.0,0.0
Haiti,Frantzdy Pierrot,492955,Centre-Forward,Conference League,25/26,3,6,0,0,140,16.666666666666664,0,0,0,0,25.925925925925924,0,0.0,0.0
Haiti,Frantzdy Pierrot,492955,Centre-Forward,UECL Qualifying,25/26,6,6,0,0,337,66.66666666666666,1,0,0,0,59.122807017543856,0,0.0,0.0
Haiti,Frantzdy Pierrot,492955,Centre-Forward,Super League 1,25/26,9,19,2,1,537,26.31578947368421,2,0,0,0,31.403508771929822,0,9.090909090909092,27.27272727272727
Haiti,Frantzdy Pierrot,492955,Centre-Forward,Kypello Elladas,25/26,3,5,2,0,243,60.0,0,0,0,0,54.0,0,33.33333333333333,50.0
Haiti,Duckens Nazon,345763,Centre-Forward,Persian Gulf League,25/26,10,22,1,1,429,18.181818181818183,0,0,0,0,21.666666666666668,0,6.896551724137931,9.090909090909092
Haiti,Duckens Nazon,345763,Centre-Forward,AFC Champions League Two,25/26,7,8,1,1,275,25.0,1,0,0,0,38.19444444444444,0,20.0,22.22222222222222
Haiti,Duckens Nazon,345763,Centre-Forward,Iran Super Cup,25/26,1,1,0,0,33,0.0,0,0,0,0,36.666666666666664,0,0.0,0.0
Haiti,Duckens Nazon,345763,Centre-Forward,Hazfi Cup,25/26,1,2,0,0,45,0.0,0,0,0,0,21.428571428571427,0,0.0,0.0
Haiti,Yassin Fortuné,342878,Centre-Forward,Liga Portugal 2,25/26,23,34,3,1,1248,41.17647058823529,5,0,0,0,40.78431372549019,0,10.256410256410255,12.903225806451612
Haiti,Yassin Fortuné,342878,Centre-Forward,Taça de Portugal,25/26,1,1,0,0,71,100.0,0,0,0,0,78.88888888888889,0,0.0,0.0
Iran,Payam Niazmand,343044,Goalkeeper,Persian Gulf League,25/26,21,22,0,0,1890,95.45454545454545,3,0,10,18,95.45454545454545,0,0.0,0.0
Iran,Payam Niazmand,343044,Goalkeeper,Hazfi Cup,25/26,1,1,0,0,120,100.0,0,0,0,1,100.0,0,0.0,0.0
Iran,Alireza Beiranvand,229081,Goalkeeper,Persian Gulf League,25/26,19,22,0,0,1710,86.36363636363636,1,0,11,10,86.36363636363636,0,0.0,0.0
Iran,Alireza Beiranvand,229081,Goalkeeper,AFC Champions League,25/26,9,9,0,0,772,100.0,0,1,6,4,95.30864197530863,0,0.0,0.0
Iran,Alireza Beiranvand,229081,Goalkeeper,Hazfi Cup,25/26,1,2,0,0,120,50.0,1,0,0,1,57.14285714285714,0,0.0,0.0
Iran,Seyed Hossein Hosseini,132561,Goalkeeper,Persian Gulf League,25/26,15,22,0,0,1350,68.18181818181817,0,0,8,9,68.18181818181817,0,0.0,0.0
Iran,Seyed Hossein Hosseini,132561,Goalkeeper,AFC CL Elite Qualif.,25/26,1,1,0,0,90,100.0,0,0,0,3,100.0,0,0.0,0.0
Iran,Seyed Hossein Hosseini,132561,Goalkeeper,AFC Champions League Two,25/26,5,6,0,0,480,83.33333333333334,0,0,2,5,84.21052631578947,0,0.0,0.0
Iran,Seyed Hossein Hosseini,132561,Goalkeeper,Hazfi Cup,25/26,2,2,0,0,180,100.0,0,0,1,3,100.0,0,0.0,0.0
Iran,Hossein Kanaani,249400,Centre-Back,Persian Gulf League,25/26,18,22,1,0,1482,77.27272727272727,1,0,0,0,74.84848484848486,0,4.3478260869565215,5.0
Iran,Hossein Kanaani,249400,Centre-Back,Hazfi Cup,25/26,1,1,1,0,120,100.0,1,0,0,0,100.0,0,12.5,100.0
Iran,Danial Eiri,1080301,Centre-Back,Persian Gulf League,25/26,22,22,0,0,1892,95.45454545454545,1,0,0,0,95.55555555555556,0,0.0,0.0
Iran,Danial Eiri,1080301,Centre-Back,Hazfi Cup,25/26,2,2,0,0,210,100.0,2,0,0,0,100.0,0,0.0,0.0
Iran,Ali Nemati,527092,Centre-Back,Persian Gulf League,25/26,20,22,0,0,1728,86.36363636363636,7,0,0,0,87.27272727272727,0,0.0,0.0
Iran,Ali Nemati,527092,Centre-Back,Hazfi Cup,25/26,2,2,0,0,180,100.0,0,0,0,0,100.0,0,0.0,0.0
Iran,Shoja Khalilzadeh,213715,Centre-Back,Persian Gulf League,25/26,21,22,0,0,1882,95.45454545454545,7,0,0,0,95.05050505050505,0,0.0,0.0
Iran,Shoja Khalilzadeh,213715,Centre-Back,AFC Champions League,25/26,9,9,1,1,805,100.0,3,0,0,0,99.38271604938271,0,16.666666666666664,16.666666666666664
Iran,Shoja Khalilzadeh,213715,Centre-Back,Iran Super Cup,25/26,1,1,0,0,90,100.0,0,0,0,0,100.0,0,0.0,0.0
Iran,Shoja Khalilzadeh,213715,Centre-Back,Hazfi Cup,25/26,1,2,0,0,120,50.0,0,0,0,0,57.14285714285714,0,0.0,0.0
Iran,Milad Mohammadi,333355,Left-Back,Persian Gulf League,25/26,20,22,0,3,1447,68.18181818181817,2,0,0,0,73.08080808080808,0,13.043478260869565,14.285714285714285
Iran,Milad Mohammadi,333355,Left-Back,Hazfi Cup,25/26,1,1,0,0,120,100.0,0,0,0,0,100.0,0,0.0,0.0
Iran,Ehsan Hajsafi,77547,Left-Back,Persian Gulf League,25/26,21,22,3,4,1827,95.45454545454545,3,0,0,0,92.27272727272727,0,29.166666666666668,29.166666666666668
Iran,Ehsan Hajsafi,77547,Left-Back,AFC CL Elite Qualif.,25/26,1,1,0,0,78,100.0,0,0,0,0,86.66666666666667,0,0.0,0.0
Iran,Ehsan Hajsafi,77547,Left-Back,AFC Champions League Two,25/26,6,6,0,2,502,83.33333333333334,0,0,0,0,88.0701754385965,0,28.57142857142857,28.57142857142857
Iran,Ehsan Hajsafi,77547,Left-Back,Hazfi Cup,25/26,2,2,0,0,180,100.0,0,0,0,0,100.0,0,0.0,0.0
Iran,Arya Yousefi,932724,Right-Back,Persian Gulf League,25/26,20,22,1,1,1793,90.9090909090909,7,0,0,0,90.55555555555556,0,8.333333333333332,9.523809523809524
Iran,Arya Yousefi,932724,Right-Back,AFC CL Elite Qualif.,25/26,1,1,0,0,90,100.0,0,0,0,0,100.0,0,0.0,0.0
Iran,Arya Yousefi,932724,Right-Back,AFC Champions League Two,25/26,6,6,1,2,525,83.33333333333334,2,0,0,0,92.10526315789474,0,42.857142857142854,42.857142857142854
Iran,Arya Yousefi,932724,Right-Back,Hazfi Cup,25/26,2,2,0,0,180,100.0,0,0,0,0,100.0,0,0.0,0.0
Iran,Saleh Hardani,697155,Right-Back,Persian Gulf League,25/26,18,22,0,2,1506,77.27272727272727,7,0,0,0,76.06060606060606,0,6.896551724137931,7.4074074074074066
Iran,Saleh Hardani,697155,Right-Back,AFC Champions League Two,25/26,6,8,0,1,538,75.0,0,0,0,0,74.72222222222223,0,10.0,10.0
Iran,Saleh Hardani,697155,Right-Back,Iran Super Cup,25/26,0,1,0,0,0,0.0,0,0,0,0,0.0,0,0.0,0.0
Iran,Saleh Hardani,697155,Right-Back,Hazfi Cup,25/26,1,2,0,0,90,50.0,0,0,0,0,42.857142857142854,0,0.0,0.0
Iran,Ramin Rezaeian,188312,Right-Back,Persian Gulf League,25/26,13,22,2,5,939,45.45454545454545,2,1,0,0,47.42424242424242,0,19.444444444444446,50.0
Iran,Ramin Rezaeian,188312,Right-Back,AFC Champions League Two,25/26,3,6,0,0,182,33.33333333333333,1,0,0,0,33.7037037037037,0,0.0,0.0
Iran,Ramin Rezaeian,188312,Right-Back,Iran Super Cup,25/26,1,1,0,1,90,100.0,0,0,0,0,100.0,0,100.0,100.0
Iran,Ramin Rezaeian,188312,Right-Back,Hazfi Cup,25/26,1,2,0,0,120,50.0,0,0,0,0,57.14285714285714,0,0.0,0.0
Iran,Saeed Ezatolahi,249271,Defensive Midfield,UAE Pro League,25/26,22,26,5,1,1701,76.92307692307693,5,1,0,0,72.6923076923077,0,10.0,11.11111111111111
Iran,Saeed Ezatolahi,249271,Defensive Midfield,UAE President's Cup,25/26,3,3,1,0,211,100.0,2,0,0,0,70.33333333333334,0,14.285714285714285,33.33333333333333
Iran,Saeed Ezatolahi,249271,Defensive Midfield,UAE Super Cup,25/26,1,1,0,0,13,0.0,0,0,0,0,14.444444444444443,0,0.0,0.0
Iran,Saeed Ezatolahi,249271,Defensive Midfield,AFC Champions League,25/26,10,11,3,1,785,81.81818181818183,2,0,0,0,76.9607843137255,0,20.0,22.22222222222222
Iran,Mohammad Ghorbani,856087,Defensive Midfield,UAE Pro League,25/26,22,26,1,0,1199,46.15384615384615,6,0,0,0,51.23931623931624,0,2.631578947368421,2.857142857142857
Iran,Mohammad Ghorbani,856087,Defensive Midfield,UAE President's Cup,25/26,2,2,0,0,174,50.0,1,0,0,0,72.5,0,0.0,0.0
Iran,Mohammad Ghorbani,856087,Defensive Midfield,UAE League Cup,25/26,5,7,0,0,376,57.14285714285714,3,0,0,0,59.682539682539684,0,0.0,0.0
Iran,Mohammad Ghorbani,856087,Defensive Midfield,AFC Champions League,25/26,7,9,0,0,464,55.55555555555556,1,0,0,0,55.23809523809524,0,0.0,0.0
Iran,Roozbeh Cheshmi,273879,Defensive Midfield,Persian Gulf League,25/26,15,22,1,0,1075,63.63636363636363,3,0,0,0,54.292929292929294,0,3.4482758620689653,5.88235294117647
Iran,Roozbeh Cheshmi,273879,Defensive Midfield,AFC Champions League Two,25/26,3,8,1,0,240,37.5,0,0,0,0,33.33333333333333,0,10.0,14.285714285714285
Iran,Roozbeh Cheshmi,273879,Defensive Midfield,Iran Super Cup,25/26,1,1,1,0,90,100.0,1,0,0,0,100.0,0,100.0,100.0
Iran,Roozbeh Cheshmi,273879,Defensive Midfield,Hazfi Cup,25/26,1,2,0,0,90,50.0,0,0,0,0,42.857142857142854,0,0.0,0.0
Iran,Amirmohammad Razzaghinia,1051591,Central Midfield,Persian Gulf League,25/26,21,22,0,0,1494,77.27272727272727,3,0,0,0,75.45454545454545,0,0.0,0.0
Iran,Amirmohammad Razzaghinia,1051591,Central Midfield,AFC Champions League Two,25/26,6,8,0,0,443,62.5,1,0,0,0,61.52777777777778,0,0.0,0.0
Iran,Amirmohammad Razzaghinia,1051591,Central Midfield,Iran Super Cup,25/26,1,1,0,0,1,0.0,0,0,0,0,1.1111111111111112,0,0.0,0.0
Iran,Amirmohammad Razzaghinia,1051591,Central Midfield,Hazfi Cup,25/26,1,2,0,0,34,50.0,0,0,0,0,16.19047619047619,0,0.0,0.0
Iran,Saman Ghoddos,204294,Attacking Midfield,UAE Pro League,25/26,25,26,5,4,1806,84.61538461538461,3,0,0,0,77.17948717948718,0,31.03448275862069,33.33333333333333
Iran,Saman Ghoddos,204294,Attacking Midfield,UAE President's Cup,25/26,1,1,0,0,90,100.0,0,0,0,0,100.0,0,0.0,0.0
Iran,Saman Ghoddos,204294,Attacking Midfield,UAE League Cup,25/26,1,2,0,0,77,50.0,0,0,0,0,42.77777777777778,0,0.0,0.0
Iran,Mehdi Ghayedi,478192,Left Winger,UAE Pro League,25/26,20,26,4,6,1308,53.84615384615385,1,0,0,0,55.8974358974359,0,27.77777777777778,33.33333333333333
Iran,Mehdi Ghayedi,478192,Left Winger,UAE League Cup,25/26,5,6,2,0,275,66.66666666666666,0,0,0,0,50.92592592592593,0,16.666666666666664,22.22222222222222
Iran,Mohammad Mohebi,603149,Left Winger,Premier Liga,25/26,28,30,3,3,1612,53.333333333333336,3,0,0,0,59.7037037037037,0,24.0,24.0
Iran,Mohammad Mohebi,603149,Left Winger,Russian Cup,25/26,3,8,0,0,159,25.0,2,0,0,0,22.083333333333332,1,0.0,0.0
Iran,Mehdi Torabi,283833,Left Winger,Persian Gulf League,25/26,18,22,0,5,1208,72.72727272727273,2,0,0,0,61.01010101010102,0,16.666666666666664,20.833333333333336
Iran,Mehdi Torabi,283833,Left Winger,AFC Champions League,25/26,6,9,1,0,311,44.44444444444444,0,0,0,0,38.39506172839506,0,8.333333333333332,10.0
Iran,Mehdi Torabi,283833,Left Winger,Iran Super Cup,25/26,1,1,0,0,67,100.0,0,0,0,0,74.44444444444444,0,0.0,0.0
Iran,Mehdi Torabi,283833,Left Winger,Hazfi Cup,25/26,1,2,1,0,87,50.0,0,0,0,0,41.42857142857143,0,11.11111111111111,100.0
Iran,Alireza Jahanbakhsh,213268,Right Winger,Jupiler Pro League,25/26,16,17,0,0,531,23.52941176470588,3,0,0,0,34.705882352941174,0,0.0,0.0
Iran,Alireza Jahanbakhsh,213268,Right Winger,Croky Cup,25/26,2,2,0,1,131,100.0,0,0,0,0,72.77777777777777,0,33.33333333333333,33.33333333333333
Iran,Alireza Jahanbakhsh,213268,Right Winger,JPL Relegation Play-Offs,25/26,5,6,1,1,372,83.33333333333334,2,0,0,0,68.88888888888889,0,28.57142857142857,33.33333333333333
Iran,Amirhossein Hosseinzadeh,542380,Centre-Forward,Persian Gulf League,25/26,22,22,10,5,1978,100.0,1,0,0,0,99.8989898989899,0,50.0,55.55555555555556
Iran,Amirhossein Hosseinzadeh,542380,Centre-Forward,AFC Champions League,25/26,9,9,2,2,810,100.0,0,0,0,0,100.0,0,33.33333333333333,33.33333333333333
Iran,Amirhossein Hosseinzadeh,542380,Centre-Forward,Iran Super Cup,25/26,1,1,1,0,90,100.0,0,0,0,0,100.0,0,50.0,50.0
Iran,Amirhossein Hosseinzadeh,542380,Centre-Forward,Hazfi Cup,25/26,1,2,0,0,120,50.0,1,0,0,0,57.14285714285714,0,0.0,0.0
Iran,Mehdi Taremi,307058,Centre-Forward,Super League 1,25/26,19,24,10,4,1077,50.0,1,0,0,0,49.861111111111114,0,34.146341463414636,36.84210526315789
Iran,Mehdi Taremi,307058,Centre-Forward,UEFA Champions League,25/26,10,10,2,2,485,40.0,2,0,0,0,53.888888888888886,0,40.0,40.0
Iran,Mehdi Taremi,307058,Centre-Forward,Kypello Elladas,25/26,4,5,3,0,271,60.0,0,0,0,0,60.22222222222222,0,16.666666666666664,16.666666666666664
Iran,Mehdi Taremi,307058,Centre-Forward,Super Cup,25/26,1,1,1,0,106,100.0,0,0,0,0,88.33333333333333,0,33.33333333333333,33.33333333333333
Iran,Mehdi Taremi,307058,Centre-Forward,Super League Play-off,25/26,5,6,0,0,184,33.33333333333333,0,0,0,0,34.074074074074076,0,0.0,0.0
Iran,Dennis Eckert Ayensa,249303,Centre-Forward,Jupiler Pro League,25/26,27,30,3,0,1638,66.66666666666666,1,0,0,0,60.66666666666667,0,11.11111111111111,11.11111111111111
Iran,Dennis Eckert Ayensa,249303,Centre-Forward,Croky Cup,25/26,2,2,2,0,105,50.0,0,0,0,0,58.333333333333336,0,50.0,50.0
Iran,Dennis Eckert Ayensa,249303,Centre-Forward,JPL Europe Play-Offs,25/26,8,10,2,0,348,30.0,1,0,0,0,38.666666666666664,0,11.76470588235294,13.333333333333334
Iran,Ali Alipour,249360,Centre-Forward,Persian Gulf League,25/26,22,22,6,6,1948,100.0,3,0,0,0,98.38383838383838,0,52.17391304347826,52.17391304347826
Iran,Ali Alipour,249360,Centre-Forward,Hazfi Cup,25/26,1,1,0,1,120,100.0,0,0,0,0,100.0,0,12.5,100.0
Iran,Shahriar Moghanlou,357125,Centre-Forward,UAE Pro League,25/26,25,26,8,2,1921,84.61538461538461,4,0,0,0,82.09401709401709,0,34.48275862068966,34.48275862068966
Iran,Shahriar Moghanlou,357125,Centre-Forward,UAE President's Cup,25/26,1,1,0,0,86,100.0,0,0,0,0,95.55555555555556,0,0.0,0.0
Iran,Shahriar Moghanlou,357125,Centre-Forward,UAE League Cup,25/26,1,2,0,0,66,50.0,0,0,0,0,36.666666666666664,0,0.0,0.0
Iraq,Ahmed Basil Fadhil,560952,Goalkeeper,Iraq Stars League,25/26,27,38,0,0,2282,71.05263157894737,2,0,12,21,66.72514619883042,0,0.0,0.0
Iraq,Ahmed Basil Fadhil,560952,Goalkeeper,AFC Champions League,25/26,5,8,0,0,450,62.5,0,0,0,13,62.5,0,0.0,0.0
Iraq,Fahad Talib,377268,Goalkeeper,Iraq Stars League,25/26,28,38,0,0,2465,73.68421052631578,2,1,10,27,72.07602339181285,0,0.0,0.0
Iraq,Jalal Hassan,206782,Goalkeeper,Iraq Stars League,25/26,18,38,0,0,1510,47.368421052631575,2,0,10,14,44.15204678362573,0,0.0,0.0
Iraq,Jalal Hassan,206782,Goalkeeper,AFC Champions League Two,25/26,8,8,0,0,750,100.0,1,0,1,17,100.0,0,0.0,0.0
Iraq,Akam Hashem,933541,Centre-Back,Iraq Stars League,25/26,22,38,2,0,1647,50.0,5,0,0,0,48.1578947368421,0,4.0,5.714285714285714
Iraq,Akam Hashem,933541,Centre-Back,AFC Champions League Two,25/26,8,8,0,0,741,100.0,0,0,0,0,98.8,0,0.0,0.0
Iraq,Zaid Tahseen,931147,Centre-Back,Superliga,2026,6,11,0,0,443,45.45454545454545,2,0,0,0,44.74747474747475,0,0.0,0.0
Iraq,Zaid Tahseen,931147,Centre-Back,Uzbekistan Cup,2026,1,3,1,0,90,33.33333333333333,0,0,0,0,33.33333333333333,0,14.285714285714285,25.0
Iraq,Zaid Tahseen,931147,Centre-Back,Uzbekistan Supercup,25/26,1,1,0,0,90,100.0,0,0,0,0,100.0,0,0.0,0.0
Iraq,Frans Putros,166460,Centre-Back,Super League,25/26,28,34,1,2,2128,67.64705882352942,7,1,0,0,69.54248366013071,0,5.084745762711865,6.25
Iraq,Frans Putros,166460,Centre-Back,AFC CL Two Qualif.,25/26,1,1,0,0,90,100.0,0,0,0,0,100.0,0,0.0,0.0
Iraq,Frans Putros,166460,Centre-Back,AFC Champions League Two,25/26,7,8,1,0,604,87.5,0,0,0,0,83.88888888888889,0,8.333333333333332,8.333333333333332
Iraq,Manaf Younis,945266,Centre-Back,Iraq Stars League,25/26,27,38,1,0,2084,63.1578947368421,5,0,0,0,60.93567251461989,0,1.4084507042253522,1.6666666666666667
Iraq,Manaf Younis,945266,Centre-Back,AFC Champions League,25/26,6,8,0,0,492,75.0,0,0,0,0,68.33333333333333,0,0.0,0.0
Iraq,Rebin Sulaka,217073,Centre-Back,Thai League,25/26,24,30,0,0,1894,73.33333333333333,4,0,0,0,70.14814814814815,0,0.0,0.0
Iraq,Rebin Sulaka,217073,Centre-Back,Thai FA Cup,25/26,1,2,0,1,90,50.0,1,0,0,0,50.0,0,25.0,50.0
Iraq,Rebin Sulaka,217073,Centre-Back,Thai Cup,25/26,3,5,0,0,205,40.0,1,0,0,0,45.55555555555556,0,0.0,0.0
Iraq,Merchas Doski,530527,Left-Back,Chance Liga,25/26,26,30,1,1,1682,60.0,6,1,0,0,62.29629629629629,0,4.0,4.25531914893617
Iraq,Merchas Doski,530527,Left-Back,Europa League,25/26,7,10,0,2,597,70.0,3,1,0,0,64.19354838709678,0,14.285714285714285,25.0
Iraq,Merchas Doski,530527,Left-Back,Champions League Qu.,25/26,2,4,0,1,22,0.0,0,0,0,0,6.111111111111111,0,20.0,20.0
Iraq,Merchas Doski,530527,Left-Back,Chance Liga Champion Gr.,25/26,4,5,0,0,360,80.0,0,0,0,0,80.0,0,0.0,0.0
Iraq,Merchas Doski,530527,Left-Back,MOL Cup,25/26,3,3,0,0,209,66.66666666666666,0,0,0,0,77.4074074074074,0,0.0,0.0
Iraq,Ahmed Maknzi,881506,Left-Back,Iraq Stars League,25/26,22,38,5,5,1605,47.368421052631575,5,0,0,0,48.18372861002702,0,18.867924528301888,29.411764705882355
Iraq,Ahmed Maknzi,881506,Left-Back,Iraq FA Cup,25/26,1,1,0,0,62,100.0,1,0,0,0,51.66666666666667,0,0.0,0.0
Iraq,Hussein Ali,585325,Right-Back,Ekstraklasa,25/26,16,26,2,0,515,23.076923076923077,5,0,0,0,22.00854700854701,1,5.555555555555555,6.451612903225806
Iraq,Hussein Ali,585325,Right-Back,STS Polish Cup,25/26,0,3,0,0,0,0.0,0,0,0,0,0.0,0,0.0,0.0
Iraq,Mustafa Saadoon,952341,Right-Back,Iraq Stars League,25/26,27,38,2,3,2026,65.78947368421053,4,0,0,0,59.239766081871345,0,7.042253521126761,8.620689655172415
Iraq,Mustafa Saadoon,952341,Right-Back,AFC Champions League,25/26,6,8,0,0,365,62.5,0,0,0,0,50.69444444444444,0,0.0,0.0
Iraq,Amir Al-Ammari,303766,Defensive Midfield,Ekstraklasa,25/26,33,34,1,4,2507,85.29411764705883,3,1,0,0,81.9281045751634,0,12.82051282051282,13.157894736842104
Iraq,Amir Al-Ammari,303766,Defensive Midfield,STS Polish Cup,25/26,1,2,0,0,90,50.0,0,0,0,0,50.0,0,0.0,0.0
Iraq,Zaid Ismail,1132850,Defensive Midfield,Iraq Stars League,25/26,30,38,4,3,2614,78.94736842105263,10,1,0,0,76.4327485380117,0,13.20754716981132,15.909090909090908
Iraq,Aimar Sher,579294,Central Midfield,Eliteserien,2026,9,11,1,1,807,81.81818181818183,1,0,0,0,81.51515151515152,0,15.384615384615385,22.22222222222222
Iraq,Aimar Sher,579294,Central Midfield,NM-Cup,2026,2,2,0,0,104,50.0,1,0,0,0,49.523809523809526,0,0.0,0.0
Iraq,Zidane Iqbal,686845,Central Midfield,Keuken Kampioen Divisie,25/26,11,26,0,1,506,23.076923076923077,2,0,0,0,21.623931623931625,0,2.127659574468085,4.166666666666666
Iraq,Zidane Iqbal,686845,Central Midfield,Europa League,25/26,2,5,0,0,103,20.0,0,0,0,0,22.88888888888889,0,0.0,0.0
Iraq,Zidane Iqbal,686845,Central Midfield,Eredivisie,25/26,5,12,0,0,255,25.0,1,0,0,0,23.61111111111111,0,0.0,0.0
Iraq,Kevin Yakob,413268,Central Midfield,Superliga,25/26,17,22,3,3,841,40.909090909090914,1,0,0,0,42.474747474747474,0,13.043478260869565,13.636363636363635
Iraq,Kevin Yakob,413268,Central Midfield,Superliga Championship round,25/26,9,10,1,0,605,80.0,1,0,0,0,67.22222222222223,0,6.25,10.0
Iraq,Kevin Yakob,413268,Central Midfield,Oddset Pokalen,25/26,6,6,0,0,408,66.66666666666666,0,0,0,0,75.55555555555556,0,0.0,0.0
Iraq,Kevin Yakob,413268,Central Midfield,Future Cup,25/26,1,1,0,0,45,100.0,0,0,0,0,50.0,0,0.0,0.0
Iraq,Ibrahim Bayesh,560957,Attacking Midfield,UAE Pro League,25/26,9,11,0,0,592,72.72727272727273,1,0,0,0,59.79797979797979,0,0.0,0.0
Iraq,Ibrahim Bayesh,560957,Attacking Midfield,Saudi Pro League,25/26,12,20,1,0,1026,55.00000000000001,3,0,0,0,56.99999999999999,1,5.555555555555555,8.333333333333332
Iraq,Ibrahim Bayesh,560957,Attacking Midfield,King's Cup,25/26,1,2,0,0,63,50.0,1,0,0,0,35.0,0,0.0,0.0
Iraq,Marko Farji,663153,Left Winger,Serie B,25/26,2,20,0,0,21,0.0,0,0,0,0,1.1666666666666667,0,0.0,0.0
Iraq,Marko Farji,663153,Left Winger,NM-Cup,2026,1,1,0,0,74,0.0,0,0,0,0,61.66666666666667,0,0.0,0.0
Iraq,Youssef Amyn,684307,Left Winger,Cyprus League,25/26,14,36,2,2,670,19.444444444444446,2,0,0,0,20.679012345679013,0,6.451612903225806,11.428571428571429
Iraq,Youssef Amyn,684307,Left Winger,Europa League Qualifying,25/26,2,5,0,0,25,0.0,0,0,0,0,5.555555555555555,0,0.0,0.0
Iraq,Youssef Amyn,684307,Left Winger,Kypello Kyprou,25/26,1,1,0,0,15,0.0,0,0,0,0,16.666666666666664,0,0.0,0.0
Iraq,Ali Jasim,877672,Left Winger,Saudi Pro League,25/26,24,34,4,1,1623,55.88235294117647,1,0,0,0,53.03921568627451,0,15.625,23.809523809523807
Iraq,Ali Jasim,877672,Left Winger,King's Cup,25/26,2,2,0,0,130,50.0,0,0,0,0,61.904761904761905,0,0.0,0.0
Iraq,Ahmed Qasem,833817,Right Winger,MLS,2026,14,14,1,1,731,64.28571428571429,3,0,0,0,58.01587301587302,0,6.451612903225806,6.451612903225806
Iraq,Ahmed Qasem,833817,Right Winger,CONCACAF Champions Cup,25/26,6,8,1,0,229,25.0,0,0,0,0,31.805555555555554,0,11.11111111111111,11.11111111111111
Iraq,Ali Al-Hamadi,610581,Centre-Forward,League One,25/26,13,40,1,1,413,5.0,1,0,0,0,11.472222222222223,0,3.3333333333333335,8.695652173913043
Iraq,Ali Al-Hamadi,610581,Centre-Forward,EFL Trophy,25/26,0,8,0,0,0,0.0,0,0,0,0,0.0,0,0.0,0.0
Iraq,Ali Al-Hamadi,610581,Centre-Forward,FA Cup,25/26,1,2,0,0,28,0.0,0,0,0,0,13.333333333333334,0,0.0,0.0
Iraq,Ali Al-Hamadi,610581,Centre-Forward,Championship,25/26,1,4,0,0,11,0.0,0,0,0,0,3.0555555555555554,0,0.0,0.0
Iraq,Ali Al-Hamadi,610581,Centre-Forward,EFL Cup,25/26,1,1,0,0,90,100.0,0,0,0,0,100.0,0,0.0,0.0
Iraq,Mohanad Ali,589646,Centre-Forward,UAE Pro League,25/26,20,26,6,1,1334,57.692307692307686,3,0,0,0,57.008547008547005,0,28.000000000000004,43.75
Iraq,Mohanad Ali,589646,Centre-Forward,UAE President's Cup,25/26,1,2,1,0,88,50.0,0,0,0,0,41.904761904761905,0,12.5,50.0
Iraq,Aymen Hussein,401054,Centre-Forward,Iraq Stars League,25/26,18,38,9,1,901,28.947368421052634,3,1,0,0,27.048934253977784,0,18.867924528301888,34.48275862068966
Iraq,Ali Yousif,576265,Centre-Forward,Iraq Stars League,25/26,20,37,3,1,760,18.91891891891892,2,0,0,0,22.822822822822822,0,7.6923076923076925,9.75609756097561
Japan,Zion Suzuki,432298,Goalkeeper,Serie A,25/26,20,38,0,0,1800,52.63157894736842,1,0,5,28,52.63157894736842,0,0.0,0.0
Japan,Zion Suzuki,432298,Goalkeeper,Italy Cup,25/26,2,3,0,0,180,66.66666666666666,0,0,1,2,66.66666666666666,0,0.0,0.0
Japan,Keisuke Osako,415521,Goalkeeper,J1 Special Season,2026,16,20,0,0,1440,80.0,0,0,4,17,80.0,0,0.0,0.0
Japan,Keisuke Osako,415521,Goalkeeper,AFC Champions League,25/26,9,10,0,0,810,90.0,0,0,3,9,90.0,0,0.0,0.0
Japan,Tomoki Hayakawa,683271,Goalkeeper,J1 Special Season,2026,17,20,0,0,1530,85.0,0,0,10,9,85.0,0,0.0,0.0
Japan,Hiroki Ito,353892,Centre-Back,Bundesliga,25/26,16,34,1,2,921,29.411764705882355,0,0,0,0,30.098039215686274,0,2.459016393442623,3.79746835443038
Japan,Hiroki Ito,353892,Centre-Back,UEFA Champions League,25/26,4,14,0,0,122,7.142857142857142,0,0,0,0,9.682539682539684,0,0.0,0.0
Japan,Hiroki Ito,353892,Centre-Back,DFB-Pokal,25/26,3,6,0,0,6,0.0,0,0,0,0,1.1111111111111112,0,0.0,0.0
Japan,Tsuyoshi Watanabe,598791,Centre-Back,Eredivisie,25/26,30,34,2,0,2637,88.23529411764706,1,0,0,0,86.1764705882353,0,2.857142857142857,3.389830508474576
Japan,Tsuyoshi Watanabe,598791,Centre-Back,Europa League,25/26,6,8,1,0,413,50.0,0,0,0,0,57.36111111111111,0,9.090909090909092,14.285714285714285
Japan,Tsuyoshi Watanabe,598791,Centre-Back,Champions League Qu.,25/26,2,2,2,0,180,100.0,0,0,0,0,100.0,0,50.0,50.0
Japan,Tsuyoshi Watanabe,598791,Centre-Back,KNVB Beker,25/26,1,1,0,0,90,100.0,0,0,0,0,100.0,0,0.0,0.0
Japan,Ko Itakura,355816,Centre-Back,Eredivisie,25/26,18,34,1,0,1344,47.05882352941176,2,0,0,0,43.92156862745098,0,1.6129032258064515,2.380952380952381
Japan,Ko Itakura,355816,Centre-Back,UEFA Champions League,25/26,6,8,0,0,455,62.5,1,0,0,0,63.19444444444444,0,0.0,0.0
Japan,Ko Itakura,355816,Centre-Back,KNVB Beker,25/26,1,2,0,0,81,50.0,0,0,0,0,45.0,0,0.0,0.0
Japan,Ko Itakura,355816,Centre-Back,Play-Offs Conference League,25/26,1,2,0,0,35,0.0,0,0,0,0,16.666666666666664,0,0.0,0.0
Japan,Ayumu Seko,405389,Centre-Back,Ligue 1,25/26,30,34,0,0,2625,85.29411764705883,6,0,0,0,85.7843137254902,0,0.0,0.0
Japan,Takehiro Tomiyasu,331560,Centre-Back,Eredivisie,25/26,7,18,0,0,205,11.11111111111111,0,1,0,0,12.654320987654321,0,0.0,0.0
Japan,Takehiro Tomiyasu,331560,Centre-Back,Play-Offs Conference League,25/26,2,2,0,1,31,0.0,0,0,0,0,14.761904761904763,0,14.285714285714285,33.33333333333333
Japan,Junnosuke Suzuki,848856,Centre-Back,Superliga,25/26,11,22,1,0,897,45.45454545454545,1,0,0,0,45.3030303030303,0,2.857142857142857,4.761904761904762
Japan,Junnosuke Suzuki,848856,Centre-Back,UEFA Champions League,25/26,7,8,0,1,574,75.0,2,0,0,0,79.72222222222223,0,8.333333333333332,8.333333333333332
Japan,Junnosuke Suzuki,848856,Centre-Back,Champions League Qu.,25/26,0,6,0,0,0,0.0,0,0,0,0,0.0,0,0.0,0.0
Japan,Junnosuke Suzuki,848856,Centre-Back,Superliga Europa Playoff,25/26,1,1,0,0,120,100.0,0,0,0,0,100.0,0,0.0,0.0
Japan,Junnosuke Suzuki,848856,Centre-Back,Superliga Relegation round,25/26,10,10,1,1,875,100.0,0,0,0,0,97.22222222222221,0,6.25,6.25
Japan,Junnosuke Suzuki,848856,Centre-Back,Oddset Pokalen,25/26,7,7,0,0,602,100.0,0,0,0,0,95.55555555555556,0,0.0,0.0
Japan,Shogo Taniguchi,307870,Centre-Back,Jupiler Pro League,25/26,30,30,1,1,2248,80.0,3,0,0,0,83.25925925925925,0,4.25531914893617,4.25531914893617
Japan,Shogo Taniguchi,307870,Centre-Back,Croky Cup,25/26,0,2,0,0,0,0.0,0,0,0,0,0.0,0,0.0,0.0
Japan,Shogo Taniguchi,307870,Centre-Back,Jupiler Pro League Champions' Play-Offs,25/26,8,10,0,0,707,80.0,1,0,0,0,78.55555555555556,0,0.0,0.0
Japan,Yuto Nagatomo,79522,Left-Back,J1 Special Season,2026,8,20,0,0,501,35.0,1,0,0,0,27.833333333333332,0,0.0,0.0
Japan,Yukinari Sugawara,405385,Right-Back,Bundesliga,25/26,31,33,0,6,2434,87.87878787878788,2,1,0,0,81.95286195286195,0,16.666666666666664,16.666666666666664
Japan,Yukinari Sugawara,405385,Right-Back,Championship,25/26,2,3,0,0,67,33.33333333333333,0,0,0,0,24.814814814814813,0,0.0,0.0
Japan,Yukinari Sugawara,405385,Right-Back,EFL Cup,25/26,1,1,0,0,90,100.0,0,0,0,0,100.0,0,0.0,0.0
Japan,Kaishu Sano,643574,Defensive Midfield,Bundesliga,25/26,34,34,1,3,3060,100.0,1,0,0,0,100.0,0,9.090909090909092,9.090909090909092
Japan,Kaishu Sano,643574,Defensive Midfield,Conference League,25/26,10,10,1,2,744,80.0,0,0,0,0,82.66666666666667,0,27.27272727272727,27.27272727272727
Japan,Kaishu Sano,643574,Defensive Midfield,UECL Qualifying,25/26,2,2,0,0,180,100.0,0,0,0,0,100.0,0,0.0,0.0
Japan,Kaishu Sano,643574,Defensive Midfield,DFB-Pokal,25/26,2,2,0,0,180,100.0,0,0,0,0,100.0,0,0.0,0.0
Japan,Ao Tanaka,489359,Central Midfield,Premier League,25/26,28,38,2,0,1318,36.84210526315789,1,0,0,0,38.538011695906434,0,4.081632653061225,4.081632653061225
Japan,Ao Tanaka,489359,Central Midfield,FA Cup,25/26,5,5,2,0,381,100.0,1,0,0,0,74.70588235294117,0,11.76470588235294,22.22222222222222
Japan,Daichi Kamada,356141,Attacking Midfield,Premier League,25/26,28,38,0,1,1909,57.89473684210527,3,0,0,0,55.8187134502924,0,2.4390243902439024,2.857142857142857
Japan,Daichi Kamada,356141,Attacking Midfield,Conference League,25/26,14,15,1,4,1004,73.33333333333333,0,0,0,0,72.7536231884058,0,19.230769230769234,20.833333333333336
Japan,Daichi Kamada,356141,Attacking Midfield,UECL Qualifying,25/26,1,2,0,0,90,50.0,0,0,0,0,50.0,0,0.0,0.0
Japan,Daichi Kamada,356141,Attacking Midfield,Community Shield,25/26,1,1,0,0,29,100.0,0,0,0,0,32.22222222222222,0,0.0,0.0
Japan,Daichi Kamada,356141,Attacking Midfield,EFL Cup,25/26,2,3,0,0,180,66.66666666666666,1,0,0,0,66.66666666666666,0,0.0,0.0
Japan,Daizen Maeda,420931,Left Winger,Premiership,25/26,31,33,7,5,2386,81.81818181818183,3,0,0,0,80.33670033670035,0,20.33898305084746,20.689655172413794
Japan,Daizen Maeda,420931,Left Winger,Europa League,25/26,9,10,0,3,612,80.0,2,0,0,0,68.0,0,20.0,23.076923076923077
Japan,Daizen Maeda,420931,Left Winger,Champions League Qu.,25/26,2,2,0,0,210,100.0,0,0,0,0,100.0,0,0.0,0.0
Japan,Daizen Maeda,420931,Left Winger,Scottish Premiership Top Six Split,25/26,5,5,7,1,450,100.0,3,0,0,0,100.0,0,57.14285714285714,57.14285714285714
Japan,Daizen Maeda,420931,Left Winger,SFA Cup,25/26,3,5,2,1,289,60.0,0,0,0,0,53.51851851851852,0,17.647058823529413,27.27272727272727
Japan,Daizen Maeda,420931,Left Winger,League Cup,25/26,4,4,1,0,294,75.0,1,0,0,0,75.38461538461539,0,8.333333333333332,8.333333333333332
Japan,Keito Nakamura,405397,Left Winger,Ligue 2,25/26,29,34,14,2,2357,82.35294117647058,2,0,0,0,77.02614379084967,0,30.18867924528302,33.33333333333333
Japan,Keito Nakamura,405397,Left Winger,Coupe de France,25/26,3,6,0,1,134,16.666666666666664,0,0,0,0,24.814814814814813,0,5.88235294117647,7.6923076923076925
Japan,Takefusa Kubo,405398,Right Winger,LaLiga,25/26,24,38,2,4,1509,44.73684210526316,2,0,0,0,44.122807017543856,0,10.16949152542373,15.789473684210526
Japan,Takefusa Kubo,405398,Right Winger,Copa del Rey,25/26,3,8,0,0,237,25.0,1,0,0,0,30.384615384615383,0,0.0,0.0
Japan,Ritsu Doan,358504,Right Winger,Bundesliga,25/26,31,34,5,5,2379,82.35294117647058,5,0,0,0,77.74509803921569,0,16.39344262295082,17.24137931034483
Japan,Ritsu Doan,358504,Right Winger,UEFA Champions League,25/26,7,8,0,1,478,75.0,1,0,0,0,66.38888888888889,0,10.0,10.0
Japan,Ritsu Doan,358504,Right Winger,DFB-Pokal,25/26,2,2,2,0,200,100.0,0,0,0,0,95.23809523809523,0,25.0,33.33333333333333
Japan,Junya Ito,348791,Right Winger,Jupiler Pro League,25/26,18,28,4,2,1027,46.42857142857143,3,0,0,0,40.75396825396825,0,13.636363636363635,18.181818181818183
Japan,Junya Ito,348791,Right Winger,Europa League,25/26,6,12,0,0,420,41.66666666666667,0,0,0,0,37.83783783783784,0,0.0,0.0
Japan,Junya Ito,348791,Right Winger,Europa League Qualifying,25/26,2,2,1,0,87,50.0,1,0,0,0,48.333333333333336,0,16.666666666666664,16.666666666666664
Japan,Junya Ito,348791,Right Winger,JPL Europe Play-Offs,25/26,10,10,2,3,760,90.0,1,0,0,0,84.44444444444444,0,45.45454545454545,45.45454545454545
Japan,Yuito Suzuki,668606,Second Striker,Bundesliga,25/26,25,34,4,3,1637,52.94117647058824,3,0,0,0,53.49673202614379,0,13.725490196078432,16.666666666666664
Japan,Yuito Suzuki,668606,Second Striker,Europa League,25/26,11,15,4,3,892,73.33333333333333,1,0,0,0,66.07407407407408,0,28.000000000000004,31.818181818181817
Japan,Yuito Suzuki,668606,Second Striker,DFB-Pokal,25/26,5,5,1,1,422,80.0,0,0,0,0,82.74509803921568,0,14.285714285714285,22.22222222222222
Japan,Ayase Ueda,589128,Centre-Forward,Eredivisie,25/26,31,34,25,2,2534,91.17647058823529,2,0,0,0,82.81045751633987,0,38.57142857142858,42.1875
Japan,Ayase Ueda,589128,Centre-Forward,Europa League,25/26,6,8,1,0,435,62.5,0,0,0,0,60.416666666666664,0,9.090909090909092,10.0
Japan,Ayase Ueda,589128,Centre-Forward,Champions League Qu.,25/26,2,2,0,0,167,100.0,0,0,0,0,92.77777777777779,0,0.0,0.0
Japan,Ayase Ueda,589128,Centre-Forward,KNVB Beker,25/26,1,1,0,0,90,100.0,0,0,0,0,100.0,0,0.0,0.0
Japan,Keisuke Goto,916623,Centre-Forward,Jupiler Pro League,25/26,28,28,10,5,2081,82.14285714285714,4,0,0,0,82.57936507936508,0,34.883720930232556,34.883720930232556
Japan,Keisuke Goto,916623,Centre-Forward,Croky Cup,25/26,2,2,2,1,143,50.0,1,0,0,0,68.0952380952381,0,42.857142857142854,75.0
Japan,Keisuke Goto,916623,Centre-Forward,Jupiler Pro League Champions' Play-Offs,25/26,10,10,1,2,805,90.0,1,0,0,0,89.44444444444444,0,21.428571428571427,21.428571428571427
Japan,Kento Shiogai,1144627,Centre-Forward,Bundesliga,25/26,12,16,1,0,313,12.5,3,0,0,0,21.73611111111111,0,5.555555555555555,5.555555555555555
Japan,Kento Shiogai,1144627,Centre-Forward,Bundesliga Playoffs,25/26,1,2,0,0,15,0.0,0,0,0,0,7.142857142857142,0,0.0,0.0
Japan,Kento Shiogai,1144627,Centre-Forward,Eredivisie,25/26,12,18,7,0,363,5.555555555555555,1,0,0,0,22.407407407407405,0,14.893617021276595,18.421052631578945
Japan,Kento Shiogai,1144627,Centre-Forward,KNVB Beker,25/26,2,2,2,0,171,100.0,0,0,0,0,95.0,0,33.33333333333333,33.33333333333333
Japan,Shuto Machino,550580,Centre-Forward,Bundesliga,25/26,32,34,3,1,1063,26.47058823529412,2,0,0,0,34.73856209150327,0,9.523809523809524,9.75609756097561
Japan,Shuto Machino,550580,Centre-Forward,DFB-Pokal,25/26,2,3,1,0,163,66.66666666666666,0,0,0,0,60.370370370370374,0,14.285714285714285,25.0
Japan,Koki Ogawa,351567,Centre-Forward,Eredivisie,25/26,26,34,8,4,1274,50.0,1,0,0,0,41.63398692810458,0,15.584415584415584,15.584415584415584
Japan,Koki Ogawa,351567,Centre-Forward,KNVB Beker,25/26,3,6,1,0,101,16.666666666666664,0,0,0,0,18.703703703703702,0,7.6923076923076925,10.0
Jordan,Yazeed Abulaila,261850,Goalkeeper,Jordanian Pro League,25/26,24,27,0,0,2160,88.88888888888889,2,0,12,15,88.88888888888889,0,0.0,0.0
Jordan,Yazeed Abulaila,261850,Goalkeeper,AFC Champions League Two,25/26,5,7,0,1,450,71.42857142857143,0,0,2,6,71.42857142857143,0,7.6923076923076925,7.6923076923076925
Jordan,Noor Bane Ataya,261837,Goalkeeper,Jordanian Pro League,25/26,24,27,0,0,2135,88.88888888888889,1,0,7,22,87.86008230452676,0,0.0,0.0
Jordan,Abdallah Al-Fakhouri,658805,Goalkeeper,Jordanian Pro League,25/26,20,27,0,1,1728,74.07407407407408,4,0,7,18,71.11111111111111,0,2.2222222222222223,2.631578947368421
Jordan,Abdallah Al-Fakhouri,658805,Goalkeeper,AFC Champions League Two,25/26,5,6,0,0,389,83.33333333333334,0,0,1,9,72.03703703703704,0,0.0,0.0
Jordan,Yazan Al-Arab,539961,Centre-Back,K League 1,2026,12,15,1,1,855,66.66666666666666,2,1,0,0,63.33333333333333,0,7.4074074074074066,8.695652173913043
Jordan,Yazan Al-Arab,539961,Centre-Back,AFC Champions League,25/26,5,10,0,0,360,50.0,1,0,0,0,40.0,0,0.0,0.0
Jordan,Saed Al-Rousan,561481,Centre-Back,Jordanian Pro League,25/26,22,27,2,1,1749,81.48148148148148,7,0,0,0,71.97530864197532,0,4.285714285714286,5.172413793103448
Jordan,Saed Al-Rousan,561481,Centre-Back,AFC Champions League Two,25/26,7,7,0,0,630,100.0,1,0,0,0,100.0,0,0.0,0.0
Jordan,Abdallah Nasib,882197,Centre-Back,Iraq Stars League,25/26,23,38,1,0,1841,55.26315789473685,2,1,0,0,53.83040935672515,0,2.0,2.941176470588235
Jordan,Abdallah Nasib,882197,Centre-Back,AFC Champions League Two,25/26,5,8,0,0,480,62.5,0,0,0,0,64.0,0,0.0,0.0
Jordan,Husam Abu Dahab,895291,Centre-Back,Jordanian Pro League,25/26,15,27,0,0,1209,51.85185185185185,3,0,0,0,49.75308641975308,0,0.0,0.0
Jordan,Mohammad Abualnadi,658052,Centre-Back,Super League,25/26,18,24,0,2,1169,54.166666666666664,1,0,0,0,54.120370370370374,0,3.389830508474576,4.0
Jordan,Mohammad Abualnadi,658052,Centre-Back,ASEAN Club Championship,25/26,7,9,0,0,618,77.77777777777779,0,0,0,0,76.29629629629629,0,0.0,0.0
Jordan,Mohammad Abualnadi,658052,Centre-Back,AFC Champions League Two,25/26,6,6,0,0,464,83.33333333333334,1,0,0,0,85.92592592592592,0,0.0,0.0
Jordan,Mohammad Abualnadi,658052,Centre-Back,Piala Malaysia,25/26,5,6,0,1,274,50.0,1,0,0,0,50.74074074074074,0,8.333333333333332,14.285714285714285
Jordan,Mohammad Abualnadi,658052,Centre-Back,Malaysia FA Cup,25/26,2,6,0,0,95,16.666666666666664,0,0,0,0,16.666666666666664,0,0.0,0.0
Jordan,Saleem Obaid,658807,Centre-Back,Jordanian Pro League,25/26,22,27,2,1,1771,77.77777777777779,4,0,0,0,72.88065843621399,0,4.285714285714286,4.615384615384616
Jordan,Saleem Obaid,658807,Centre-Back,AFC Champions League Two,25/26,6,7,0,0,501,85.71428571428571,0,0,0,0,79.52380952380952,0,0.0,0.0
Jordan,Mohannad Abu Taha,883111,Left-Back,Iraq Stars League,25/26,31,38,4,8,2414,76.31578947368422,4,1,0,0,70.58479532163743,0,19.35483870967742,25.0
Jordan,Mohammad Abu Hasheesh,895249,Left-Back,Iraq Stars League,25/26,22,38,0,1,1671,47.368421052631575,3,1,0,0,50.16511558090664,0,1.8867924528301887,3.125
Jordan,Mohammad Abu Hasheesh,895249,Left-Back,Iraq FA Cup,25/26,1,1,0,0,120,100.0,0,0,0,0,100.0,0,0.0,0.0
Jordan,Mohammad Abu Ghoush,1252806,Left-Back,Jordanian Pro League,25/26,24,27,4,6,1860,77.77777777777779,3,0,0,0,76.5432098765432,0,18.51851851851852,25.64102564102564
Jordan,Mohammad Abu Ghoush,1252806,Left-Back,AFC Champions League Two,25/26,2,3,0,0,105,66.66666666666666,0,0,0,0,38.88888888888889,0,0.0,0.0
Jordan,Ehsan Haddad,310943,Right-Back,Jordanian Pro League,25/26,6,27,0,2,262,11.11111111111111,0,0,0,0,10.781893004115227,0,2.857142857142857,16.666666666666664
Jordan,Ehsan Haddad,310943,Right-Back,AFC Champions League Two,25/26,1,7,0,0,75,14.285714285714285,0,0,0,0,11.904761904761903,0,0.0,0.0
Jordan,Anas Badawi,1378902,Right-Back,Jordanian Pro League,25/26,16,27,0,1,1079,44.44444444444444,2,0,0,0,44.40329218106996,1,1.9230769230769231,3.125
Jordan,Nizar Al-Rashdan,734751,Defensive Midfield,Stars League,25/26,11,11,0,2,966,100.0,3,0,0,0,97.57575757575758,0,11.11111111111111,10.0
Jordan,Nizar Al-Rashdan,734751,Defensive Midfield,Amir Cup,25/26,1,1,0,0,90,100.0,0,0,0,0,100.0,0,0.0,0.0
Jordan,Nizar Al-Rashdan,734751,Defensive Midfield,AFC Champions League Two,25/26,6,6,1,0,509,100.0,2,0,0,0,94.25925925925925,0,12.5,12.5
Jordan,Nizar Al-Rashdan,734751,Defensive Midfield,Iraq Stars League,25/26,6,9,1,0,397,55.55555555555556,0,0,0,0,49.01234567901235,0,9.090909090909092,12.5
Jordan,Amer Jamous,744040,Central Midfield,Iraq Stars League,25/26,19,25,1,2,1416,64.0,4,1,0,0,62.93333333333333,0,9.090909090909092,10.344827586206897
Jordan,Amer Jamous,744040,Central Midfield,AFC Champions League Two,25/26,7,8,2,1,628,87.5,3,0,0,0,83.73333333333333,0,30.0,60.0
Jordan,Amer Jamous,744040,Central Midfield,Jordanian Pro League,25/26,9,10,2,1,749,90.0,0,0,0,0,83.22222222222221,0,23.076923076923077,33.33333333333333
Jordan,Noor Al-Rawabdeh,561485,Central Midfield,Super League,25/26,20,24,2,3,1342,66.66666666666666,2,0,0,0,62.12962962962963,0,8.47457627118644,8.771929824561402
Jordan,Noor Al-Rawabdeh,561485,Central Midfield,ASEAN Club Championship,25/26,7,9,0,0,619,77.77777777777779,0,0,0,0,76.41975308641975,0,0.0,0.0
Jordan,Noor Al-Rawabdeh,561485,Central Midfield,AFC Champions League Two,25/26,5,6,0,0,394,66.66666666666666,0,0,0,0,72.96296296296296,0,0.0,0.0
Jordan,Noor Al-Rawabdeh,561485,Central Midfield,Piala Malaysia,25/26,4,6,0,0,250,50.0,1,0,0,0,46.2962962962963,0,0.0,0.0
Jordan,Noor Al-Rawabdeh,561485,Central Midfield,Malaysia FA Cup,25/26,4,6,0,3,274,50.0,1,0,0,0,48.07017543859649,0,11.11111111111111,25.0
Jordan,Ibrahim Saadeh,709974,Central Midfield,Iraq Stars League,25/26,33,38,0,5,1993,55.26315789473685,4,0,0,0,59.83188231762233,0,9.433962264150944,10.638297872340425
Jordan,Ibrahim Saadeh,709974,Central Midfield,Iraq FA Cup,25/26,1,1,0,0,62,100.0,0,0,0,0,51.66666666666667,0,0.0,0.0
Jordan,Rajaei Ayed,261842,Central Midfield,Jordanian Pro League,25/26,23,27,1,3,1929,85.18518518518519,5,0,0,0,79.38271604938272,0,5.714285714285714,6.153846153846154
Jordan,Rajaei Ayed,261842,Central Midfield,AFC Champions League Two,25/26,7,7,0,0,574,100.0,0,0,0,0,91.11111111111111,0,0.0,0.0
Jordan,Mohammad Al-Dawoud,310801,Central Midfield,Jordanian Pro League,25/26,19,28,6,1,1213,53.57142857142857,1,0,0,0,48.13492063492063,0,11.666666666666666,25.0
Jordan,Odeh Fakhoury,1252820,Left Winger,Premier League,25/26,4,7,0,0,62,0.0,0,0,0,0,9.841269841269842,0,0.0,0.0
Jordan,Odeh Fakhoury,1252820,Left Winger,CAF-Champions League,25/26,4,5,1,0,113,20.0,0,0,0,0,25.11111111111111,0,8.333333333333332,11.11111111111111
Jordan,Odeh Fakhoury,1252820,Left Winger,Championship Playoff,25/26,6,6,1,2,237,50.0,0,0,0,0,43.888888888888886,0,30.0,30.0
Jordan,Odeh Fakhoury,1252820,Left Winger,Egypt Cup,25/26,3,3,0,0,102,33.33333333333333,1,0,0,0,37.77777777777778,0,0.0,0.0
Jordan,Odeh Fakhoury,1252820,Left Winger,Jordanian Pro League,25/26,10,12,4,1,774,75.0,4,0,0,0,71.66666666666667,0,17.24137931034483,20.0
Jordan,Odeh Fakhoury,1252820,Left Winger,AFC Champions League Two,25/26,4,4,2,0,349,100.0,0,0,0,0,96.94444444444444,0,25.0,25.0
Jordan,Mahmoud Al-Mardi,401086,Left Winger,Jordanian Pro League,25/26,11,17,2,5,834,58.82352941176471,1,0,0,0,54.509803921568626,0,15.217391304347828,23.333333333333332
Jordan,Mahmoud Al-Mardi,401086,Left Winger,AFC Champions League Two,25/26,3,3,0,1,264,100.0,2,0,0,0,97.77777777777777,0,20.0,20.0
Jordan,Mahmoud Al-Mardi,401086,Left Winger,UAE Pro League,25/26,8,10,1,1,451,50.0,0,0,0,0,50.11111111111111,0,20.0,25.0
Jordan,Mahmoud Al-Mardi,401086,Left Winger,UAE League Cup,25/26,1,2,0,0,58,50.0,0,0,0,0,32.22222222222222,0,0.0,0.0
Jordan,Mousa Tamari,551505,Right Winger,Ligue 1,25/26,33,34,6,9,2228,73.52941176470588,4,0,0,0,72.81045751633987,0,25.423728813559322,25.423728813559322
Jordan,Mousa Tamari,551505,Right Winger,Coupe de France,25/26,3,3,1,2,265,100.0,0,0,0,0,98.14814814814815,0,50.0,50.0
Jordan,Shararh,677986,Right Winger,Botola Pro Inwi,25/26,11,17,2,2,616,52.94117647058824,1,0,0,0,40.26143790849673,0,20.0,22.22222222222222
Jordan,Shararh,677986,Right Winger,Coupe du Trône Marocaine,25/26,0,1,0,0,0,0.0,0,0,0,0,0.0,0,0.0,0.0
Jordan,Shararh,677986,Right Winger,Jordanian Pro League,25/26,10,10,4,1,828,90.0,2,0,0,0,92.0,0,35.714285714285715,35.714285714285715
Jordan,Ali Azaizeh,1059056,Right Winger,Saudi Pro League,25/26,15,17,2,1,627,47.05882352941176,0,0,0,0,40.98039215686274,0,10.0,10.344827586206897
Jordan,Ali Olwan,664057,Centre-Forward,Stars League,25/26,2,9,0,0,126,22.22222222222222,0,0,0,0,15.555555555555555,0,0.0,0.0
Jordan,Ali Olwan,664057,Centre-Forward,Iraq Stars League,25/26,11,14,5,1,905,78.57142857142857,1,0,0,0,71.82539682539682,0,31.57894736842105,42.857142857142854
Mexico,Raúl Rangel,802855,Goalkeeper,Liga MX Apertura,25/26,17,17,0,0,1530,100.0,1,0,4,22,100.0,0,0.0,0.0
Mexico,Raúl Rangel,802855,Goalkeeper,Liga MX Clausura,25/26,15,17,0,0,1350,88.23529411764706,2,0,6,17,88.23529411764706,0,0.0,0.0
Mexico,Raúl Rangel,802855,Goalkeeper,Liguilla Apertura,25/26,2,2,0,0,180,100.0,0,0,1,3,100.0,0,0.0,0.0
Mexico,Carlos Acevedo,356042,Goalkeeper,Liga MX Apertura,25/26,17,17,0,0,1530,100.0,1,0,5,28,100.0,0,0.0,0.0
Mexico,Carlos Acevedo,356042,Goalkeeper,Liga MX Clausura,25/26,15,17,0,0,1330,88.23529411764706,0,0,0,36,86.9281045751634,0,0.0,0.0
Mexico,Guillermo Ochoa,29559,Goalkeeper,Cyprus League,25/26,22,31,0,0,1980,70.96774193548387,3,0,5,34,70.96774193548387,0,0.0,0.0
Mexico,Guillermo Ochoa,29559,Goalkeeper,Kypello Kyprou,25/26,4,5,0,0,390,80.0,0,0,1,6,76.47058823529412,0,0.0,0.0
Mexico,Johan Vásquez,532937,Centre-Back,Serie A,25/26,36,38,1,0,3217,94.73684210526315,2,0,0,0,94.06432748538012,0,2.4390243902439024,2.4390243902439024
Mexico,Johan Vásquez,532937,Centre-Back,Italy Cup,25/26,3,3,0,0,270,100.0,0,0,0,0,100.0,0,0.0,0.0
Mexico,César Montes,387687,Centre-Back,Premier Liga,25/26,26,30,4,1,2206,86.66666666666667,5,0,0,0,81.7037037037037,0,9.25925925925926,9.615384615384617
Mexico,César Montes,387687,Centre-Back,Russian Cup,25/26,3,10,0,0,210,30.0,1,0,0,0,23.333333333333332,0,0.0,0.0
Mexico,Luis Romo,532938,Centre-Back,Liga MX Apertura,25/26,16,17,1,1,1423,94.11764705882352,2,1,0,0,93.00653594771242,0,6.896551724137931,8.0
Mexico,Luis Romo,532938,Centre-Back,Liga MX Clausura,25/26,10,17,0,1,850,58.82352941176471,5,0,0,0,55.55555555555556,0,3.0303030303030303,5.555555555555555
Mexico,Luis Romo,532938,Centre-Back,Liguilla Apertura,25/26,2,2,0,0,180,100.0,0,0,0,0,100.0,0,0.0,0.0
Mexico,Mateo Chávez,1066953,Left-Back,Eredivisie,25/26,20,34,1,2,826,26.47058823529412,5,0,0,0,26.99346405228758,0,5.172413793103448,5.769230769230769
Mexico,Mateo Chávez,1066953,Left-Back,Conference League,25/26,7,12,0,0,453,41.66666666666667,4,0,0,0,41.94444444444444,0,0.0,0.0
Mexico,Mateo Chávez,1066953,Left-Back,UECL Qualifying,25/26,2,6,0,0,93,16.666666666666664,0,0,0,0,17.22222222222222,0,0.0,0.0
Mexico,Mateo Chávez,1066953,Left-Back,KNVB Beker,25/26,3,5,0,0,216,40.0,1,0,0,0,45.0,0,0.0,0.0
Mexico,Mateo Chávez,1066953,Left-Back,Keuken Kampioen Divisie,25/26,2,2,0,0,127,100.0,1,0,0,0,70.55555555555556,0,0.0,0.0
Mexico,Jesús Gallardo,344854,Left-Back,Liga MX Apertura,25/26,14,17,4,1,1170,76.47058823529412,6,0,0,0,76.47058823529412,0,11.627906976744185,13.157894736842104
Mexico,Jesús Gallardo,344854,Left-Back,CONCACAF Champions Cup,25/26,5,7,3,1,444,71.42857142857143,0,0,0,0,67.27272727272727,0,16.0,28.57142857142857
Mexico,Jesús Gallardo,344854,Left-Back,Liga MX Clausura,25/26,13,17,1,4,987,58.82352941176471,5,0,0,0,64.50980392156863,0,17.857142857142858,22.727272727272727
Mexico,Jesús Gallardo,344854,Left-Back,Liguilla Apertura,25/26,6,6,0,0,570,100.0,2,0,0,0,100.0,0,0.0,0.0
Mexico,Israel Reyes,687558,Right-Back,Liga MX Apertura,25/26,16,17,0,1,1311,82.35294117647058,0,0,0,0,85.68627450980392,0,3.0303030303030303,3.125
Mexico,Israel Reyes,687558,Right-Back,CONCACAF Champions Cup,25/26,5,6,0,0,450,83.33333333333334,0,0,0,0,83.33333333333334,0,0.0,0.0
Mexico,Israel Reyes,687558,Right-Back,Liga MX Clausura,25/26,15,17,0,1,1350,88.23529411764706,2,0,0,0,88.23529411764706,0,5.0,5.555555555555555
Mexico,Israel Reyes,687558,Right-Back,Liguilla Apertura,25/26,2,2,0,0,180,100.0,1,0,0,0,100.0,0,0.0,0.0
Mexico,Jorge Sánchez,356044,Right-Back,Super League 1,25/26,6,8,0,1,450,62.5,0,0,0,0,62.5,0,9.090909090909092,9.090909090909092
Mexico,Jorge Sánchez,356044,Right-Back,Europa League,25/26,1,2,0,0,90,50.0,0,0,0,0,50.0,0,0.0,0.0
Mexico,Jorge Sánchez,356044,Right-Back,Kypello Elladas,25/26,0,2,0,0,0,0.0,0,0,0,0,0.0,0,0.0,0.0
Mexico,Jorge Sánchez,356044,Right-Back,Super League Play-off,25/26,4,6,0,0,183,33.33333333333333,2,0,0,0,33.88888888888889,0,0.0,0.0
Mexico,Jorge Sánchez,356044,Right-Back,FIFA Intercontinental Cup,25/26,1,1,1,0,87,100.0,0,0,0,0,96.66666666666667,0,100.0,100.0
Mexico,Jorge Sánchez,356044,Right-Back,Liga MX Apertura,25/26,12,17,0,1,1011,64.70588235294117,1,0,0,0,66.07843137254902,0,3.125,3.125
Mexico,Jorge Sánchez,356044,Right-Back,Liga MX Clausura,25/26,4,4,0,0,218,75.0,0,0,0,0,60.55555555555555,0,0.0,0.0
Mexico,Jorge Sánchez,356044,Right-Back,Liguilla Apertura,25/26,3,4,0,0,198,50.0,0,0,0,0,55.00000000000001,0,0.0,0.0
Mexico,Edson Álvarez,401356,Defensive Midfield,Süper Lig,25/26,12,33,0,1,768,30.303030303030305,4,0,0,0,25.858585858585858,0,1.2987012987012987,3.3333333333333335
Mexico,Edson Álvarez,401356,Defensive Midfield,Europa League,25/26,5,10,0,0,313,30.0,2,0,0,0,34.77777777777778,0,0.0,0.0
Mexico,Edson Álvarez,401356,Defensive Midfield,Türkiye Kupasi,25/26,1,5,0,0,45,20.0,0,0,0,0,9.375,0,0.0,0.0
Mexico,Edson Álvarez,401356,Defensive Midfield,Premier League,25/26,0,1,0,0,0,0.0,0,0,0,0,0.0,0,0.0,0.0
Mexico,Érik Lira,602324,Defensive Midfield,Liga MX Apertura,25/26,16,17,0,0,1358,88.23529411764706,3,0,0,0,88.75816993464052,0,0.0,0.0
Mexico,Érik Lira,602324,Defensive Midfield,FIFA Intercontinental Cup,25/26,1,1,0,0,90,100.0,0,0,0,0,100.0,0,0.0,0.0
Mexico,Érik Lira,602324,Defensive Midfield,CONCACAF Champions Cup,25/26,6,6,1,0,487,83.33333333333334,0,0,0,0,90.18518518518519,0,7.6923076923076925,7.6923076923076925
Mexico,Érik Lira,602324,Defensive Midfield,Liga MX Clausura,25/26,17,17,0,0,1285,88.23529411764706,4,0,0,0,83.98692810457517,0,0.0,0.0
Mexico,Érik Lira,602324,Defensive Midfield,Liguilla Apertura,25/26,4,4,0,0,360,100.0,1,0,0,0,100.0,0,0.0,0.0
Mexico,Luis Chávez,331059,Defensive Midfield,Premier Liga,25/26,4,30,0,0,159,6.666666666666667,0,0,0,0,5.888888888888888,0,0.0,0.0
Mexico,Luis Chávez,331059,Defensive Midfield,Russian Cup,25/26,1,12,0,0,5,0.0,0,0,0,0,0.4629629629629629,0,0.0,0.0
Mexico,Obed Vargas,889435,Central Midfield,LaLiga,25/26,12,16,0,1,739,50.0,2,0,0,0,51.31944444444444,0,4.166666666666666,4.166666666666666
Mexico,Obed Vargas,889435,Central Midfield,UEFA Champions League,25/26,0,8,0,0,0,0.0,0,0,0,0,0.0,0,0.0,0.0
Mexico,Obed Vargas,889435,Central Midfield,Copa del Rey,25/26,1,4,0,0,11,0.0,0,0,0,0,2.8205128205128207,0,0.0,0.0
Mexico,Orbelín Pineda,334042,Central Midfield,Super League 1,25/26,25,26,4,1,1982,88.46153846153845,5,0,0,0,84.7008547008547,0,10.204081632653061,10.638297872340425
Mexico,Orbelín Pineda,334042,Central Midfield,Conference League,25/26,10,10,0,2,883,100.0,2,0,0,0,98.11111111111111,0,9.523809523809524,9.523809523809524
Mexico,Orbelín Pineda,334042,Central Midfield,UECL Qualifying,25/26,6,6,0,1,375,66.66666666666666,1,0,0,0,65.78947368421053,0,11.11111111111111,11.11111111111111
Mexico,Orbelín Pineda,334042,Central Midfield,Kypello Elladas,25/26,3,5,0,0,139,20.0,1,0,0,0,30.88888888888889,0,0.0,0.0
Mexico,Orbelín Pineda,334042,Central Midfield,Super League Play-off,25/26,6,6,1,1,498,100.0,1,0,0,0,92.22222222222223,0,25.0,25.0
Mexico,Álvaro Fidalgo,261503,Central Midfield,LaLiga,25/26,9,17,1,0,547,47.05882352941176,0,0,0,0,35.751633986928105,0,4.0,4.3478260869565215
Mexico,Álvaro Fidalgo,261503,Central Midfield,Europa League,25/26,3,4,0,0,157,50.0,0,0,0,0,43.611111111111114,0,0.0,0.0
Mexico,Álvaro Fidalgo,261503,Central Midfield,Copa del Rey,25/26,1,1,0,0,45,0.0,0,0,0,0,50.0,0,0.0,0.0
Mexico,Álvaro Fidalgo,261503,Central Midfield,Liga MX Apertura,25/26,16,17,1,0,1096,70.58823529411765,1,0,0,0,71.63398692810458,0,3.0303030303030303,3.3333333333333335
Mexico,Álvaro Fidalgo,261503,Central Midfield,Liga MX Clausura,25/26,3,4,0,0,270,75.0,0,0,0,0,75.0,0,0.0,0.0
Mexico,Álvaro Fidalgo,261503,Central Midfield,Liguilla Apertura,25/26,2,2,0,0,168,100.0,0,0,0,0,93.33333333333333,0,0.0,0.0
Mexico,Gilberto Mora,1155723,Attacking Midfield,Liga MX Apertura,25/26,11,17,3,1,808,58.82352941176471,0,0,0,0,52.81045751633987,0,13.793103448275861,23.52941176470588
Mexico,Gilberto Mora,1155723,Attacking Midfield,Liga MX Clausura,25/26,6,17,1,0,330,23.52941176470588,0,0,0,0,21.568627450980394,0,5.263157894736842,14.285714285714285
Mexico,Gilberto Mora,1155723,Attacking Midfield,Liguilla Apertura,25/26,3,3,2,0,256,100.0,1,0,0,0,94.81481481481482,0,33.33333333333333,33.33333333333333
Mexico,Brian Gutiérrez,724443,Attacking Midfield,Liga MX Clausura,25/26,17,17,2,2,916,52.94117647058824,4,0,0,0,59.869281045751634,0,12.121212121212121,12.121212121212121
Mexico,Alexis Vega,424689,Left Winger,Liga MX Apertura,25/26,13,17,4,9,935,64.70588235294117,3,0,0,0,61.111111111111114,0,30.23255813953488,34.21052631578947
Mexico,Alexis Vega,424689,Left Winger,CONCACAF Champions Cup,25/26,4,7,0,1,136,14.285714285714285,0,0,0,0,20.606060606060606,0,4.0,7.142857142857142
Mexico,Alexis Vega,424689,Left Winger,Liga MX Clausura,25/26,8,17,0,2,554,35.294117647058826,1,0,0,0,36.209150326797385,0,7.142857142857142,14.285714285714285
Mexico,Alexis Vega,424689,Left Winger,Liguilla Apertura,25/26,1,6,0,0,40,0.0,0,0,0,0,7.017543859649122,0,0.0,0.0
Mexico,César Huerta,540315,Left Winger,Jupiler Pro League,25/26,7,30,1,0,387,20.0,4,0,0,0,14.333333333333334,0,2.3255813953488373,12.5
Mexico,César Huerta,540315,Left Winger,UECL Qualifying,25/26,4,4,0,0,207,75.0,1,0,0,0,57.49999999999999,0,0.0,0.0
Mexico,César Huerta,540315,Left Winger,Croky Cup,25/26,2,6,1,0,82,16.666666666666664,0,0,0,0,13.666666666666666,0,9.090909090909092,33.33333333333333
Mexico,César Huerta,540315,Left Winger,Jupiler Pro League Champions' Play-Offs,25/26,4,10,0,0,156,20.0,0,0,0,0,17.333333333333336,0,0.0,0.0
Mexico,Roberto Alvarado,353583,Right Winger,Liga MX Apertura,25/26,12,17,3,2,810,52.94117647058824,0,0,0,0,52.94117647058824,0,17.24137931034483,22.727272727272727
Mexico,Roberto Alvarado,353583,Right Winger,Liga MX Clausura,25/26,17,17,1,2,1393,94.11764705882352,1,0,0,0,91.04575163398692,0,9.090909090909092,9.090909090909092
Mexico,Roberto Alvarado,353583,Right Winger,Liguilla Apertura,25/26,2,2,0,1,166,100.0,0,0,0,0,92.22222222222223,0,50.0,50.0
Mexico,Santiago Gimenez,552955,Centre-Forward,Serie A,25/26,16,38,0,2,896,28.947368421052634,2,0,0,0,26.198830409356727,0,3.7735849056603774,8.695652173913043
Mexico,Santiago Gimenez,552955,Centre-Forward,Italy Cup,25/26,2,3,1,1,141,33.33333333333333,0,0,0,0,52.22222222222223,0,40.0,40.0
Mexico,Armando González,837619,Centre-Forward,Liga MX Apertura,25/26,17,17,12,1,1129,76.47058823529412,2,0,0,0,73.79084967320262,0,44.827586206896555,44.827586206896555
Mexico,Armando González,837619,Centre-Forward,Liga MX Clausura,25/26,17,17,12,1,1265,100.0,1,0,0,0,82.6797385620915,0,39.39393939393939,39.39393939393939
Mexico,Armando González,837619,Centre-Forward,Liguilla Apertura,25/26,1,2,0,0,62,50.0,0,0,0,0,34.44444444444444,0,0.0,0.0
Mexico,Julián Quiñones,416090,Centre-Forward,Saudi Pro League,25/26,31,34,33,4,2724,91.17647058823529,3,0,0,0,89.01960784313725,0,44.57831325301205,47.43589743589743
Mexico,Julián Quiñones,416090,Centre-Forward,King's Cup,25/26,3,3,4,0,250,100.0,0,0,0,0,83.33333333333334,0,30.76923076923077,44.44444444444444
Mexico,Julián Quiñones,416090,Centre-Forward,Saudi Super Cup,25/26,1,1,0,0,67,100.0,0,0,0,0,74.44444444444444,0,0.0,0.0
Mexico,Raúl Jiménez,206040,Centre-Forward,Premier League,25/26,36,38,9,3,2199,71.05263157894737,5,0,0,0,64.29824561403508,0,25.53191489361702,26.08695652173913
Mexico,Raúl Jiménez,206040,Centre-Forward,FA Cup,25/26,3,3,0,0,48,0.0,0,0,0,0,17.77777777777778,0,0.0,0.0
Mexico,Raúl Jiménez,206040,Centre-Forward,EFL Cup,25/26,4,4,1,0,315,100.0,0,0,0,0,87.5,0,10.0,20.0
Mexico,Guillermo Martínez,347932,Centre-Forward,Liga MX Apertura,25/26,11,17,4,0,849,58.82352941176471,3,0,0,0,55.490196078431374,0,16.666666666666664,28.57142857142857
Mexico,Guillermo Martínez,347932,Centre-Forward,CONCACAF Champions Cup,25/26,2,2,0,0,43,0.0,0,0,0,0,23.88888888888889,0,0.0,0.0
Mexico,Guillermo Martínez,347932,Centre-Forward,Liga MX Clausura,25/26,15,17,5,0,493,17.647058823529413,3,0,0,0,32.22222222222222,0,14.705882352941178,15.625
Morocco,Yassine Bounou,207834,Goalkeeper,Saudi Pro League,25/26,26,34,0,0,2340,76.47058823529412,0,0,14,20,76.47058823529412,0,0.0,0.0
Morocco,Yassine Bounou,207834,Goalkeeper,AFC Champions League,25/26,5,9,0,0,480,55.55555555555556,0,0,0,8,57.14285714285714,0,0.0,0.0
Morocco,Yassine Bounou,207834,Goalkeeper,King's Cup,25/26,5,5,0,0,480,100.0,0,0,2,3,100.0,0,0.0,0.0
Morocco,Ahmed Reda Tagnaouti,238997,Goalkeeper,Botola Pro Inwi,25/26,16,24,0,0,1434,66.66666666666666,0,0,10,8,66.38888888888889,0,0.0,0.0
Morocco,Ahmed Reda Tagnaouti,238997,Goalkeeper,CAF-Champions League,25/26,13,16,0,0,1170,81.25,3,0,5,8,81.25,0,0.0,0.0
Morocco,Munir El Kajoui,97925,Goalkeeper,Botola Pro Inwi,25/26,5,24,0,0,450,20.833333333333336,1,0,3,3,20.833333333333336,0,0.0,0.0
Morocco,Munir El Kajoui,97925,Goalkeeper,CAF-Champions League,25/26,4,14,0,0,360,28.57142857142857,0,0,1,3,28.57142857142857,0,0.0,0.0
Morocco,Munir El Kajoui,97925,Goalkeeper,Coupe du Trône Marocaine,25/26,1,1,0,0,90,100.0,0,0,0,1,100.0,0,0.0,0.0
Morocco,Munir El Kajoui,97925,Goalkeeper,CAF-Supercup,25/26,1,1,0,0,90,100.0,0,0,0,1,100.0,0,0.0,0.0
Morocco,Chadi Riad,689637,Centre-Back,Premier League,25/26,9,38,0,1,554,15.789473684210526,2,0,0,0,16.198830409356727,0,2.4390243902439024,5.263157894736842
Morocco,Chadi Riad,689637,Centre-Back,Conference League,25/26,3,15,0,0,226,13.333333333333334,2,0,0,0,16.3768115942029,0,0.0,0.0
Morocco,Chadi Riad,689637,Centre-Back,Premier League 2,25/26,2,2,1,0,117,100.0,0,0,0,0,65.0,0,14.285714285714285,14.285714285714285
Morocco,Issa Diop,272622,Centre-Back,Premier League,25/26,13,38,1,0,814,21.052631578947366,2,0,0,0,23.801169590643276,0,2.127659574468085,3.8461538461538463
Morocco,Issa Diop,272622,Centre-Back,FA Cup,25/26,2,3,0,0,180,66.66666666666666,1,0,0,0,66.66666666666666,0,0.0,0.0
Morocco,Issa Diop,272622,Centre-Back,EFL Cup,25/26,3,4,0,0,270,75.0,0,0,0,0,75.0,0,0.0,0.0
Morocco,Redouane Halhal,913660,Centre-Back,Jupiler Pro League,25/26,24,30,1,2,2039,76.66666666666667,7,0,0,0,75.51851851851852,0,7.6923076923076925,9.375
Morocco,Redouane Halhal,913660,Centre-Back,Croky Cup,25/26,1,2,0,0,90,50.0,1,0,0,0,50.0,0,0.0,0.0
Morocco,Redouane Halhal,913660,Centre-Back,Jupiler Pro League Champions' Play-Offs,25/26,9,10,0,0,810,90.0,3,0,0,0,90.0,0,0.0,0.0
Morocco,Marwane Saadane,210009,Centre-Back,Saudi Pro League,25/26,29,34,0,1,2496,82.35294117647058,6,0,0,0,81.56862745098039,0,2.4390243902439024,2.7777777777777777
Morocco,Marwane Saadane,210009,Centre-Back,King's Cup,25/26,3,3,0,0,270,100.0,0,0,0,0,100.0,0,0.0,0.0
Morocco,Anass Salah-Eddine,485584,Left-Back,Eredivisie,25/26,17,30,0,1,1092,40.0,3,1,0,0,40.44444444444444,0,1.1235955056179776,1.7543859649122806
Morocco,Anass Salah-Eddine,485584,Left-Back,UEFA Champions League,25/26,7,8,0,0,511,75.0,0,0,0,0,70.97222222222223,0,0.0,0.0
Morocco,Anass Salah-Eddine,485584,Left-Back,KNVB Beker,25/26,1,4,0,0,27,0.0,0,0,0,0,7.5,0,0.0,0.0
Morocco,Youssef Belammari,518804,Left-Back,Premier League,25/26,6,8,0,0,471,62.5,0,0,0,0,65.41666666666667,0,0.0,0.0
Morocco,Youssef Belammari,518804,Left-Back,CAF-Champions League,25/26,3,6,0,0,195,33.33333333333333,1,0,0,0,36.11111111111111,0,0.0,0.0
Morocco,Youssef Belammari,518804,Left-Back,Championship Playoff,25/26,3,6,0,0,245,50.0,0,0,0,0,45.370370370370374,0,0.0,0.0
Morocco,Youssef Belammari,518804,Left-Back,Botola Pro Inwi,25/26,7,7,0,0,630,100.0,2,0,0,0,100.0,0,0.0,0.0
Morocco,Achraf Hakimi,398073,Right-Back,Ligue 1,25/26,18,34,2,2,1374,44.11764705882353,3,1,0,0,44.90196078431373,0,5.405405405405405,10.526315789473683
Morocco,Achraf Hakimi,398073,Right-Back,UEFA Champions League,25/26,13,17,1,7,1155,76.47058823529412,2,0,0,0,74.03846153846155,0,16.3265306122449,21.052631578947366
Morocco,Achraf Hakimi,398073,Right-Back,UEFA Super Cup,25/26,1,1,0,0,90,100.0,0,0,0,0,100.0,0,0.0,0.0
Morocco,Noussair Mazraoui,340456,Right-Back,Premier League,25/26,20,38,0,0,984,28.947368421052634,3,0,0,0,28.771929824561404,0,0.0,0.0
Morocco,Zakaria El Ouahdi,820474,Right-Back,Jupiler Pro League,25/26,24,30,7,2,2105,80.0,3,0,0,0,77.96296296296296,0,19.565217391304348,23.076923076923077
Morocco,Zakaria El Ouahdi,820474,Right-Back,Europa League,25/26,9,12,4,1,828,75.0,3,0,0,0,74.5945945945946,0,26.31578947368421,35.714285714285715
Morocco,Zakaria El Ouahdi,820474,Right-Back,Europa League Qualifying,25/26,1,2,0,0,90,50.0,0,0,0,0,50.0,0,0.0,0.0
Morocco,Zakaria El Ouahdi,820474,Right-Back,Croky Cup,25/26,1,2,0,0,116,50.0,1,0,0,0,55.23809523809524,0,0.0,0.0
Morocco,Zakaria El Ouahdi,820474,Right-Back,JPL Europe Play-Offs,25/26,10,10,1,3,891,100.0,1,0,0,0,99.0,0,36.36363636363637,36.36363636363637
Morocco,Sofyan Amrabat,287579,Defensive Midfield,LaLiga,25/26,17,34,0,0,1296,41.17647058823529,4,0,0,0,42.35294117647059,0,0.0,0.0
Morocco,Sofyan Amrabat,287579,Defensive Midfield,Europa League,25/26,6,12,1,0,316,41.66666666666667,1,0,0,0,29.259259259259256,0,5.0,6.666666666666667
Morocco,Sofyan Amrabat,287579,Defensive Midfield,Champions League Qu.,25/26,4,4,1,0,315,100.0,2,0,0,0,87.5,0,16.666666666666664,16.666666666666664
Morocco,Sofyan Amrabat,287579,Defensive Midfield,Süper Lig,25/26,2,3,0,0,96,33.33333333333333,0,0,0,0,35.55555555555556,0,0.0,0.0
Morocco,Ayyoub Bouaddi,1097139,Central Midfield,Ligue 1,25/26,30,34,0,1,2328,82.35294117647058,7,1,0,0,76.07843137254902,0,1.9230769230769231,2.127659574468085
Morocco,Ayyoub Bouaddi,1097139,Central Midfield,Europa League,25/26,10,12,0,0,666,58.333333333333336,2,1,0,0,60.0,0,0.0,0.0
Morocco,Ayyoub Bouaddi,1097139,Central Midfield,Coupe de France,25/26,2,2,0,0,159,100.0,0,0,0,0,88.33333333333333,0,0.0,0.0
Morocco,Neil El Aynaoui,901019,Central Midfield,Serie A,25/26,25,38,1,2,991,21.052631578947366,5,0,0,0,28.976608187134502,0,5.084745762711865,6.8181818181818175
Morocco,Neil El Aynaoui,901019,Central Midfield,Europa League,25/26,9,10,1,0,712,80.0,1,0,0,0,76.55913978494624,0,5.88235294117647,6.666666666666667
Morocco,Samir El Mourabet,1130514,Central Midfield,Ligue 1,25/26,33,34,1,3,2137,73.52941176470588,4,0,0,0,69.83660130718954,0,6.896551724137931,7.017543859649122
Morocco,Samir El Mourabet,1130514,Central Midfield,Conference League,25/26,10,12,1,0,754,75.0,3,0,0,0,69.81481481481482,0,5.555555555555555,5.555555555555555
Morocco,Samir El Mourabet,1130514,Central Midfield,UECL Qualifying,25/26,0,2,0,0,0,0.0,0,0,0,0,0.0,0,0.0,0.0
Morocco,Samir El Mourabet,1130514,Central Midfield,Coupe de France,25/26,5,5,0,0,337,80.0,0,0,0,0,74.8888888888889,0,0.0,0.0
Morocco,Azzedine Ounahi,593482,Central Midfield,LaLiga,25/26,24,36,5,3,1766,55.55555555555556,6,0,0,0,54.50617283950617,0,21.052631578947366,30.76923076923077
Morocco,Ismael Saibari,702869,Attacking Midfield,Eredivisie,25/26,27,34,15,8,2146,76.47058823529412,2,0,0,0,70.13071895424837,0,22.772277227722775,29.11392405063291
Morocco,Ismael Saibari,702869,Attacking Midfield,UEFA Champions League,25/26,7,8,3,0,606,87.5,3,0,0,0,84.16666666666667,0,18.75,18.75
Morocco,Ismael Saibari,702869,Attacking Midfield,KNVB Beker,25/26,2,4,1,1,135,50.0,0,0,0,0,37.5,0,15.384615384615385,33.33333333333333
Morocco,Ismael Saibari,702869,Attacking Midfield,Johan Cruijff Schaal,25/26,1,1,0,0,90,100.0,0,0,0,0,100.0,0,0.0,0.0
Morocco,Bilal El Khannouss,654982,Attacking Midfield,Bundesliga,25/26,25,32,4,5,1635,59.375,6,0,0,0,56.770833333333336,0,13.043478260869565,15.254237288135593
Morocco,Bilal El Khannouss,654982,Attacking Midfield,Europa League,25/26,11,12,5,0,641,58.333333333333336,4,0,0,0,59.351851851851855,0,25.0,25.0
Morocco,Bilal El Khannouss,654982,Attacking Midfield,DFB-Pokal,25/26,5,5,0,2,302,60.0,1,0,0,0,62.916666666666664,0,22.22222222222222,22.22222222222222
Morocco,Bilal El Khannouss,654982,Attacking Midfield,Championship,25/26,2,4,0,2,135,50.0,0,0,0,0,37.5,0,33.33333333333333,66.66666666666666
Morocco,Bilal El Khannouss,654982,Attacking Midfield,EFL Cup,25/26,1,1,0,0,7,0.0,0,0,0,0,7.777777777777778,0,0.0,0.0
Morocco,Soufiane Rahimi,598506,Left Winger,UAE Pro League,25/26,16,26,9,2,1350,61.53846153846154,1,0,0,0,57.692307692307686,0,17.741935483870968,25.581395348837212
Morocco,Soufiane Rahimi,598506,Left Winger,UAE President's Cup,25/26,3,4,4,0,234,75.0,2,0,0,0,60.0,0,25.0,30.76923076923077
Morocco,Soufiane Rahimi,598506,Left Winger,UAE League Cup,25/26,4,7,2,1,299,42.857142857142854,0,0,0,0,47.460317460317455,0,18.75,42.857142857142854
Morocco,Amine Sbaï,851220,Left Winger,Ligue 1,25/26,25,27,3,1,1834,85.18518518518519,1,0,0,0,75.47325102880659,1,15.384615384615385,16.0
Morocco,Amine Sbaï,851220,Left Winger,Coupe de France,25/26,2,2,1,0,180,100.0,0,0,0,0,100.0,0,8.333333333333332,100.0
Morocco,Amine Sbaï,851220,Left Winger,Saudi Pro League,25/26,1,2,0,0,21,50.0,0,1,0,0,11.666666666666666,0,0.0,0.0
Morocco,Brahim Díaz,314678,Right Winger,LaLiga,25/26,30,38,1,8,1252,34.21052631578947,2,0,0,0,36.60818713450292,0,11.688311688311687,13.23529411764706
Morocco,Brahim Díaz,314678,Right Winger,UEFA Champions League,25/26,12,14,1,1,414,28.57142857142857,1,0,0,0,32.857142857142854,0,6.0606060606060606,7.4074074074074066
Morocco,Chemsdine Talbi,743384,Right Winger,Premier League,25/26,28,38,4,2,1564,42.10526315789473,0,0,0,0,45.73099415204678,0,14.285714285714285,16.666666666666664
Morocco,Chemsdine Talbi,743384,Right Winger,FA Cup,25/26,2,3,0,0,149,66.66666666666666,0,0,0,0,49.666666666666664,0,0.0,0.0
Morocco,Gessime Yassine,1151929,Right Winger,Ligue 1,25/26,12,17,0,2,510,35.294117647058826,0,0,0,0,33.33333333333333,0,6.25,6.25
Morocco,Gessime Yassine,1151929,Right Winger,Conference League,25/26,4,6,0,0,169,33.33333333333333,0,0,0,0,31.296296296296294,0,0.0,0.0
Morocco,Gessime Yassine,1151929,Right Winger,Coupe de France,25/26,5,6,1,1,236,33.33333333333333,2,1,0,0,43.7037037037037,0,11.11111111111111,40.0
Morocco,Gessime Yassine,1151929,Right Winger,Ligue 2,25/26,13,19,2,7,804,47.368421052631575,1,0,0,0,47.01754385964912,0,25.71428571428571,37.5
Morocco,Ayoube Amaimouni-Echghouyab,799993,Right Winger,Bundesliga,25/26,17,19,2,3,580,31.57894736842105,1,0,0,0,33.91812865497076,0,16.129032258064516,16.129032258064516
Morocco,Ayoube Amaimouni-Echghouyab,799993,Right Winger,3. Liga,25/26,18,19,9,6,1555,94.73684210526315,2,0,0,0,90.93567251461988,0,37.5,38.46153846153847
Morocco,Ayoub El Kaabi,521127,Centre-Forward,Super League 1,25/26,22,26,17,1,1682,76.92307692307693,2,0,0,0,71.88034188034187,0,40.0,47.368421052631575
Morocco,Ayoub El Kaabi,521127,Centre-Forward,UEFA Champions League,25/26,10,10,2,1,724,80.0,1,0,0,0,80.44444444444444,0,30.0,30.0
Morocco,Ayoub El Kaabi,521127,Centre-Forward,Kypello Elladas,25/26,2,5,1,0,23,0.0,0,0,0,0,5.111111111111112,0,5.555555555555555,14.285714285714285
Morocco,Ayoub El Kaabi,521127,Centre-Forward,Super League Play-off,25/26,6,6,1,0,428,83.33333333333334,0,0,0,0,79.25925925925927,0,16.666666666666664,16.666666666666664
Netherlands,Bart Verbruggen,565093,Goalkeeper,Premier League,25/26,38,38,0,0,3420,100.0,3,0,10,46,100.0,0,0.0,0.0
Netherlands,Bart Verbruggen,565093,Goalkeeper,FA Cup,25/26,0,2,0,0,0,0.0,0,0,0,0,0.0,0,0.0,0.0
Netherlands,Robin Roefs,646991,Goalkeeper,Premier League,25/26,35,38,0,0,3150,92.10526315789474,4,0,10,46,92.10526315789474,0,0.0,0.0
Netherlands,Robin Roefs,646991,Goalkeeper,FA Cup,25/26,2,3,0,0,210,66.66666666666666,0,0,1,1,70.0,0,0.0,0.0
Netherlands,Mark Flekken,125714,Goalkeeper,Bundesliga,25/26,24,34,0,0,2130,70.58823529411765,1,0,5,38,69.6078431372549,0,0.0,0.0
Netherlands,Mark Flekken,125714,Goalkeeper,UEFA Champions League,25/26,6,12,0,0,540,50.0,0,0,2,12,50.0,0,0.0,0.0
Netherlands,Mark Flekken,125714,Goalkeeper,DFB-Pokal,25/26,4,5,0,0,390,80.0,0,0,2,4,81.25,0,0.0,0.0
Netherlands,Micky van de Ven,557459,Centre-Back,Premier League,25/26,35,38,4,1,3043,92.10526315789474,9,1,0,0,88.9766081871345,0,10.416666666666668,11.11111111111111
Netherlands,Micky van de Ven,557459,Centre-Back,UEFA Champions League,25/26,8,10,2,0,720,80.0,3,0,0,0,80.0,0,9.090909090909092,11.11111111111111
Netherlands,Micky van de Ven,557459,Centre-Back,UEFA Super Cup,25/26,1,1,1,0,90,100.0,0,0,0,0,100.0,0,20.0,50.0
Netherlands,Micky van de Ven,557459,Centre-Back,FA Cup,25/26,1,1,0,0,90,100.0,0,0,0,0,100.0,0,0.0,0.0
Netherlands,Micky van de Ven,557459,Centre-Back,EFL Cup,25/26,0,2,0,0,0,0.0,0,0,0,0,0.0,0,0.0,0.0
Netherlands,Jan Paul van Hecke,576314,Centre-Back,Premier League,25/26,36,38,3,3,3211,94.73684210526315,9,0,0,0,93.88888888888889,0,11.538461538461538,11.538461538461538
Netherlands,Jan Paul van Hecke,576314,Centre-Back,FA Cup,25/26,2,2,0,0,85,50.0,1,0,0,0,47.22222222222222,0,0.0,0.0
Netherlands,Jan Paul van Hecke,576314,Centre-Back,EFL Cup,25/26,2,3,0,0,115,33.33333333333333,0,0,0,0,42.592592592592595,0,0.0,0.0
Netherlands,Virgil van Dijk,139208,Centre-Back,Premier League,25/26,38,38,6,0,3420,100.0,4,0,0,0,100.0,0,9.523809523809524,9.523809523809524
Netherlands,Virgil van Dijk,139208,Centre-Back,UEFA Champions League,25/26,12,12,2,3,1080,100.0,2,0,0,0,100.0,0,20.833333333333336,20.833333333333336
Netherlands,Virgil van Dijk,139208,Centre-Back,Community Shield,25/26,1,1,0,0,90,100.0,0,0,0,0,100.0,0,0.0,0.0
Netherlands,Virgil van Dijk,139208,Centre-Back,FA Cup,25/26,4,4,0,0,351,100.0,0,0,0,0,97.5,0,0.0,0.0
Netherlands,Nathan Aké,177476,Centre-Back,Premier League,25/26,18,38,0,0,688,15.789473684210526,1,0,0,0,20.116959064327485,0,0.0,0.0
Netherlands,Nathan Aké,177476,Centre-Back,UEFA Champions League,25/26,5,10,0,0,238,20.0,0,0,0,0,26.444444444444443,0,0.0,0.0
Netherlands,Nathan Aké,177476,Centre-Back,FA Cup,25/26,3,6,0,0,225,50.0,0,0,0,0,41.66666666666667,0,0.0,0.0
Netherlands,Nathan Aké,177476,Centre-Back,EFL Cup,25/26,6,6,0,0,493,100.0,0,0,0,0,91.2962962962963,0,0.0,0.0
Netherlands,Jorrel Hato,904802,Left-Back,Premier League,25/26,22,38,0,0,1143,31.57894736842105,7,0,0,0,33.421052631578945,0,0.0,0.0
Netherlands,Jorrel Hato,904802,Left-Back,UEFA Champions League,25/26,4,10,0,0,340,40.0,0,0,0,0,37.77777777777778,0,0.0,0.0
Netherlands,Jorrel Hato,904802,Left-Back,FA Cup,25/26,5,6,2,0,420,83.33333333333334,0,0,0,0,73.68421052631578,0,9.523809523809524,9.523809523809524
Netherlands,Jorrel Hato,904802,Left-Back,EFL Cup,25/26,5,5,0,1,345,80.0,0,0,0,0,76.66666666666667,0,9.090909090909092,9.090909090909092
Netherlands,Mats Wieffer,415381,Right-Back,Premier League,25/26,26,38,2,3,1908,60.526315789473685,8,0,0,0,55.78947368421052,0,9.615384615384617,13.157894736842104
Netherlands,Mats Wieffer,415381,Right-Back,FA Cup,25/26,1,2,0,0,9,0.0,0,0,0,0,5.0,0,0.0,0.0
Netherlands,Mats Wieffer,415381,Right-Back,EFL Cup,25/26,1,3,0,0,23,0.0,0,0,0,0,8.518518518518519,0,0.0,0.0
Netherlands,Denzel Dumfries,321528,Right-Back,Serie A,25/26,20,38,3,1,1328,39.473684210526315,2,0,0,0,38.83040935672515,0,4.49438202247191,8.0
Netherlands,Denzel Dumfries,321528,Right-Back,UEFA Champions League,25/26,5,10,2,0,342,40.0,0,0,0,0,38.0,0,11.76470588235294,16.666666666666664
Netherlands,Denzel Dumfries,321528,Right-Back,Italy Cup,25/26,3,5,0,1,106,20.0,0,0,0,0,23.555555555555554,0,8.333333333333332,20.0
Netherlands,Lutsharel Geertruida,420210,Right-Back,Premier League,25/26,28,35,0,0,1685,48.57142857142857,2,0,0,0,53.492063492063494,0,0.0,0.0
Netherlands,Lutsharel Geertruida,420210,Right-Back,FA Cup,25/26,2,3,0,0,180,66.66666666666666,0,0,0,0,60.0,0,0.0,0.0
Netherlands,Lutsharel Geertruida,420210,Right-Back,Bundesliga,25/26,0,2,0,0,0,0.0,0,0,0,0,0.0,0,0.0,0.0
Netherlands,Lutsharel Geertruida,420210,Right-Back,DFB-Pokal,25/26,0,1,0,0,0,0.0,0,0,0,0,0.0,0,0.0,0.0
Netherlands,Lutsharel Geertruida,420210,Right-Back,Premier League Int. Cup U21,25/26,1,1,0,0,45,100.0,0,0,0,0,50.0,0,0.0,0.0
Netherlands,Ryan Gravenberch,478573,Defensive Midfield,Premier League,25/26,36,38,5,3,2996,89.47368421052632,5,0,0,0,87.60233918128655,0,12.698412698412698,14.035087719298245
Netherlands,Ryan Gravenberch,478573,Defensive Midfield,UEFA Champions League,25/26,11,12,1,2,961,91.66666666666666,2,0,0,0,88.98148148148148,0,12.5,15.789473684210526
Netherlands,Ryan Gravenberch,478573,Defensive Midfield,FA Cup,25/26,3,4,0,1,174,50.0,1,0,0,0,48.333333333333336,0,10.0,10.0
Netherlands,Teun Koopmeiners,360518,Defensive Midfield,Serie A,25/26,33,38,0,0,1819,47.368421052631575,5,0,0,0,53.187134502923975,0,0.0,0.0
Netherlands,Teun Koopmeiners,360518,Defensive Midfield,UEFA Champions League,25/26,10,10,2,1,744,90.0,0,0,0,0,80.0,0,15.789473684210526,15.789473684210526
Netherlands,Teun Koopmeiners,360518,Defensive Midfield,Italy Cup,25/26,2,2,0,0,106,50.0,0,0,0,0,58.88888888888889,0,0.0,0.0
Netherlands,Marten de Roon,133179,Defensive Midfield,Serie A,25/26,34,38,1,2,2704,84.21052631578947,6,0,0,0,79.06432748538012,1,5.88235294117647,6.25
Netherlands,Marten de Roon,133179,Defensive Midfield,UEFA Champions League,25/26,12,12,0,2,899,83.33333333333334,2,0,0,0,83.24074074074073,0,12.5,12.5
Netherlands,Marten de Roon,133179,Defensive Midfield,Italy Cup,25/26,4,4,1,0,315,100.0,1,0,0,0,80.76923076923077,0,9.090909090909092,10.0
Netherlands,Tijjani Reijnders,460939,Central Midfield,Premier League,25/26,28,38,5,2,1636,50.0,2,0,0,0,47.83625730994152,0,9.090909090909092,9.090909090909092
Netherlands,Tijjani Reijnders,460939,Central Midfield,UEFA Champions League,25/26,10,10,0,3,579,60.0,0,0,0,0,64.33333333333333,0,18.75,18.75
Netherlands,Tijjani Reijnders,460939,Central Midfield,FA Cup,25/26,5,6,1,2,374,66.66666666666666,0,0,0,0,69.25925925925925,0,13.636363636363635,13.636363636363635
Netherlands,Tijjani Reijnders,460939,Central Midfield,EFL Cup,25/26,4,6,1,1,221,33.33333333333333,0,0,0,0,40.925925925925924,0,14.285714285714285,18.181818181818183
Netherlands,Frenkie de Jong,326330,Central Midfield,LaLiga,25/26,25,38,1,5,1631,42.10526315789473,3,0,0,0,47.69005847953217,1,6.315789473684211,10.0
Netherlands,Frenkie de Jong,326330,Central Midfield,UEFA Champions League,25/26,8,12,0,1,514,41.66666666666667,3,0,0,0,47.592592592592595,0,3.125,5.0
Netherlands,Frenkie de Jong,326330,Central Midfield,Copa del Rey,25/26,3,5,0,2,270,60.0,0,0,0,0,60.0,0,22.22222222222222,50.0
Netherlands,Frenkie de Jong,326330,Central Midfield,Supercopa,25/26,2,2,0,0,154,100.0,0,1,0,0,85.55555555555556,0,0.0,0.0
Netherlands,Quinten Timber,420213,Central Midfield,Ligue 1,25/26,15,16,0,0,1112,87.5,5,0,0,0,77.22222222222223,0,0.0,0.0
Netherlands,Quinten Timber,420213,Central Midfield,Coupe de France,25/26,1,2,0,0,70,50.0,0,0,0,0,38.88888888888889,0,0.0,0.0
Netherlands,Quinten Timber,420213,Central Midfield,Europa League,25/26,4,7,1,0,239,42.857142857142854,1,0,0,0,37.93650793650794,0,10.0,25.0
Netherlands,Quinten Timber,420213,Central Midfield,Champions League Qu.,25/26,2,2,1,0,151,100.0,0,0,0,0,83.88888888888889,0,25.0,25.0
Netherlands,Quinten Timber,420213,Central Midfield,Eredivisie,25/26,17,19,2,4,1317,73.68421052631578,1,0,0,0,77.01754385964912,0,12.76595744680851,16.216216216216218
Netherlands,Quinten Timber,420213,Central Midfield,KNVB Beker,25/26,1,1,0,0,90,100.0,0,0,0,0,100.0,0,0.0,0.0
Netherlands,Justin Kluivert,330659,Attacking Midfield,Premier League,25/26,20,38,2,0,953,26.31578947368421,5,0,0,0,27.865497076023395,0,3.4482758620689653,6.666666666666667
Netherlands,Justin Kluivert,330659,Attacking Midfield,EFL Cup,25/26,1,1,0,0,66,100.0,0,0,0,0,73.33333333333333,0,0.0,0.0
Netherlands,Guus Til,372267,Attacking Midfield,Eredivisie,25/26,29,34,14,5,2247,73.52941176470588,2,0,0,0,73.4313725490196,0,18.81188118811881,21.34831460674157
Netherlands,Guus Til,372267,Attacking Midfield,UEFA Champions League,25/26,8,8,2,3,583,87.5,2,0,0,0,80.97222222222223,0,31.25,31.25
Netherlands,Guus Til,372267,Attacking Midfield,KNVB Beker,25/26,2,4,1,0,129,50.0,0,0,0,0,35.833333333333336,0,7.6923076923076925,9.090909090909092
Netherlands,Guus Til,372267,Attacking Midfield,Johan Cruijff Schaal,25/26,1,1,0,0,28,0.0,0,0,0,0,31.11111111111111,0,0.0,0.0
Netherlands,Cody Gakpo,434675,Left Winger,Premier League,25/26,36,38,7,5,2749,84.21052631578947,3,0,0,0,80.38011695906432,0,19.047619047619047,20.33898305084746
Netherlands,Cody Gakpo,434675,Left Winger,UEFA Champions League,25/26,11,12,2,1,470,41.66666666666667,0,0,0,0,43.51851851851852,0,12.5,13.043478260869565
Netherlands,Cody Gakpo,434675,Left Winger,Community Shield,25/26,1,1,0,0,90,100.0,0,0,0,0,100.0,0,0.0,0.0
Netherlands,Cody Gakpo,434675,Left Winger,FA Cup,25/26,4,4,0,0,287,75.0,0,0,0,0,79.72222222222223,0,0.0,0.0
Netherlands,Crysencio Summerville,474701,Left Winger,Premier League,25/26,31,38,5,4,2484,76.31578947368422,6,0,0,0,72.63157894736842,0,19.565217391304348,21.951219512195124
Netherlands,Crysencio Summerville,474701,Left Winger,FA Cup,25/26,3,4,2,1,231,25.0,1,0,0,0,48.125,0,21.428571428571427,60.0
Netherlands,Noa Lang,339332,Left Winger,Süper Lig,25/26,13,16,0,3,704,43.75,2,0,0,0,48.888888888888886,0,8.108108108108109,8.823529411764707
Netherlands,Noa Lang,339332,Left Winger,UEFA Champions League,25/26,10,12,2,0,501,41.66666666666667,2,0,0,0,45.13513513513514,0,13.333333333333334,25.0
Netherlands,Noa Lang,339332,Left Winger,Türkiye Kupasi,25/26,2,3,0,0,135,33.33333333333333,0,0,0,0,50.0,0,0.0,0.0
Netherlands,Noa Lang,339332,Left Winger,Serie A,25/26,18,21,1,2,661,33.33333333333333,2,0,0,0,34.973544973544975,0,9.67741935483871,9.67741935483871
Netherlands,Noa Lang,339332,Left Winger,Supercoppa Italiana,25/26,2,2,0,0,35,0.0,0,0,0,0,19.444444444444446,0,0.0,0.0
Netherlands,Noa Lang,339332,Left Winger,Italy Cup,25/26,1,1,0,0,16,0.0,0,0,0,0,17.77777777777778,0,0.0,0.0
Netherlands,Donyell Malen,326029,Centre-Forward,Serie A,25/26,18,18,14,2,1478,100.0,1,0,0,0,91.23456790123457,0,45.714285714285715,45.714285714285715
Netherlands,Donyell Malen,326029,Centre-Forward,Europa League,25/26,8,10,4,1,539,60.0,0,0,0,0,57.95698924731183,0,29.411764705882355,125.0
Netherlands,Donyell Malen,326029,Centre-Forward,Premier League,25/26,21,21,4,1,645,23.809523809523807,0,0,0,0,34.12698412698413,0,15.151515151515152,15.151515151515152
Netherlands,Donyell Malen,326029,Centre-Forward,FA Cup,25/26,1,1,0,1,65,100.0,0,0,0,0,72.22222222222221,0,50.0,50.0
Netherlands,Donyell Malen,326029,Centre-Forward,EFL Cup,25/26,1,1,0,0,67,100.0,0,0,0,0,74.44444444444444,0,0.0,0.0
Netherlands,Brian Brobbey,473169,Centre-Forward,Premier League,25/26,31,35,7,1,1934,62.857142857142854,6,0,0,0,61.39682539682539,0,21.62162162162162,22.857142857142858
Netherlands,Brian Brobbey,473169,Centre-Forward,FA Cup,25/26,1,3,0,0,34,0.0,0,0,0,0,11.333333333333332,0,0.0,0.0
Netherlands,Brian Brobbey,473169,Centre-Forward,Eredivisie,25/26,0,4,0,0,0,0.0,0,0,0,0,0.0,0,0.0,0.0
Netherlands,Brian Brobbey,473169,Centre-Forward,Premier League Int. Cup U21,25/26,1,1,1,0,61,100.0,0,0,0,0,67.77777777777779,0,50.0,50.0
Netherlands,Memphis Depay,167850,Centre-Forward,Série A,2026,8,18,1,0,465,33.33333333333333,0,0,0,0,28.703703703703702,0,5.555555555555555,12.5
Netherlands,Memphis Depay,167850,Centre-Forward,Supercopa Rei,2026,1,1,0,0,77,100.0,1,0,0,0,85.55555555555556,0,0.0,0.0
Netherlands,Memphis Depay,167850,Centre-Forward,Libertadores,2026,1,6,0,0,45,16.666666666666664,0,0,0,0,8.333333333333332,0,0.0,0.0
Netherlands,Memphis Depay,167850,Centre-Forward,Campeonato Paulista,2026,4,10,0,1,263,30.0,0,0,0,0,29.22222222222222,0,5.263157894736842,25.0
Netherlands,Wout Weghorst,228645,Centre-Forward,Eredivisie,25/26,27,34,8,4,1782,58.82352941176471,6,0,0,0,58.235294117647065,0,19.35483870967742,26.666666666666668
Netherlands,Wout Weghorst,228645,Centre-Forward,UEFA Champions League,25/26,5,8,1,0,298,50.0,2,0,0,0,41.388888888888886,0,12.5,50.0
Netherlands,Wout Weghorst,228645,Centre-Forward,Play-Offs Conference League,25/26,2,2,0,0,113,50.0,1,0,0,0,53.80952380952381,0,0.0,0.0
New Zealand,Max Crocombe,207843,Goalkeeper,Championship,25/26,23,46,0,0,2070,50.0,0,0,9,25,50.0,0,0.0,0.0
New Zealand,Max Crocombe,207843,Goalkeeper,EFL Cup,25/26,2,3,0,0,180,66.66666666666666,0,0,1,1,66.66666666666666,0,0.0,0.0
New Zealand,Max Crocombe,207843,Goalkeeper,Championship Play-Offs,25/26,0,2,0,0,0,0.0,0,0,0,0,0.0,0,0.0,0.0
New Zealand,Alex Paulsen,617009,Goalkeeper,Ekstraklasa,25/26,24,28,0,0,2160,85.71428571428571,2,0,2,41,85.71428571428571,0,0.0,0.0
New Zealand,Alex Paulsen,617009,Goalkeeper,STS Polish Cup,25/26,3,3,0,0,300,100.0,0,0,1,4,100.0,0,0.0,0.0
New Zealand,Michael Woud,350347,Goalkeeper,A-League Men,25/26,24,26,0,0,2091,88.46153846153845,2,0,7,26,89.35897435897436,0,0.0,0.0
New Zealand,Michael Woud,350347,Goalkeeper,A-League Fin.,25/26,4,4,0,0,390,100.0,0,0,2,2,100.0,0,0.0,0.0
New Zealand,Tyler Bindon,1007720,Centre-Back,Championship,25/26,25,46,1,0,2029,47.82608695652174,1,0,0,0,49.009661835748794,0,1.5151515151515151,1.8867924528301887
New Zealand,Tyler Bindon,1007720,Centre-Back,FA Cup,25/26,0,1,0,0,0,0.0,0,0,0,0,0.0,0,0.0,0.0
New Zealand,Tyler Bindon,1007720,Centre-Back,EFL Cup,25/26,1,1,0,0,34,0.0,0,0,0,0,37.77777777777778,0,0.0,0.0
New Zealand,Finn Surman,724809,Centre-Back,MLS,2026,14,14,0,1,1215,100.0,1,0,0,0,96.42857142857143,0,4.545454545454546,4.545454545454546
New Zealand,Nando Pijnaker,455425,Centre-Back,A-League Men,25/26,13,26,0,0,719,30.76923076923077,0,0,0,0,30.726495726495727,0,0.0,0.0
New Zealand,Nando Pijnaker,455425,Centre-Back,A-League Fin.,25/26,4,4,0,0,249,50.0,1,0,0,0,63.84615384615384,0,0.0,0.0
New Zealand,Michael Boxall,81723,Centre-Back,MLS,2026,7,15,0,0,397,33.33333333333333,0,0,0,0,29.40740740740741,0,0.0,0.0
New Zealand,Tommy Smith,54381,Centre-Back,National League,25/26,17,46,0,1,1217,30.434782608695656,2,1,0,0,29.396135265700487,0,2.631578947368421,5.88235294117647
New Zealand,Tommy Smith,54381,Centre-Back,FA Cup,25/26,1,1,0,0,22,0.0,0,0,0,0,24.444444444444443,0,0.0,0.0
New Zealand,Tommy Smith,54381,Centre-Back,National League Cup,25/26,3,5,0,0,159,60.0,0,0,0,0,35.333333333333336,0,0.0,0.0
New Zealand,Liberato Cacace,469211,Left-Back,Championship,25/26,12,46,0,0,722,17.391304347826086,0,0,0,0,17.439613526570046,0,0.0,0.0
New Zealand,Liberato Cacace,469211,Left-Back,FA Cup,25/26,1,3,1,0,60,33.33333333333333,0,0,0,0,18.181818181818183,0,10.0,33.33333333333333
New Zealand,Liberato Cacace,469211,Left-Back,EFL Cup,25/26,0,4,0,0,0,0.0,0,0,0,0,0.0,0,0.0,0.0
New Zealand,Ben Old,617021,Left-Back,Ligue 2,25/26,30,34,1,2,1879,58.82352941176471,1,0,0,0,61.40522875816994,0,5.084745762711865,5.172413793103448
New Zealand,Ben Old,617021,Left-Back,L1/L2 Playoffs,25/26,1,3,0,0,90,33.33333333333333,0,0,0,0,33.33333333333333,0,0.0,0.0
New Zealand,Ben Old,617021,Left-Back,Coupe de France,25/26,2,3,4,1,180,66.66666666666666,1,0,0,0,66.66666666666666,0,33.33333333333333,41.66666666666667
New Zealand,Ben Old,617021,Left-Back,National 3 - Grp. G,25/26,1,1,0,0,90,100.0,0,0,0,0,100.0,0,0.0,0.0
New Zealand,Francis de Vries,207061,Left-Back,A-League Men,25/26,22,26,1,7,1980,84.61538461538461,2,0,0,0,84.61538461538461,0,19.047619047619047,21.62162162162162
New Zealand,Francis de Vries,207061,Left-Back,A-League Fin.,25/26,3,4,0,0,43,0.0,0,0,0,0,11.025641025641026,0,0.0,0.0
New Zealand,Callan Elliot,482204,Right-Back,A-League Men,25/26,23,26,0,1,1407,61.53846153846154,1,0,0,0,60.128205128205124,0,2.380952380952381,2.380952380952381
New Zealand,Callan Elliot,482204,Right-Back,A-League Fin.,25/26,4,4,0,0,337,100.0,1,0,0,0,86.41025641025641,0,0.0,0.0
New Zealand,Tim Payne,149901,Right-Back,A-League Men,25/26,14,26,0,5,868,50.0,0,0,0,0,37.0940170940171,0,13.88888888888889,22.727272727272727
New Zealand,Joe Bell,345700,Defensive Midfield,Eliteserien,2026,6,10,0,1,520,60.0,0,0,0,0,57.77777777777777,0,3.4482758620689653,5.263157894736842
New Zealand,Joe Bell,345700,Defensive Midfield,UECL Qualifying,25/26,3,4,0,3,243,75.0,0,0,0,0,67.5,0,21.428571428571427,33.33333333333333
New Zealand,Joe Bell,345700,Defensive Midfield,NM-Cup,2026,1,3,0,0,90,33.33333333333333,0,0,0,0,33.33333333333333,0,0.0,0.0
New Zealand,Ryan Thomas,203357,Defensive Midfield,Eredivisie,25/26,27,34,1,1,2157,79.41176470588235,7,0,0,0,70.49019607843138,0,4.545454545454546,5.714285714285714
New Zealand,Ryan Thomas,203357,Defensive Midfield,KNVB Beker,25/26,1,2,0,0,11,0.0,0,0,0,0,6.111111111111111,0,0.0,0.0
New Zealand,Alex Rufer,256019,Defensive Midfield,A-League Men,25/26,23,26,2,1,2044,88.46153846153845,8,0,0,0,87.35042735042735,0,8.333333333333332,9.090909090909092
New Zealand,Marko Stamenić,617018,Central Midfield,Championship,25/26,36,44,3,2,2500,65.9090909090909,12,0,0,0,63.13131313131313,0,8.928571428571429,10.204081632653061
New Zealand,Marko Stamenić,617018,Central Midfield,FA Cup,25/26,1,1,0,0,82,100.0,1,0,0,0,68.33333333333333,0,0.0,0.0
New Zealand,Marko Stamenić,617018,Central Midfield,EFL Cup,25/26,1,3,0,1,62,33.33333333333333,0,0,0,0,22.962962962962962,0,10.0,100.0
New Zealand,Lachlan Bayliss,1109358,Central Midfield,A-League Men,25/26,25,26,5,3,1644,65.38461538461539,5,0,0,0,70.25641025641025,0,14.545454545454545,14.545454545454545
New Zealand,Lachlan Bayliss,1109358,Central Midfield,A-League Fin.,25/26,2,2,0,0,191,100.0,0,0,0,0,90.95238095238095,0,0.0,0.0
New Zealand,Callum McCowatt,400797,Attacking Midfield,Superliga,25/26,22,22,8,2,1683,90.9090909090909,1,0,0,0,85.0,0,41.66666666666667,41.66666666666667
New Zealand,Callum McCowatt,400797,Attacking Midfield,UECL Qualifying,25/26,4,4,1,0,353,100.0,0,0,0,0,90.51282051282051,0,16.666666666666664,16.666666666666664
New Zealand,Callum McCowatt,400797,Attacking Midfield,Superliga Relegation round,25/26,10,10,3,3,816,100.0,3,0,0,0,90.66666666666666,0,35.294117647058826,35.294117647058826
New Zealand,Callum McCowatt,400797,Attacking Midfield,Oddset Pokalen,25/26,1,3,0,0,17,0.0,0,0,0,0,6.296296296296296,0,0.0,0.0
New Zealand,Sarpreet Singh,350357,Attacking Midfield,A-League Men,25/26,2,11,0,0,74,9.090909090909092,0,0,0,0,7.474747474747474,0,0.0,0.0
New Zealand,Sarpreet Singh,350357,Attacking Midfield,Super liga Srbije,25/26,15,21,2,1,887,47.61904761904761,3,0,0,0,46.93121693121693,0,16.666666666666664,17.647058823529413
New Zealand,Sarpreet Singh,350357,Attacking Midfield,Kup Srbije,25/26,1,1,0,0,90,100.0,0,0,0,0,100.0,0,0.0,0.0
New Zealand,Jesse Randall,677509,Left Winger,A-League Men,25/26,26,26,9,6,2123,100.0,2,0,0,0,90.72649572649573,0,35.714285714285715,35.714285714285715
New Zealand,Jesse Randall,677509,Left Winger,A-League Fin.,25/26,4,4,0,2,354,100.0,0,0,0,0,90.76923076923077,0,15.384615384615385,33.33333333333333
New Zealand,Elijah Just,485672,Right Winger,Premiership,25/26,30,33,7,8,2294,81.81818181818183,2,0,0,0,77.23905723905725,0,28.846153846153843,31.25
New Zealand,Elijah Just,485672,Right Winger,Scottish Premiership Top Six Split,25/26,5,5,0,0,409,100.0,2,0,0,0,90.88888888888889,0,0.0,0.0
New Zealand,Elijah Just,485672,Right Winger,SFA Cup,25/26,2,2,0,0,102,50.0,0,0,0,0,56.666666666666664,0,0.0,0.0
New Zealand,Elijah Just,485672,Right Winger,League Cup,25/26,6,7,0,0,410,71.42857142857143,0,0,0,0,62.121212121212125,0,0.0,0.0
New Zealand,Logan Rogerson,312317,Right Winger,A-League Men,25/26,24,26,1,1,1174,50.0,1,1,0,0,50.17094017094017,0,4.761904761904762,5.0
New Zealand,Logan Rogerson,312317,Right Winger,A-League Fin.,25/26,4,4,1,0,155,25.0,0,0,0,0,39.743589743589745,0,7.6923076923076925,16.666666666666664
New Zealand,Chris Wood,108725,Centre-Forward,Premier League,25/26,15,38,3,0,907,28.947368421052634,0,0,0,0,26.52046783625731,0,6.25,13.636363636363635
New Zealand,Chris Wood,108725,Centre-Forward,Europa League,25/26,5,16,2,0,237,25.0,0,0,0,0,16.122448979591837,0,7.4074074074074066,28.57142857142857
New Zealand,Chris Wood,108725,Centre-Forward,Premier League 2,25/26,1,1,1,0,45,100.0,0,0,0,0,50.0,0,33.33333333333333,33.33333333333333
New Zealand,Ben Waine,539502,Centre-Forward,League One,25/26,27,46,3,1,1133,30.434782608695656,2,0,0,0,27.367149758454108,0,11.11111111111111,20.0
New Zealand,Ben Waine,539502,Centre-Forward,EFL Trophy,25/26,4,6,2,0,288,50.0,0,0,0,0,53.333333333333336,0,11.76470588235294,20.0
New Zealand,Ben Waine,539502,Centre-Forward,FA Cup,25/26,5,6,3,0,424,83.33333333333334,1,0,0,0,74.3859649122807,0,33.33333333333333,33.33333333333333
New Zealand,Ben Waine,539502,Centre-Forward,EFL Cup,25/26,1,3,0,0,90,33.33333333333333,0,0,0,0,33.33333333333333,0,0.0,0.0
New Zealand,Kosta Barbarouses,50200,Centre-Forward,A-League Men,25/26,22,26,4,1,1334,61.53846153846154,1,0,0,0,57.008547008547005,0,18.51851851851852,20.833333333333336
Norway,Sander Tangvik,549378,Goalkeeper,Bundesliga,25/26,1,17,0,0,90,5.88235294117647,0,0,0,1,5.88235294117647,0,0.0,0.0
Norway,Sander Tangvik,549378,Goalkeeper,UECL Qualifying,25/26,6,6,0,0,540,100.0,0,0,4,5,100.0,0,0.0,0.0
Norway,Sander Tangvik,549378,Goalkeeper,NM-Cup,2026,1,1,0,0,120,100.0,0,0,0,1,100.0,0,0.0,0.0
Norway,Egil Selvik,380744,Goalkeeper,Championship,25/26,40,46,0,0,3555,86.95652173913044,3,0,7,56,85.86956521739131,0,0.0,0.0
Norway,Egil Selvik,380744,Goalkeeper,FA Cup,25/26,0,1,0,0,0,0.0,0,0,0,0,0.0,0,0.0,0.0
Norway,Egil Selvik,380744,Goalkeeper,EFL Cup,25/26,1,1,0,0,90,100.0,0,0,0,2,100.0,0,0.0,0.0
Norway,Ørjan Nyland,73517,Goalkeeper,LaLiga,25/26,5,38,0,0,450,13.157894736842104,1,0,1,8,13.157894736842104,0,0.0,0.0
Norway,Ørjan Nyland,73517,Goalkeeper,Copa del Rey,25/26,2,3,0,0,180,66.66666666666666,0,0,0,2,66.66666666666666,0,0.0,0.0
Norway,Kristoffer Ajer,328658,Centre-Back,Premier League,25/26,27,38,0,1,1809,52.63157894736842,4,0,0,0,52.89473684210526,0,1.8181818181818181,1.9230769230769231
Norway,Kristoffer Ajer,328658,Centre-Back,FA Cup,25/26,1,3,0,0,97,33.33333333333333,0,0,0,0,32.33333333333333,0,0.0,0.0
Norway,Kristoffer Ajer,328658,Centre-Back,EFL Cup,25/26,3,4,0,1,232,75.0,0,0,0,0,64.44444444444444,0,8.333333333333332,12.5
Norway,Leo Østigård,367284,Centre-Back,Serie A,25/26,30,36,5,1,2623,83.33333333333334,7,0,0,0,80.95679012345678,0,15.0,18.181818181818183
Norway,Leo Østigård,367284,Centre-Back,Italy Cup,25/26,1,3,0,0,21,0.0,0,0,0,0,7.777777777777778,0,0.0,0.0
Norway,Torbjørn Heggem,464469,Centre-Back,Serie A,25/26,27,38,0,0,2113,60.526315789473685,0,1,0,0,61.78362573099415,0,0.0,0.0
Norway,Torbjørn Heggem,464469,Centre-Back,Europa League,25/26,8,14,0,0,488,42.857142857142854,1,0,0,0,37.82945736434108,0,0.0,0.0
Norway,Torbjørn Heggem,464469,Centre-Back,Supercoppa Italiana,25/26,2,2,0,0,180,100.0,1,0,0,0,100.0,0,0.0,0.0
Norway,Torbjørn Heggem,464469,Centre-Back,Italy Cup,25/26,1,2,0,0,90,50.0,0,0,0,0,50.0,0,0.0,0.0
Norway,Torbjørn Heggem,464469,Centre-Back,Championship,25/26,1,1,0,0,90,100.0,0,0,0,0,100.0,0,0.0,0.0
Norway,Henrik Falchener,743088,Centre-Back,Eliteserien,2026,10,10,2,1,855,100.0,2,0,0,0,95.0,0,10.344827586206897,10.344827586206897
Norway,Henrik Falchener,743088,Centre-Back,UECL Qualifying,25/26,3,4,0,0,258,75.0,1,0,0,0,71.66666666666667,0,0.0,0.0
Norway,Henrik Falchener,743088,Centre-Back,NM-Cup,2026,3,3,0,0,204,66.66666666666666,0,0,0,0,75.55555555555556,0,0.0,0.0
Norway,Sondre Langås,737837,Centre-Back,Championship,25/26,24,46,3,1,1970,45.65217391304348,4,0,0,0,47.58454106280193,0,5.970149253731343,10.81081081081081
Norway,Sondre Langås,737837,Centre-Back,FA Cup,25/26,1,1,0,0,90,100.0,0,0,0,0,100.0,0,0.0,0.0
Norway,Sondre Langås,737837,Centre-Back,Premier League 2,25/26,1,1,0,0,31,100.0,0,0,0,0,34.44444444444444,0,0.0,0.0
Norway,David Møller Wolfe,661427,Left-Back,Premier League,25/26,22,38,0,2,1048,28.947368421052634,1,0,0,0,30.643274853801174,0,7.4074074074074066,7.6923076923076925
Norway,David Møller Wolfe,661427,Left-Back,FA Cup,25/26,3,3,0,1,182,66.66666666666666,0,0,0,0,67.4074074074074,0,12.5,12.5
Norway,David Møller Wolfe,661427,Left-Back,EFL Cup,25/26,1,3,2,0,90,33.33333333333333,0,0,0,0,33.33333333333333,0,25.0,25.0
Norway,Fredrik Bjørkan,364938,Left-Back,Eliteserien,2026,10,11,1,0,636,63.63636363636363,0,0,0,0,64.24242424242425,0,3.571428571428571,3.8461538461538463
Norway,Fredrik Bjørkan,364938,Left-Back,UEFA Champions League,25/26,10,12,0,2,912,83.33333333333334,1,0,0,0,82.16216216216216,0,9.090909090909092,11.11111111111111
Norway,Fredrik Bjørkan,364938,Left-Back,Champions League Qu.,25/26,2,2,0,1,180,100.0,0,0,0,0,100.0,0,16.666666666666664,16.666666666666664
Norway,Fredrik Bjørkan,364938,Left-Back,NM-Cup,2026,4,5,0,0,260,40.0,0,0,0,0,50.98039215686274,0,0.0,0.0
Norway,Julian Ryerson,370789,Right-Back,Bundesliga,25/26,31,34,0,15,2274,76.47058823529412,8,0,0,0,74.31372549019608,0,21.428571428571427,22.058823529411764
Norway,Julian Ryerson,370789,Right-Back,UEFA Champions League,25/26,9,10,0,2,606,60.0,2,0,0,0,67.33333333333333,0,9.090909090909092,9.090909090909092
Norway,Julian Ryerson,370789,Right-Back,DFB-Pokal,25/26,2,3,0,1,187,66.66666666666666,0,0,0,0,62.33333333333333,0,16.666666666666664,100.0
Norway,Marcus Pedersen,583404,Right-Back,Serie A,25/26,29,38,1,3,2135,60.526315789473685,3,0,0,0,62.42690058479532,0,9.090909090909092,10.526315789473683
Norway,Marcus Pedersen,583404,Right-Back,Italy Cup,25/26,3,4,0,1,203,75.0,0,0,0,0,56.388888888888886,0,16.666666666666664,33.33333333333333
Norway,Sander Berge,333014,Defensive Midfield,Premier League,25/26,35,38,0,1,2911,89.47368421052632,5,0,0,0,85.11695906432749,0,2.127659574468085,2.127659574468085
Norway,Sander Berge,333014,Defensive Midfield,FA Cup,25/26,2,3,0,0,5,0.0,0,0,0,0,1.8518518518518516,0,0.0,0.0
Norway,Sander Berge,333014,Defensive Midfield,EFL Cup,25/26,2,4,0,0,98,25.0,0,0,0,0,27.22222222222222,0,0.0,0.0
Norway,Patrick Berg,308439,Defensive Midfield,Eliteserien,2026,10,11,1,0,900,90.9090909090909,1,0,0,0,90.9090909090909,0,3.571428571428571,3.8461538461538463
Norway,Patrick Berg,308439,Defensive Midfield,UEFA Champions League,25/26,12,12,0,1,1110,100.0,2,0,0,0,100.0,0,4.545454545454546,4.545454545454546
Norway,Patrick Berg,308439,Defensive Midfield,Champions League Qu.,25/26,2,2,0,1,180,100.0,1,0,0,0,100.0,0,16.666666666666664,16.666666666666664
Norway,Patrick Berg,308439,Defensive Midfield,NM-Cup,2026,5,5,0,2,510,100.0,1,0,0,0,100.0,0,11.11111111111111,14.285714285714285
Norway,Fredrik Aursnes,223367,Central Midfield,Liga Portugal,25/26,28,34,3,3,2294,76.47058823529412,2,0,0,0,74.9673202614379,0,8.108108108108109,9.836065573770492
Norway,Fredrik Aursnes,223367,Central Midfield,UEFA Champions League,25/26,10,10,0,2,865,100.0,1,0,0,0,96.11111111111111,0,18.181818181818183,18.181818181818183
Norway,Fredrik Aursnes,223367,Central Midfield,Champions League Qu.,25/26,4,4,1,2,354,100.0,0,0,0,0,98.33333333333333,0,60.0,60.0
Norway,Fredrik Aursnes,223367,Central Midfield,Allianz Cup,25/26,2,2,0,0,165,100.0,0,0,0,0,91.66666666666666,0,0.0,0.0
Norway,Fredrik Aursnes,223367,Central Midfield,Taça de Portugal,25/26,4,4,0,1,323,75.0,0,0,0,0,89.72222222222223,0,16.666666666666664,16.666666666666664
Norway,Fredrik Aursnes,223367,Central Midfield,Portuguese Supercup,25/26,1,1,0,0,90,100.0,0,0,0,0,100.0,0,0.0,0.0
Norway,Kristian Thorstvedt,564785,Central Midfield,Serie A,25/26,32,38,4,4,2458,71.05263157894737,9,0,0,0,71.87134502923976,0,17.391304347826086,18.6046511627907
Norway,Kristian Thorstvedt,564785,Central Midfield,Italy Cup,25/26,1,2,0,0,21,0.0,0,0,0,0,11.666666666666666,0,0.0,0.0
Norway,Morten Thorsby,226524,Central Midfield,Serie A,25/26,24,38,3,1,1375,42.10526315789473,4,0,0,0,40.2046783625731,0,10.256410256410255,33.33333333333333
Norway,Morten Thorsby,226524,Central Midfield,Italy Cup,25/26,1,3,0,1,24,0.0,0,0,0,0,8.88888888888889,0,16.666666666666664,16.666666666666664
Norway,Martin Ødegaard,316264,Attacking Midfield,Premier League,25/26,24,38,1,7,1371,42.10526315789473,0,0,0,0,40.08771929824562,0,11.267605633802818,17.391304347826086
Norway,Martin Ødegaard,316264,Attacking Midfield,UEFA Champions League,25/26,8,15,0,1,440,33.33333333333333,0,0,0,0,31.88405797101449,0,3.0303030303030303,5.555555555555555
Norway,Martin Ødegaard,316264,Attacking Midfield,FA Cup,25/26,2,4,0,0,82,25.0,0,0,0,0,22.77777777777778,0,0.0,0.0
Norway,Martin Ødegaard,316264,Attacking Midfield,EFL Cup,25/26,2,6,0,0,91,16.666666666666664,0,0,0,0,16.85185185185185,0,0.0,0.0
Norway,Thelo Aasgaard,647384,Attacking Midfield,Premiership,25/26,28,33,5,3,1515,54.54545454545454,4,0,0,0,51.010101010101,0,12.121212121212121,12.5
Norway,Thelo Aasgaard,647384,Attacking Midfield,Europa League,25/26,8,8,0,1,417,50.0,0,0,0,0,57.91666666666667,0,20.0,20.0
Norway,Thelo Aasgaard,647384,Attacking Midfield,Champions League Qu.,25/26,2,6,0,0,74,16.666666666666664,1,0,0,0,13.703703703703704,0,0.0,0.0
Norway,Thelo Aasgaard,647384,Attacking Midfield,Scottish Premiership Top Six Split,25/26,5,5,2,0,292,60.0,0,0,0,0,64.88888888888889,0,20.0,20.0
Norway,Thelo Aasgaard,647384,Attacking Midfield,SFA Cup,25/26,2,3,1,1,55,0.0,0,0,0,0,18.333333333333332,0,13.333333333333334,15.384615384615385
Norway,Thelo Aasgaard,647384,Attacking Midfield,League Cup,25/26,3,3,0,0,149,66.66666666666666,0,1,0,0,49.666666666666664,0,0.0,0.0
Norway,Antonio Nusa,894914,Left Winger,Bundesliga,25/26,31,34,4,3,2040,70.58823529411765,0,0,0,0,66.66666666666666,0,10.606060606060606,11.475409836065573
Norway,Antonio Nusa,894914,Left Winger,DFB-Pokal,25/26,4,4,1,1,285,100.0,0,0,0,0,79.16666666666666,0,18.181818181818183,18.181818181818183
Norway,Andreas Schjelderup,670103,Left Winger,Liga Portugal,25/26,28,34,7,6,1733,58.82352941176471,2,0,0,0,56.63398692810458,0,17.56756756756757,17.56756756756757
Norway,Andreas Schjelderup,670103,Left Winger,UEFA Champions League,25/26,7,10,2,0,422,50.0,0,0,0,0,46.88888888888889,0,18.181818181818183,18.181818181818183
Norway,Andreas Schjelderup,670103,Left Winger,Champions League Qu.,25/26,3,4,1,1,143,50.0,1,0,0,0,39.72222222222222,0,40.0,40.0
Norway,Andreas Schjelderup,670103,Left Winger,Allianz Cup,25/26,1,2,0,0,64,50.0,0,0,0,0,35.55555555555556,0,0.0,0.0
Norway,Andreas Schjelderup,670103,Left Winger,Taça de Portugal,25/26,4,4,0,0,188,25.0,0,0,0,0,52.22222222222223,0,0.0,0.0
Norway,Andreas Schjelderup,670103,Left Winger,Portuguese Supercup,25/26,0,1,0,0,0,0.0,0,0,0,0,0.0,0,0.0,0.0
Norway,Jens Petter Hauge,422355,Left Winger,Eliteserien,2026,10,11,1,1,784,90.9090909090909,1,0,0,0,79.1919191919192,0,7.142857142857142,7.6923076923076925
Norway,Jens Petter Hauge,422355,Left Winger,UEFA Champions League,25/26,12,12,6,2,988,91.66666666666666,0,0,0,0,89.009009009009,0,36.36363636363637,36.36363636363637
Norway,Jens Petter Hauge,422355,Left Winger,Champions League Qu.,25/26,2,2,0,4,130,100.0,0,0,0,0,72.22222222222221,0,66.66666666666666,66.66666666666666
Norway,Jens Petter Hauge,422355,Left Winger,NM-Cup,2026,5,5,1,2,471,100.0,0,0,0,0,92.3529411764706,0,16.666666666666664,21.428571428571427
Norway,Oscar Bobb,661207,Right Winger,Premier League,25/26,23,38,0,1,1037,28.947368421052634,1,0,0,0,30.321637426900583,0,1.6129032258064515,7.6923076923076925
Norway,Oscar Bobb,661207,Right Winger,FA Cup,25/26,2,2,0,0,176,100.0,0,0,0,0,97.77777777777777,0,0.0,0.0
Norway,Oscar Bobb,661207,Right Winger,UEFA Champions League,25/26,3,8,0,0,73,12.5,0,0,0,0,10.13888888888889,0,0.0,0.0
Norway,Oscar Bobb,661207,Right Winger,EFL Cup,25/26,3,4,0,0,199,75.0,0,0,0,0,55.27777777777778,0,0.0,0.0
Norway,Erling Haaland,418560,Centre-Forward,Premier League,25/26,35,38,27,8,2959,89.47368421052632,2,0,0,0,86.52046783625731,0,45.45454545454545,46.666666666666664
Norway,Erling Haaland,418560,Centre-Forward,UEFA Champions League,25/26,10,10,8,0,755,90.0,0,0,0,0,83.88888888888889,0,50.0,50.0
Norway,Erling Haaland,418560,Centre-Forward,FA Cup,25/26,4,6,3,1,231,50.0,0,0,0,0,42.77777777777778,0,18.181818181818183,23.52941176470588
Norway,Erling Haaland,418560,Centre-Forward,EFL Cup,25/26,3,6,0,0,199,33.33333333333333,0,0,0,0,36.851851851851855,0,0.0,0.0
Norway,Jørgen Strand Larsen,429983,Centre-Forward,Premier League,25/26,36,38,4,1,2315,68.42105263157895,4,0,0,0,67.69005847953217,0,16.129032258064516,31.25
Norway,Jørgen Strand Larsen,429983,Centre-Forward,Conference League,25/26,8,9,1,1,465,44.44444444444444,3,0,0,0,55.35714285714286,0,13.333333333333334,16.666666666666664
Norway,Jørgen Strand Larsen,429983,Centre-Forward,FA Cup,25/26,1,1,3,1,74,100.0,0,0,0,0,82.22222222222221,0,66.66666666666666,66.66666666666666
Norway,Jørgen Strand Larsen,429983,Centre-Forward,EFL Cup,25/26,3,3,2,0,107,33.33333333333333,0,0,0,0,39.62962962962963,0,25.0,25.0
Norway,Alexander Sørloth,238407,Centre-Forward,LaLiga,25/26,35,38,13,0,1981,52.63157894736842,4,1,0,0,57.92397660818713,0,20.967741935483872,23.636363636363637
Norway,Alexander Sørloth,238407,Centre-Forward,UEFA Champions League,25/26,14,16,6,1,617,31.25,1,0,0,0,42.84722222222222,0,20.0,23.333333333333332
Norway,Alexander Sørloth,238407,Centre-Forward,Copa del Rey,25/26,4,6,0,0,144,0.0,0,0,0,0,25.263157894736842,0,0.0,0.0
Norway,Alexander Sørloth,238407,Centre-Forward,Supercopa,25/26,1,1,1,0,74,100.0,0,0,0,0,82.22222222222221,0,100.0,100.0
Panama,Orlando Mosquera,402979,Goalkeeper,Saudi Pro League,25/26,32,34,0,0,2880,94.11764705882352,0,0,7,50,94.11764705882352,0,0.0,0.0
Panama,Orlando Mosquera,402979,Goalkeeper,King's Cup,25/26,1,1,0,0,120,100.0,0,0,1,0,100.0,0,0.0,0.0
Panama,César Samudio,865550,Goalkeeper,Liga Nacional Clausura,25/26,7,20,0,0,630,35.0,2,0,2,7,35.0,0,0.0,0.0
Panama,César Samudio,865550,Goalkeeper,Liga Nacional Apertura,25/26,20,20,0,0,1800,100.0,1,0,11,15,100.0,0,0.0,0.0
Panama,César Samudio,865550,Goalkeeper,LNPHN Apertura Playoff,25/26,3,6,0,0,208,50.0,0,0,1,3,38.51851851851852,0,0.0,0.0
Panama,César Samudio,865550,Goalkeeper,LNPHN Clausura Playoff,25/26,0,6,0,0,0,0.0,0,0,0,0,0.0,0,0.0,0.0
Panama,Luis Mejía,76715,Goalkeeper,Liga AUF Intermedio,2026,2,4,0,0,180,50.0,0,0,1,1,50.0,0,0.0,0.0
Panama,Luis Mejía,76715,Goalkeeper,Libertadores,2026,5,6,0,0,405,83.33333333333334,1,0,2,8,75.0,0,0.0,0.0
Panama,Luis Mejía,76715,Goalkeeper,Supercopa ,2026,1,1,0,0,120,100.0,0,0,1,0,100.0,0,0.0,0.0
Panama,Luis Mejía,76715,Goalkeeper,Liga AUF Apertura,2026,10,15,0,1,900,66.66666666666666,0,0,3,11,66.66666666666666,0,3.8461538461538463,5.555555555555555
Panama,José Córdoba,698415,Centre-Back,Championship,25/26,28,46,1,1,2251,52.17391304347826,5,0,0,0,54.371980676328505,0,3.1746031746031744,4.081632653061225
Panama,José Córdoba,698415,Centre-Back,FA Cup,25/26,2,3,0,0,180,66.66666666666666,1,0,0,0,66.66666666666666,0,0.0,0.0
Panama,José Córdoba,698415,Centre-Back,EFL Cup,25/26,0,2,0,0,0,0.0,0,0,0,0,0.0,0,0.0,0.0
Panama,Andrés Andrade,403808,Centre-Back,Bundesliga,25/26,30,32,1,3,2697,93.75,1,0,0,0,93.64583333333333,0,7.142857142857142,7.142857142857142
Panama,Andrés Andrade,403808,Centre-Back,ÖFB-Cup,25/26,6,6,2,0,600,100.0,0,0,0,0,100.0,0,11.76470588235294,11.76470588235294
Panama,Edgardo Fariña,923177,Centre-Back,Premier Liga,25/26,14,29,0,0,1084,44.827586206896555,5,0,0,0,41.53256704980843,0,0.0,0.0
Panama,Edgardo Fariña,923177,Centre-Back,Russian Cup,25/26,4,6,0,0,171,33.33333333333333,0,0,0,0,31.666666666666664,0,0.0,0.0
Panama,Jiovany Ramos,403809,Centre-Back,Liga FUTVE Apertura,2026,8,13,0,0,714,61.53846153846154,2,0,0,0,61.02564102564103,0,0.0,0.0
Panama,Jiovany Ramos,403809,Centre-Back,Apertura. Fase Final,2026,2,7,0,0,180,28.57142857142857,1,0,0,0,28.57142857142857,0,0.0,0.0
Panama,Jiovany Ramos,403809,Centre-Back,Copa Sudamericana,2026,7,7,1,0,623,100.0,1,0,0,0,98.88888888888889,0,9.090909090909092,16.666666666666664
Panama,Fidel Escobar,345716,Centre-Back,Primera División Clausura,25/26,4,18,0,0,278,16.666666666666664,1,0,0,0,17.160493827160494,0,0.0,0.0
Panama,Fidel Escobar,345716,Centre-Back,Central American Cup,25/26,4,4,0,0,287,75.0,2,0,0,0,79.72222222222223,0,0.0,0.0
Panama,Fidel Escobar,345716,Centre-Back,Primera División Apertura,25/26,16,18,0,1,1412,88.88888888888889,3,0,0,0,87.1604938271605,0,3.125,3.4482758620689653
Panama,Fidel Escobar,345716,Centre-Back,Copa de Costa Rica,25/26,1,5,1,0,90,20.0,0,0,0,0,20.0,0,5.263157894736842,33.33333333333333
Panama,Fidel Escobar,345716,Centre-Back,Apertura Play-Off,25/26,4,4,1,0,360,100.0,0,0,0,0,100.0,0,14.285714285714285,14.285714285714285
Panama,Fidel Escobar,345716,Centre-Back,Clausura Play-Off,25/26,1,4,0,0,90,25.0,0,0,0,0,25.0,0,0.0,0.0
Panama,Roderick Miller,157154,Centre-Back,Premyer Liqa,25/26,24,33,0,2,2020,69.6969696969697,8,0,0,0,68.01346801346801,0,4.545454545454546,6.0606060606060606
Panama,Roderick Miller,157154,Centre-Back,Azerbaycan Kuboku,25/26,4,6,0,0,279,50.0,0,0,0,0,51.66666666666667,0,0.0,0.0
Panama,Jorge Gutiérrez,443379,Left-Back,Liga FUTVE Apertura,2026,10,13,0,0,900,76.92307692307693,0,0,0,0,76.92307692307693,0,0.0,0.0
Panama,Jorge Gutiérrez,443379,Left-Back,Libertadores,2026,6,6,0,1,537,100.0,1,0,0,0,99.44444444444444,0,16.666666666666664,16.666666666666664
Panama,Jorge Gutiérrez,443379,Left-Back,Apertura. Fase Final,2026,2,6,0,0,180,33.33333333333333,0,0,0,0,33.33333333333333,0,0.0,0.0
Panama,Éric Davis,121791,Left-Back,Liga Panameña Clausura,2026,11,16,2,2,926,68.75,2,0,0,0,64.30555555555556,0,14.285714285714285,19.047619047619047
Panama,Éric Davis,121791,Left-Back,Central American Cup,25/26,8,8,1,3,692,100.0,0,0,0,0,96.11111111111111,0,26.666666666666668,26.666666666666668
Panama,Éric Davis,121791,Left-Back,LPF Clausura Playoff,2026,3,3,0,3,236,100.0,1,0,0,0,78.66666666666666,0,37.5,37.5
Panama,Amir Murillo,354482,Right-Back,Süper Lig,25/26,12,14,1,1,957,78.57142857142857,4,0,0,0,75.95238095238095,0,8.333333333333332,8.333333333333332
Panama,Amir Murillo,354482,Right-Back,Türkiye Kupasi,25/26,3,3,1,0,270,100.0,0,0,0,0,100.0,0,14.285714285714285,14.285714285714285
Panama,Amir Murillo,354482,Right-Back,UEFA Champions League,25/26,7,8,0,0,388,50.0,1,0,0,0,53.888888888888886,0,0.0,0.0
Panama,Amir Murillo,354482,Right-Back,Ligue 1,25/26,16,20,2,2,988,55.00000000000001,4,0,0,0,54.888888888888886,0,8.695652173913043,10.256410256410255
Panama,Amir Murillo,354482,Right-Back,Coupe de France,25/26,1,3,0,2,90,33.33333333333333,0,0,0,0,33.33333333333333,0,11.11111111111111,13.333333333333334
Panama,Amir Murillo,354482,Right-Back,Trophée des Champions,25/26,1,1,0,0,13,0.0,0,0,0,0,14.444444444444443,0,0.0,0.0
Panama,César Blackman,440383,Right-Back,Niké Liga,25/26,18,22,2,5,1369,63.63636363636363,2,0,0,0,69.14141414141413,0,14.893617021276595,16.666666666666664
Panama,César Blackman,440383,Right-Back,Conference League,25/26,6,6,1,0,520,100.0,2,0,0,0,96.29629629629629,0,20.0,20.0
Panama,César Blackman,440383,Right-Back,Champions League Qu.,25/26,4,4,0,0,361,100.0,1,0,0,0,92.56410256410257,0,0.0,0.0
Panama,César Blackman,440383,Right-Back,Europa League Qualifying,25/26,2,2,0,0,160,100.0,0,0,0,0,88.88888888888889,0,0.0,0.0
Panama,César Blackman,440383,Right-Back,Niké Liga - Championship Group,25/26,9,10,0,2,808,90.0,2,0,0,0,89.77777777777777,0,13.333333333333334,15.384615384615385
Panama,César Blackman,440383,Right-Back,Slovnaft Cup,25/26,1,4,0,0,90,25.0,0,0,0,0,25.0,0,0.0,0.0
Panama,Cristian Martínez,419247,Defensive Midfield,Ligat ha'Al,25/26,25,26,4,0,1966,84.61538461538461,4,0,0,0,84.01709401709402,0,10.81081081081081,11.428571428571429
Panama,Cristian Martínez,419247,Defensive Midfield,Gvia haMedina,25/26,2,2,0,0,180,100.0,0,0,0,0,100.0,0,0.0,0.0
Panama,Cristian Martínez,419247,Defensive Midfield,Ligat ha'Al - Relegation round,25/26,6,7,0,1,471,85.71428571428571,0,0,0,0,74.76190476190476,0,7.6923076923076925,9.090909090909092
Panama,Carlos Harvey,628806,Defensive Midfield,MLS,2026,4,15,0,0,97,6.666666666666667,0,0,0,0,7.185185185185185,0,0.0,0.0
Panama,Carlos Harvey,628806,Defensive Midfield,US Open Cup,2026,1,2,0,0,120,50.0,0,0,0,0,57.14285714285714,0,0.0,0.0
Panama,Carlos Harvey,628806,Defensive Midfield,MLS Next Pro,2026,1,1,0,0,45,100.0,1,0,0,0,50.0,0,0.0,0.0
Panama,Aníbal Godoy,161671,Defensive Midfield,MLS,2026,14,15,0,1,797,66.66666666666666,3,0,0,0,59.03703703703703,0,3.3333333333333335,3.571428571428571
Panama,Aníbal Godoy,161671,Defensive Midfield,CONCACAF Champions Cup,25/26,3,4,0,0,239,75.0,2,0,0,0,66.38888888888889,0,0.0,0.0
Panama,Adalberto Carrasquilla,375300,Central Midfield,Liga MX Apertura,25/26,17,17,0,4,1253,82.35294117647058,5,0,0,0,81.89542483660131,0,16.666666666666664,16.666666666666664
Panama,Adalberto Carrasquilla,375300,Central Midfield,CONCACAF Champions Cup,25/26,2,2,0,1,78,50.0,0,0,0,0,43.333333333333336,0,50.0,50.0
Panama,Adalberto Carrasquilla,375300,Central Midfield,Liga MX Clausura,25/26,15,17,2,1,1173,76.47058823529412,5,0,0,0,76.66666666666667,0,8.823529411764707,10.714285714285714
Panama,Adalberto Carrasquilla,375300,Central Midfield,Liguilla Clausura,25/26,6,6,0,1,428,83.33333333333334,1,0,0,0,79.25925925925927,0,12.5,12.5
Panama,José Luis Rodríguez,425028,Left Winger,Liga MX Apertura,25/26,17,17,1,3,1288,88.23529411764706,4,0,0,0,84.18300653594771,0,14.814814814814813,14.814814814814813
Panama,José Luis Rodríguez,425028,Left Winger,Liga MX Clausura,25/26,16,17,2,4,1336,94.11764705882352,2,0,0,0,87.3202614379085,0,23.076923076923077,23.076923076923077
Panama,José Luis Rodríguez,425028,Left Winger,Liguilla Apertura,25/26,4,4,1,1,309,75.0,0,0,0,0,85.83333333333333,0,50.0,50.0
Panama,Ismael Díaz,243298,Left Winger,Liga MX Apertura,25/26,12,15,5,1,770,60.0,0,0,0,0,57.03703703703704,0,46.15384615384615,50.0
Panama,Ismael Díaz,243298,Left Winger,Liga MX Clausura,25/26,15,17,5,5,1162,76.47058823529412,0,0,0,0,75.94771241830065,0,45.45454545454545,45.45454545454545
Panama,Yoel Bárcenas,283473,Right Winger,Liga MX Apertura,25/26,13,17,0,0,857,52.94117647058824,1,0,0,0,56.01307189542484,0,0.0,0.0
Panama,Yoel Bárcenas,283473,Right Winger,Liga MX Clausura,25/26,17,17,3,1,1398,94.11764705882352,2,0,0,0,91.37254901960785,0,18.181818181818183,18.181818181818183
Panama,César Yanis,741098,Right Winger,Liga Primera,2026,11,15,0,2,744,60.0,0,0,0,0,55.111111111111114,0,11.76470588235294,14.285714285714285
Panama,César Yanis,741098,Right Winger,Copa de la Liga,2026,1,6,0,0,90,16.666666666666664,0,0,0,0,16.666666666666664,0,0.0,0.0
Panama,César Yanis,741098,Right Winger,Copa Sudamericana,2026,1,1,0,1,90,100.0,0,0,0,0,100.0,0,33.33333333333333,100.0
Panama,Alberto Quintero,126019,Right Winger,Liga Panameña Clausura,2026,13,16,3,2,1013,75.0,2,0,0,0,70.34722222222223,0,17.857142857142858,20.833333333333336
Panama,Alberto Quintero,126019,Right Winger,Central American Cup,25/26,7,8,2,1,580,87.5,0,0,0,0,80.55555555555556,0,20.0,23.076923076923077
Panama,Alberto Quintero,126019,Right Winger,LPF Clausura Playoff,2026,3,3,0,1,249,100.0,1,0,0,0,83.0,0,12.5,12.5
Panama,Tomás Rodríguez,569205,Centre-Forward,Primera División Clausura,25/26,18,18,5,0,1220,88.88888888888889,2,0,0,0,75.30864197530865,0,14.705882352941178,14.705882352941178
Panama,Tomás Rodríguez,569205,Centre-Forward,Copa de Costa Rica,25/26,3,5,1,1,47,0.0,1,0,0,0,10.444444444444445,0,10.526315789473683,13.333333333333334
Panama,Tomás Rodríguez,569205,Centre-Forward,Clausura Play-Off,25/26,4,4,1,0,336,100.0,1,0,0,0,93.33333333333333,0,20.0,20.0
Panama,Azarías Londoño,860998,Centre-Forward,LigaPro Serie A,2026,9,16,1,1,462,25.0,0,0,0,0,32.083333333333336,0,7.6923076923076925,10.526315789473683
Panama,Azarías Londoño,860998,Centre-Forward,Libertadores,2026,0,2,0,0,0,0.0,0,0,0,0,0.0,0,0.0,0.0
Panama,Azarías Londoño,860998,Centre-Forward,Supercopa Ecuador,2026,1,1,0,0,8,0.0,0,0,0,0,8.88888888888889,0,0.0,0.0
Panama,José Fajardo,546803,Centre-Forward,LigaPro Serie A,2026,15,16,3,1,927,62.5,3,0,0,0,64.375,0,15.384615384615385,15.384615384615385
Panama,José Fajardo,546803,Centre-Forward,Libertadores,2026,2,2,2,0,164,100.0,1,0,0,0,91.11111111111111,0,28.57142857142857,50.0
Panama,José Fajardo,546803,Centre-Forward,Supercopa Ecuador,2026,1,1,0,0,66,100.0,1,0,0,0,73.33333333333333,0,0.0,0.0
Panama,Cecilio Waterman,177064,Centre-Forward,Liga Primera,2026,11,15,3,1,965,73.33333333333333,0,1,0,0,71.48148148148148,0,30.76923076923077,40.0
Panama,Cecilio Waterman,177064,Centre-Forward,Copa de la Liga,2026,2,6,0,0,180,33.33333333333333,1,0,0,0,33.33333333333333,0,0.0,0.0
Paraguay,Orlando Gill,643259,Goalkeeper,Playoff Torneo Apertura,2026,1,1,0,0,120,100.0,0,0,0,2,100.0,0,0.0,0.0
Paraguay,Orlando Gill,643259,Goalkeeper,Copa Argentina,2026,1,1,0,0,90,100.0,0,0,1,0,100.0,0,0.0,0.0
Paraguay,Orlando Gill,643259,Goalkeeper,Torneo Apertura ,2026,14,16,0,0,1260,87.5,0,0,9,11,87.5,0,0.0,0.0
Paraguay,Orlando Gill,643259,Goalkeeper,Copa Sudamericana,2026,6,6,0,0,540,100.0,1,0,2,5,100.0,0,0.0,0.0
Paraguay,Gastón Olveira,301722,Goalkeeper,Primera División Apertura,2026,18,21,0,0,1530,85.71428571428571,2,0,9,11,80.95238095238095,0,0.0,0.0
Paraguay,Gastón Olveira,301722,Goalkeeper,Copa Sudamericana,2026,7,7,0,0,630,100.0,0,0,3,6,100.0,0,0.0,0.0
Paraguay,Roberto Fernández,107318,Goalkeeper,Primera División Apertura,2026,3,21,0,0,270,14.285714285714285,0,0,2,2,14.285714285714285,0,0.0,0.0
Paraguay,Roberto Fernández,107318,Goalkeeper,Libertadores,2026,0,6,0,0,0,0.0,0,0,0,0,0.0,0,0.0,0.0
Paraguay,Omar Alderete,353032,Centre-Back,Premier League,25/26,33,38,1,1,2802,84.21052631578947,6,0,0,0,81.9298245614035,0,4.761904761904762,5.405405405405405
Paraguay,Omar Alderete,353032,Centre-Back,FA Cup,25/26,1,3,0,0,90,33.33333333333333,0,0,0,0,30.0,0,0.0,0.0
Paraguay,Gustavo Gómez,215390,Centre-Back,Série A,2026,16,18,3,0,1430,88.88888888888889,0,0,0,0,88.27160493827161,0,10.0,10.344827586206897
Paraguay,Gustavo Gómez,215390,Centre-Back,Copa do Brasil,2026,1,2,0,0,45,50.0,0,0,0,0,25.0,0,0.0,0.0
Paraguay,Gustavo Gómez,215390,Centre-Back,Libertadores,2026,6,6,0,0,540,100.0,2,0,0,0,100.0,0,0.0,0.0
Paraguay,Gustavo Gómez,215390,Centre-Back,Campeonato Paulista,2026,10,12,0,0,855,83.33333333333334,2,0,0,0,79.16666666666666,0,0.0,0.0
Paraguay,José Canale,402627,Centre-Back,Libertadores,2026,6,6,0,0,532,100.0,2,0,0,0,98.51851851851852,0,0.0,0.0
Paraguay,José Canale,402627,Centre-Back,Playoff Torneo Apertura,2026,1,1,0,0,90,100.0,0,0,0,0,100.0,0,0.0,0.0
Paraguay,José Canale,402627,Centre-Back,Copa Argentina,2026,1,2,0,0,90,50.0,0,0,0,0,50.0,0,0.0,0.0
Paraguay,José Canale,402627,Centre-Back,Torneo Apertura ,2026,12,16,0,0,1080,75.0,1,0,0,0,75.0,0,0.0,0.0
Paraguay,José Canale,402627,Centre-Back,Recopa Sudamericana,2026,2,2,1,0,210,100.0,0,0,0,0,100.0,0,25.0,25.0
Paraguay,Júnior Alonso,273000,Centre-Back,Série A,2026,10,18,0,0,900,55.55555555555556,2,0,0,0,55.55555555555556,0,0.0,0.0
Paraguay,Júnior Alonso,273000,Centre-Back,Copa do Brasil,2026,0,2,0,0,0,0.0,0,0,0,0,0.0,0,0.0,0.0
Paraguay,Júnior Alonso,273000,Centre-Back,Campeonato Mineiro,2026,5,11,0,0,450,45.45454545454545,0,1,0,0,45.45454545454545,0,0.0,0.0
Paraguay,Júnior Alonso,273000,Centre-Back,Copa Sudamericana,2026,4,6,0,0,335,66.66666666666666,1,0,0,0,62.03703703703704,0,0.0,0.0
Paraguay,Fabián Balbuena,285548,Centre-Back,Série A,2026,7,18,0,0,585,38.88888888888889,0,0,0,0,36.11111111111111,0,0.0,0.0
Paraguay,Fabián Balbuena,285548,Centre-Back,Copa do Brasil,2026,1,2,0,0,1,0.0,0,0,0,0,0.5555555555555556,0,0.0,0.0
Paraguay,Fabián Balbuena,285548,Centre-Back,Copa Sudamericana,2026,3,6,0,0,234,33.33333333333333,0,0,0,0,43.333333333333336,0,0.0,0.0
Paraguay,Fabián Balbuena,285548,Centre-Back,Campeonato Gaúcho,2026,3,11,0,0,244,27.27272727272727,0,0,0,0,24.646464646464647,0,0.0,0.0
Paraguay,Gustavo Velázquez,389399,Centre-Back,Primera División Apertura,2026,11,21,0,0,900,52.38095238095239,2,0,0,0,47.61904761904761,0,0.0,0.0
Paraguay,Gustavo Velázquez,389399,Centre-Back,Libertadores,2026,6,6,0,0,539,100.0,1,0,0,0,99.81481481481481,0,0.0,0.0
Paraguay,Alexandro Maidana,1371519,Left-Back,Playoff Torneo Apertura,2026,1,1,0,0,78,100.0,0,1,0,0,86.66666666666667,0,0.0,0.0
Paraguay,Alexandro Maidana,1371519,Left-Back,Copa Argentina,2026,1,1,0,0,90,100.0,0,0,0,0,100.0,0,0.0,0.0
Paraguay,Alexandro Maidana,1371519,Left-Back,Torneo Apertura ,2026,8,8,2,0,645,87.5,2,0,0,0,89.58333333333334,0,22.22222222222222,22.22222222222222
Paraguay,Alexandro Maidana,1371519,Left-Back,Libertadores,2026,2,2,0,0,180,100.0,0,0,0,0,100.0,0,0.0,0.0
Paraguay,Alexandro Maidana,1371519,Left-Back,Primera División Apertura,2026,6,8,0,0,467,62.5,0,0,0,0,64.86111111111111,0,0.0,0.0
Paraguay,Juan José Cáceres,756494,Right-Back,Premier Liga,25/26,24,30,1,7,2064,76.66666666666667,8,0,0,0,76.44444444444444,0,15.686274509803921,20.51282051282051
Paraguay,Juan José Cáceres,756494,Right-Back,Russian Cup,25/26,7,12,0,1,585,58.333333333333336,1,0,0,0,54.166666666666664,0,3.3333333333333335,5.263157894736842
Paraguay,Andrés Cubas,323872,Defensive Midfield,MLS,2026,11,14,0,1,864,71.42857142857143,5,0,0,0,68.57142857142857,0,2.941176470588235,3.7037037037037033
Paraguay,Andrés Cubas,323872,Defensive Midfield,CONCACAF Champions Cup,25/26,3,4,0,0,122,50.0,2,0,0,0,33.88888888888889,0,0.0,0.0
Paraguay,Braian Ojeda,491596,Defensive Midfield,MLS,2026,15,15,0,1,1337,100.0,1,0,0,0,99.03703703703704,0,4.3478260869565215,4.3478260869565215
Paraguay,Braian Ojeda,491596,Defensive Midfield,US Open Cup,2026,3,3,0,3,215,100.0,0,0,0,0,79.62962962962963,0,33.33333333333333,33.33333333333333
Paraguay,Diego Gómez,996897,Central Midfield,Premier League,25/26,32,38,5,1,2139,68.42105263157895,9,0,0,0,62.5438596491228,0,11.538461538461538,13.953488372093023
Paraguay,Diego Gómez,996897,Central Midfield,FA Cup,25/26,2,2,0,0,139,100.0,1,0,0,0,77.22222222222223,0,0.0,0.0
Paraguay,Diego Gómez,996897,Central Midfield,EFL Cup,25/26,3,3,5,0,209,100.0,0,0,0,0,77.4074074074074,0,41.66666666666667,41.66666666666667
Paraguay,Damián Bobadilla,861852,Central Midfield,Série A,2026,14,18,0,2,1066,72.22222222222221,3,0,0,0,65.80246913580247,0,8.695652173913043,9.523809523809524
Paraguay,Damián Bobadilla,861852,Central Midfield,Copa do Brasil,2026,1,2,0,1,90,50.0,0,0,0,0,50.0,0,50.0,100.0
Paraguay,Damián Bobadilla,861852,Central Midfield,Campeonato Paulista,2026,9,10,2,1,646,70.0,1,0,0,0,71.77777777777777,0,21.428571428571427,25.0
Paraguay,Damián Bobadilla,861852,Central Midfield,Copa Sudamericana,2026,4,6,1,1,268,50.0,2,0,0,0,49.629629629629626,0,33.33333333333333,50.0
Paraguay,Matías Galarza,661269,Central Midfield,MLS,2026,10,12,0,0,667,66.66666666666666,2,0,0,0,61.75925925925926,0,0.0,0.0
Paraguay,Matías Galarza,661269,Central Midfield,US Open Cup,2026,3,3,0,0,180,66.66666666666666,0,0,0,0,66.66666666666666,0,0.0,0.0
Paraguay,Matías Galarza,661269,Central Midfield,Copa Argentina,2026,0,1,0,0,0,0.0,0,0,0,0,0.0,0,0.0,0.0
Paraguay,Matías Galarza,661269,Central Midfield,Torneo Apertura ,2026,0,7,0,0,0,0.0,0,0,0,0,0.0,0,0.0,0.0
Paraguay,Julio Enciso,660867,Attacking Midfield,Ligue 1,25/26,27,31,3,6,1893,70.96774193548387,2,0,0,0,67.84946236559139,0,16.666666666666664,18.367346938775512
Paraguay,Julio Enciso,660867,Attacking Midfield,Conference League,25/26,10,12,3,3,690,66.66666666666666,0,0,0,0,63.888888888888886,0,33.33333333333333,37.5
Paraguay,Julio Enciso,660867,Attacking Midfield,Coupe de France,25/26,5,5,6,0,384,80.0,0,0,0,0,85.33333333333334,0,46.15384615384615,46.15384615384615
Paraguay,Mauricio,678439,Attacking Midfield,Série A,2026,15,18,1,1,943,61.111111111111114,1,0,0,0,58.20987654320988,0,6.666666666666667,7.142857142857142
Paraguay,Mauricio,678439,Attacking Midfield,Copa do Brasil,2026,2,2,1,0,137,100.0,0,0,0,0,76.11111111111111,0,14.285714285714285,14.285714285714285
Paraguay,Mauricio,678439,Attacking Midfield,Libertadores,2026,4,6,0,0,107,16.666666666666664,0,0,0,0,19.814814814814817,0,0.0,0.0
Paraguay,Mauricio,678439,Attacking Midfield,Campeonato Paulista,2026,9,12,2,1,710,75.0,2,0,0,0,65.74074074074075,0,17.647058823529413,18.75
Paraguay,Kaku,355817,Attacking Midfield,UAE Pro League,25/26,22,26,4,7,1836,80.76923076923077,3,1,0,0,78.46153846153847,0,17.741935483870968,23.91304347826087
Paraguay,Kaku,355817,Attacking Midfield,UAE President's Cup,25/26,3,4,0,2,180,50.0,0,0,0,0,46.15384615384615,0,12.5,15.384615384615385
Paraguay,Kaku,355817,Attacking Midfield,UAE League Cup,25/26,5,7,0,1,434,71.42857142857143,0,1,0,0,68.88888888888889,0,6.25,12.5
Paraguay,Gustavo Caballero,891672,Left Winger,Championship,25/26,12,18,1,0,761,50.0,1,0,0,0,46.97530864197531,0,4.545454545454546,7.142857142857142
Paraguay,Gustavo Caballero,891672,Left Winger,Série A,2026,1,1,0,0,45,100.0,0,0,0,0,50.0,0,0.0,0.0
Paraguay,Gustavo Caballero,891672,Left Winger,Campeonato Paulista,2026,1,6,0,0,45,16.666666666666664,0,0,0,0,8.333333333333332,0,0.0,0.0
Paraguay,Miguel Almirón,272999,Right Winger,MLS,2026,8,14,0,3,658,50.0,0,0,0,0,52.22222222222223,0,21.428571428571427,50.0
Paraguay,Miguel Almirón,272999,Right Winger,US Open Cup,2026,1,3,0,0,26,0.0,0,0,0,0,9.62962962962963,0,0.0,0.0
Paraguay,Ramón Sosa,745191,Second Striker,Série A,2026,15,18,2,1,685,38.88888888888889,2,0,0,0,42.28395061728395,0,10.0,11.538461538461538
Paraguay,Ramón Sosa,745191,Second Striker,Copa do Brasil,2026,1,2,2,0,68,50.0,0,0,0,0,37.77777777777778,0,28.57142857142857,28.57142857142857
Paraguay,Ramón Sosa,745191,Second Striker,Libertadores,2026,4,6,2,0,267,50.0,0,0,0,0,49.44444444444444,0,20.0,20.0
Paraguay,Ramón Sosa,745191,Second Striker,Campeonato Paulista,2026,10,12,1,4,473,41.66666666666667,2,0,0,0,43.7962962962963,0,29.411764705882355,31.25
Paraguay,Isidro Pitta,675178,Centre-Forward,Série A,2026,17,18,5,2,1144,72.22222222222221,2,0,0,0,70.61728395061728,0,28.000000000000004,29.166666666666668
Paraguay,Isidro Pitta,675178,Centre-Forward,Copa do Brasil,2026,2,2,0,1,180,100.0,0,0,0,0,100.0,0,50.0,50.0
Paraguay,Isidro Pitta,675178,Centre-Forward,Campeonato Paulista,2026,3,9,1,1,185,22.22222222222222,1,1,0,0,22.839506172839506,0,13.333333333333334,40.0
Paraguay,Isidro Pitta,675178,Centre-Forward,Copa Sudamericana,2026,6,6,3,1,319,50.0,1,0,0,0,59.074074074074076,0,33.33333333333333,33.33333333333333
Paraguay,Álex Arce,970518,Centre-Forward,Libertadores,2026,5,6,8,0,402,83.33333333333334,0,0,0,0,74.44444444444444,0,53.333333333333336,66.66666666666666
Paraguay,Álex Arce,970518,Centre-Forward,Playoff Torneo Apertura,2026,1,1,0,0,90,100.0,0,0,0,0,100.0,0,0.0,0.0
Paraguay,Álex Arce,970518,Centre-Forward,Copa Argentina,2026,1,1,1,0,90,100.0,0,0,0,0,100.0,0,50.0,50.0
Paraguay,Álex Arce,970518,Centre-Forward,Torneo Apertura ,2026,9,16,2,0,386,18.75,1,0,0,0,26.805555555555554,0,6.896551724137931,10.526315789473683
Paraguay,Antonio Sanabria,234523,Centre-Forward,Serie A,25/26,25,38,1,1,940,26.31578947368421,2,0,0,0,27.485380116959064,0,6.25,7.6923076923076925
Paraguay,Gabriel Ávalos,358418,Centre-Forward,Playoff Torneo Apertura,2026,1,1,1,0,90,100.0,0,0,0,0,100.0,0,100.0,100.0
Paraguay,Gabriel Ávalos,358418,Centre-Forward,Copa Argentina,2026,1,2,0,0,72,50.0,0,0,0,0,40.0,0,0.0,0.0
Paraguay,Gabriel Ávalos,358418,Centre-Forward,Torneo Apertura ,2026,16,16,9,5,1420,100.0,2,0,0,0,98.61111111111111,0,58.333333333333336,58.333333333333336
Portugal,Diogo Costa,357153,Goalkeeper,Liga Portugal,25/26,33,34,0,0,2907,97.05882352941177,3,0,21,15,95.0,0,0.0,0.0
Portugal,Diogo Costa,357153,Goalkeeper,Europa League,25/26,12,12,0,0,1080,100.0,0,0,3,10,100.0,0,0.0,0.0
Portugal,Diogo Costa,357153,Goalkeeper,Taça de Portugal,25/26,4,6,0,0,360,66.66666666666666,0,0,2,2,66.66666666666666,0,0.0,0.0
Portugal,Rui Silva,234811,Goalkeeper,Liga Portugal,25/26,32,34,0,0,2880,94.11764705882352,4,0,14,23,94.11764705882352,0,0.0,0.0
Portugal,Rui Silva,234811,Goalkeeper,UEFA Champions League,25/26,11,12,0,0,1020,91.66666666666666,0,0,3,14,91.8918918918919,0,0.0,0.0
Portugal,Rui Silva,234811,Goalkeeper,Allianz Cup,25/26,1,2,0,0,90,50.0,0,0,0,2,50.0,0,0.0,0.0
Portugal,Rui Silva,234811,Goalkeeper,Taça de Portugal,25/26,3,7,0,0,300,42.857142857142854,1,0,2,2,40.0,0,0.0,0.0
Portugal,Rui Silva,234811,Goalkeeper,Portuguese Supercup,25/26,1,1,0,0,90,100.0,0,0,0,1,100.0,0,0.0,0.0
Portugal,José Sá,249994,Goalkeeper,Premier League,25/26,23,38,0,0,2070,60.526315789473685,2,0,4,37,60.526315789473685,0,0.0,0.0
Portugal,José Sá,249994,Goalkeeper,EFL Cup,25/26,1,3,0,0,90,33.33333333333333,0,0,0,4,33.33333333333333,0,0.0,0.0
Portugal,Rúben Dias,258004,Centre-Back,Premier League,25/26,26,38,2,0,2140,63.1578947368421,3,0,0,0,62.57309941520468,0,2.5974025974025974,3.1746031746031744
Portugal,Rúben Dias,258004,Centre-Back,UEFA Champions League,25/26,7,10,0,0,506,60.0,1,0,0,0,56.222222222222214,0,0.0,0.0
Portugal,Rúben Dias,258004,Centre-Back,FA Cup,25/26,0,6,0,0,0,0.0,0,0,0,0,0.0,0,0.0,0.0
Portugal,Rúben Dias,258004,Centre-Back,EFL Cup,25/26,0,6,0,0,0,0.0,0,0,0,0,0.0,0,0.0,0.0
Portugal,Gonçalo Inácio,549006,Centre-Back,Liga Portugal,25/26,29,34,2,3,2506,85.29411764705883,4,1,0,0,81.89542483660131,0,5.617977528089887,5.88235294117647
Portugal,Gonçalo Inácio,549006,Centre-Back,UEFA Champions League,25/26,11,12,1,0,956,91.66666666666666,0,0,0,0,86.12612612612612,0,4.545454545454546,4.545454545454546
Portugal,Gonçalo Inácio,549006,Centre-Back,Taça de Portugal,25/26,5,7,0,0,455,71.42857142857143,1,0,0,0,60.66666666666667,0,0.0,0.0
Portugal,Gonçalo Inácio,549006,Centre-Back,Portuguese Supercup,25/26,1,1,0,0,90,100.0,0,0,0,0,100.0,0,0.0,0.0
Portugal,Tomás Araújo,504087,Centre-Back,Liga Portugal,25/26,23,34,1,2,1684,55.88235294117647,3,0,0,0,55.032679738562095,0,4.054054054054054,4.6875
Portugal,Tomás Araújo,504087,Centre-Back,UEFA Champions League,25/26,9,10,0,0,656,70.0,0,0,0,0,72.88888888888889,0,0.0,0.0
Portugal,Tomás Araújo,504087,Centre-Back,Champions League Qu.,25/26,0,4,0,0,0,0.0,0,0,0,0,0.0,0,0.0,0.0
Portugal,Tomás Araújo,504087,Centre-Back,Allianz Cup,25/26,2,2,0,0,95,50.0,0,0,0,0,52.77777777777778,0,0.0,0.0
Portugal,Tomás Araújo,504087,Centre-Back,Taça de Portugal,25/26,4,4,0,0,315,100.0,1,0,0,0,87.5,0,0.0,0.0
Portugal,Tomás Araújo,504087,Centre-Back,Liga Portugal 2,25/26,1,1,0,0,45,100.0,1,0,0,0,50.0,0,0.0,0.0
Portugal,Renato Veiga,805714,Centre-Back,LaLiga,25/26,32,37,0,0,2478,72.97297297297297,5,1,0,0,74.41441441441441,0,0.0,0.0
Portugal,Renato Veiga,805714,Centre-Back,UEFA Champions League,25/26,8,8,1,0,720,100.0,2,0,0,0,100.0,0,20.0,20.0
Portugal,Renato Veiga,805714,Centre-Back,Copa del Rey,25/26,2,3,0,0,154,33.33333333333333,0,0,0,0,51.33333333333333,0,0.0,0.0
Portugal,Nuno Mendes,616341,Left-Back,Ligue 1,25/26,20,34,4,5,1250,38.23529411764706,1,0,0,0,40.849673202614376,0,12.162162162162163,16.363636363636363
Portugal,Nuno Mendes,616341,Left-Back,UEFA Champions League,25/26,17,17,2,2,1403,100.0,4,0,0,0,89.93589743589745,0,8.16326530612245,8.88888888888889
Portugal,Nuno Mendes,616341,Left-Back,UEFA Super Cup,25/26,1,1,0,0,90,100.0,0,0,0,0,100.0,0,0.0,0.0
Portugal,Nuno Mendes,616341,Left-Back,FIFA Intercontinental Cup,25/26,1,1,0,0,120,100.0,0,0,0,0,100.0,0,0.0,0.0
Portugal,Nuno Mendes,616341,Left-Back,Coupe de France,25/26,1,2,0,0,26,0.0,0,0,0,0,14.444444444444443,0,0.0,0.0
Portugal,Nuno Mendes,616341,Left-Back,Trophée des Champions,25/26,1,1,0,0,90,100.0,0,0,0,0,100.0,0,0.0,0.0
Portugal,Matheus Nunes,601883,Right-Back,Premier League,25/26,34,38,1,7,2865,84.21052631578947,5,0,0,0,83.77192982456141,0,10.38961038961039,10.38961038961039
Portugal,Matheus Nunes,601883,Right-Back,UEFA Champions League,25/26,6,10,0,0,434,50.0,0,0,0,0,48.22222222222222,0,0.0,0.0
Portugal,Matheus Nunes,601883,Right-Back,FA Cup,25/26,4,6,0,1,360,66.66666666666666,0,0,0,0,66.66666666666666,0,4.545454545454546,4.545454545454546
Portugal,Matheus Nunes,601883,Right-Back,EFL Cup,25/26,5,6,0,1,356,66.66666666666666,3,0,0,0,65.92592592592592,0,7.142857142857142,7.142857142857142
Portugal,Diogo Dalot,357147,Right-Back,Premier League,25/26,34,38,1,3,2616,76.31578947368422,5,0,0,0,76.49122807017544,0,5.797101449275362,6.25
Portugal,Diogo Dalot,357147,Right-Back,FA Cup,25/26,1,1,0,0,90,100.0,0,0,0,0,100.0,0,0.0,0.0
Portugal,Diogo Dalot,357147,Right-Back,EFL Cup,25/26,1,1,0,0,90,100.0,0,0,0,0,100.0,0,0.0,0.0
Portugal,João Cancelo,182712,Right-Back,LaLiga,25/26,16,19,2,3,953,57.89473684210527,1,0,0,0,55.73099415204679,0,11.904761904761903,11.904761904761903
Portugal,João Cancelo,182712,Right-Back,UEFA Champions League,25/26,4,6,0,0,331,66.66666666666666,1,0,0,0,61.29629629629629,0,0.0,0.0
Portugal,João Cancelo,182712,Right-Back,Copa del Rey,25/26,3,4,0,1,148,50.0,2,0,0,0,41.11111111111111,0,14.285714285714285,14.285714285714285
Portugal,João Cancelo,182712,Right-Back,Saudi Pro League,25/26,2,14,0,0,175,14.285714285714285,0,0,0,0,13.88888888888889,0,0.0,0.0
Portugal,João Cancelo,182712,Right-Back,AFC Champions League,25/26,4,6,1,2,294,66.66666666666666,1,0,0,0,54.44444444444444,0,20.0,33.33333333333333
Portugal,Nélson Semedo,231572,Right-Back,Süper Lig,25/26,26,34,1,3,1943,73.52941176470588,8,0,0,0,63.49673202614379,0,5.194805194805195,7.4074074074074066
Portugal,Nélson Semedo,231572,Right-Back,Europa League,25/26,9,10,0,0,731,80.0,2,0,0,0,81.22222222222221,0,0.0,0.0
Portugal,Nélson Semedo,231572,Right-Back,Champions League Qu.,25/26,4,4,0,0,229,75.0,0,0,0,0,63.61111111111111,0,0.0,0.0
Portugal,Nélson Semedo,231572,Right-Back,Türkiye Kupasi,25/26,1,5,0,0,120,20.0,1,0,0,0,25.0,0,0.0,0.0
Portugal,Vitinha,487469,Defensive Midfield,Ligue 1,25/26,29,34,1,7,2121,70.58823529411765,2,0,0,0,69.31372549019608,0,10.81081081081081,12.121212121212121
Portugal,Vitinha,487469,Defensive Midfield,UEFA Champions League,25/26,17,17,6,1,1545,100.0,0,0,0,0,99.03846153846155,0,14.285714285714285,15.555555555555555
Portugal,Vitinha,487469,Defensive Midfield,UEFA Super Cup,25/26,1,1,0,1,90,100.0,0,0,0,0,100.0,0,16.666666666666664,50.0
Portugal,Vitinha,487469,Defensive Midfield,FIFA Intercontinental Cup,25/26,1,1,0,0,120,100.0,1,0,0,0,100.0,0,0.0,0.0
Portugal,Vitinha,487469,Defensive Midfield,Coupe de France,25/26,1,2,0,0,90,50.0,0,0,0,0,50.0,0,0.0,0.0
Portugal,Vitinha,487469,Defensive Midfield,Trophée des Champions,25/26,1,1,0,1,90,100.0,0,0,0,0,100.0,0,16.666666666666664,50.0
Portugal,Rúben Neves,225161,Defensive Midfield,Saudi Pro League,25/26,31,34,11,7,2751,91.17647058823529,4,0,0,0,89.90196078431373,0,21.176470588235293,23.376623376623375
Portugal,Rúben Neves,225161,Defensive Midfield,AFC Champions League,25/26,8,9,0,3,657,77.77777777777779,1,0,0,0,78.21428571428571,0,13.636363636363635,15.0
Portugal,Rúben Neves,225161,Defensive Midfield,King's Cup,25/26,4,5,1,0,310,60.0,1,0,0,0,64.58333333333334,0,7.6923076923076925,12.5
Portugal,Samú Costa,657430,Defensive Midfield,LaLiga,25/26,34,38,7,2,2707,81.57894736842105,11,0,0,0,79.15204678362574,0,19.148936170212767,21.428571428571427
Portugal,Samú Costa,657430,Defensive Midfield,Copa del Rey,25/26,2,3,0,0,103,33.33333333333333,0,0,0,0,38.148148148148145,0,0.0,0.0
Portugal,João Neves,670681,Central Midfield,Ligue 1,25/26,21,34,5,1,1286,38.23529411764706,0,0,0,0,42.02614379084967,0,8.108108108108109,11.11111111111111
Portugal,João Neves,670681,Central Midfield,UEFA Champions League,25/26,14,17,2,3,1144,76.47058823529412,1,0,0,0,73.33333333333333,0,10.204081632653061,13.513513513513514
Portugal,João Neves,670681,Central Midfield,FIFA Intercontinental Cup,25/26,1,1,0,0,120,100.0,0,0,0,0,100.0,0,0.0,0.0
Portugal,João Neves,670681,Central Midfield,Coupe de France,25/26,1,2,0,0,61,0.0,0,0,0,0,33.88888888888889,0,0.0,0.0
Portugal,João Neves,670681,Central Midfield,Trophée des Champions,25/26,1,1,0,0,90,100.0,0,0,0,0,100.0,0,0.0,0.0
Portugal,Francisco Trincão,412669,Attacking Midfield,Liga Portugal,25/26,34,34,7,13,2857,94.11764705882352,1,0,0,0,93.36601307189542,0,22.47191011235955,22.47191011235955
Portugal,Francisco Trincão,412669,Attacking Midfield,UEFA Champions League,25/26,11,12,4,3,957,91.66666666666666,0,0,0,0,86.21621621621621,0,31.818181818181817,33.33333333333333
Portugal,Francisco Trincão,412669,Attacking Midfield,Allianz Cup,25/26,1,2,0,1,90,50.0,0,0,0,0,50.0,0,16.666666666666664,100.0
Portugal,Francisco Trincão,412669,Attacking Midfield,Taça de Portugal,25/26,7,7,2,1,609,85.71428571428571,0,0,0,0,81.2,0,21.428571428571427,21.428571428571427
Portugal,Francisco Trincão,412669,Attacking Midfield,Portuguese Supercup,25/26,1,1,0,0,90,100.0,0,0,0,0,100.0,0,0.0,0.0
Portugal,Bruno Fernandes,240306,Attacking Midfield,Premier League,25/26,35,38,9,21,3068,92.10526315789474,5,0,0,0,89.70760233918129,0,43.47826086956522,45.45454545454545
Portugal,Bruno Fernandes,240306,Attacking Midfield,FA Cup,25/26,1,1,0,1,90,100.0,0,0,0,0,100.0,0,100.0,100.0
Portugal,Bruno Fernandes,240306,Attacking Midfield,EFL Cup,25/26,1,1,0,0,45,0.0,0,0,0,0,50.0,0,0.0,0.0
Portugal,Bernardo Silva,241641,Attacking Midfield,Premier League,25/26,38,38,2,4,2888,89.47368421052632,9,0,0,0,84.44444444444444,0,7.792207792207792,7.792207792207792
Portugal,Bernardo Silva,241641,Attacking Midfield,UEFA Champions League,25/26,8,10,1,0,551,70.0,3,1,0,0,61.22222222222222,0,6.25,6.666666666666667
Portugal,Bernardo Silva,241641,Attacking Midfield,FA Cup,25/26,4,6,0,0,211,33.33333333333333,1,0,0,0,39.07407407407407,0,0.0,0.0
Portugal,Bernardo Silva,241641,Attacking Midfield,EFL Cup,25/26,3,6,0,1,204,33.33333333333333,1,0,0,0,37.77777777777778,0,7.142857142857142,12.5
Portugal,Rafael Leão,357164,Left Winger,Serie A,25/26,29,38,9,3,1861,60.526315789473685,5,0,0,0,54.41520467836257,0,22.641509433962266,33.33333333333333
Portugal,Rafael Leão,357164,Left Winger,Italy Cup,25/26,2,3,1,0,107,66.66666666666666,0,0,0,0,39.62962962962963,0,20.0,50.0
Portugal,Gonçalo Guedes,225122,Left Winger,LaLiga,25/26,32,38,8,4,1832,57.89473684210527,3,0,0,0,53.567251461988306,0,20.33898305084746,23.076923076923077
Portugal,Gonçalo Guedes,225122,Left Winger,Copa del Rey,25/26,7,8,1,4,497,62.5,2,0,0,0,63.717948717948715,0,20.833333333333336,31.25
Portugal,Pedro Neto,487465,Right Winger,Premier League,25/26,34,38,5,6,2643,78.94736842105263,2,0,0,0,77.28070175438596,1,18.96551724137931,21.153846153846153
Portugal,Pedro Neto,487465,Right Winger,UEFA Champions League,25/26,8,10,0,1,614,80.0,1,0,0,0,68.22222222222221,0,5.263157894736842,5.88235294117647
Portugal,Pedro Neto,487465,Right Winger,FA Cup,25/26,6,6,4,2,362,66.66666666666666,2,0,0,0,63.50877192982456,0,28.57142857142857,28.57142857142857
Portugal,Pedro Neto,487465,Right Winger,EFL Cup,25/26,4,5,1,1,148,20.0,1,0,0,0,32.88888888888889,0,18.181818181818183,18.181818181818183
Portugal,Francisco Conceição,487474,Right Winger,Serie A,25/26,31,38,3,5,2098,71.05263157894737,3,0,0,0,61.34502923976608,0,13.114754098360656,17.391304347826086
Portugal,Francisco Conceição,487474,Right Winger,UEFA Champions League,25/26,9,10,1,0,500,50.0,1,0,0,0,53.76344086021505,0,5.263157894736842,5.263157894736842
Portugal,Francisco Conceição,487474,Right Winger,Italy Cup,25/26,2,2,0,0,96,50.0,0,0,0,0,53.333333333333336,0,0.0,0.0
Portugal,João Félix,462250,Second Striker,Saudi Pro League,25/26,33,34,20,14,2912,97.05882352941177,7,0,0,0,95.16339869281045,0,37.362637362637365,39.53488372093023
Portugal,João Félix,462250,Second Striker,AFC Champions League Two,25/26,10,11,4,4,595,63.63636363636363,0,0,0,0,60.1010101010101,0,24.242424242424242,25.0
Portugal,João Félix,462250,Second Striker,King's Cup,25/26,2,2,1,1,94,50.0,0,0,0,0,52.22222222222223,0,40.0,40.0
Portugal,João Félix,462250,Second Striker,Saudi Super Cup,25/26,2,2,1,0,180,100.0,0,0,0,0,100.0,0,14.285714285714285,25.0
Portugal,Gonçalo Ramos,550550,Centre-Forward,Ligue 1,25/26,30,34,6,1,1309,38.23529411764706,2,0,0,0,42.77777777777778,1,9.45945945945946,9.722222222222223
Portugal,Gonçalo Ramos,550550,Centre-Forward,UEFA Champions League,25/26,11,17,2,0,201,0.0,0,0,0,0,12.884615384615383,0,4.081632653061225,4.444444444444445
Portugal,Gonçalo Ramos,550550,Centre-Forward,UEFA Super Cup,25/26,1,1,1,0,13,0.0,0,0,0,0,14.444444444444443,0,16.666666666666664,50.0
Portugal,Gonçalo Ramos,550550,Centre-Forward,FIFA Intercontinental Cup,25/26,0,1,0,0,0,0.0,0,0,0,0,0.0,0,0.0,0.0
Portugal,Gonçalo Ramos,550550,Centre-Forward,Coupe de France,25/26,2,2,2,1,180,100.0,0,0,0,0,100.0,0,75.0,75.0
Portugal,Gonçalo Ramos,550550,Centre-Forward,Trophée des Champions,25/26,1,1,1,0,1,0.0,0,0,0,0,1.1111111111111112,0,16.666666666666664,50.0
Portugal,Cristiano Ronaldo,8198,Centre-Forward,Saudi Pro League,25/26,30,34,28,3,2614,88.23529411764706,2,0,0,0,85.42483660130719,0,34.065934065934066,37.80487804878049
Portugal,Cristiano Ronaldo,8198,Centre-Forward,AFC Champions League Two,25/26,4,11,1,1,280,36.36363636363637,0,0,0,0,28.28282828282828,0,6.0606060606060606,14.285714285714285
Portugal,Cristiano Ronaldo,8198,Centre-Forward,King's Cup,25/26,1,2,0,0,90,50.0,0,0,0,0,50.0,0,0.0,0.0
Portugal,Cristiano Ronaldo,8198,Centre-Forward,Saudi Super Cup,25/26,2,2,1,1,180,100.0,0,0,0,0,100.0,0,28.57142857142857,50.0
Qatar,Meshaal Barsham,560423,Goalkeeper,Stars League,25/26,20,22,0,0,1800,90.9090909090909,1,0,6,26,90.9090909090909,0,0.0,0.0
Qatar,Meshaal Barsham,560423,Goalkeeper,AFC Champions League,25/26,10,10,0,0,960,100.0,0,0,1,22,100.0,0,0.0,0.0
Qatar,Meshaal Barsham,560423,Goalkeeper,Amir Cup,25/26,3,4,0,0,270,75.0,0,0,0,9,75.0,0,0.0,0.0
Qatar,Mahmoud Abunada,669629,Goalkeeper,Stars League,25/26,20,22,0,0,1800,90.9090909090909,2,0,5,27,90.9090909090909,0,0.0,0.0
Qatar,Mahmoud Abunada,669629,Goalkeeper,Amir Cup,25/26,2,2,0,0,180,100.0,0,0,1,3,100.0,0,0.0,0.0
Qatar,Mahmoud Abunada,669629,Goalkeeper,QSL Cup,25/26,1,13,0,0,90,7.6923076923076925,0,0,1,0,7.6923076923076925,0,0.0,0.0
Qatar,Salah Zakaria,632912,Goalkeeper,Stars League,25/26,14,22,0,1,1205,63.63636363636363,1,1,3,17,60.858585858585855,0,2.5,4.166666666666666
Qatar,Salah Zakaria,632912,Goalkeeper,AFC CL Elite Qualif.,25/26,1,1,0,0,90,100.0,0,0,0,2,100.0,0,0.0,0.0
Qatar,Salah Zakaria,632912,Goalkeeper,AFC Champions League,25/26,4,9,0,0,390,44.44444444444444,2,0,0,7,46.42857142857143,0,0.0,0.0
Qatar,Salah Zakaria,632912,Goalkeeper,Amir Cup,25/26,3,3,0,0,270,100.0,0,0,2,4,100.0,0,0.0,0.0
Qatar,Lucas Mendes,83983,Centre-Back,Stars League,25/26,17,22,1,1,1472,77.27272727272727,3,0,0,0,74.34343434343434,0,5.555555555555555,6.666666666666667
Qatar,Lucas Mendes,83983,Centre-Back,Amir Cup,25/26,3,3,1,0,270,100.0,0,0,0,0,100.0,0,14.285714285714285,20.0
Qatar,Lucas Mendes,83983,Centre-Back,QSL Cup,25/26,1,10,0,1,90,10.0,0,0,0,0,10.0,0,5.88235294117647,100.0
Qatar,Al-Hashmi Al-Hussain,943150,Centre-Back,Stars League,25/26,11,22,0,0,698,40.909090909090914,3,1,0,0,35.25252525252525,0,0.0,0.0
Qatar,Al-Hashmi Al-Hussain,943150,Centre-Back,Amir Cup,25/26,2,2,1,0,147,100.0,0,0,0,0,81.66666666666667,0,50.0,50.0
Qatar,Al-Hashmi Al-Hussain,943150,Centre-Back,QSL Cup,25/26,2,13,0,0,72,7.6923076923076925,0,0,0,0,6.153846153846154,0,0.0,0.0
Qatar,Issa Laye,1264176,Centre-Back,Stars League,25/26,12,22,0,1,869,40.909090909090914,1,1,0,0,43.888888888888886,0,2.7027027027027026,4.166666666666666
Qatar,Issa Laye,1264176,Centre-Back,Amir Cup,25/26,1,2,0,0,20,0.0,0,0,0,0,11.11111111111111,0,0.0,0.0
Qatar,Boualem Khoukhi,222669,Centre-Back,Stars League,25/26,18,22,1,0,1451,72.72727272727273,3,0,0,0,73.28282828282828,0,1.7857142857142856,1.7857142857142856
Qatar,Boualem Khoukhi,222669,Centre-Back,AFC Champions League,25/26,7,10,0,0,663,70.0,0,0,0,0,69.0625,0,0.0,0.0
Qatar,Boualem Khoukhi,222669,Centre-Back,Amir Cup,25/26,3,4,0,0,270,75.0,0,0,0,0,75.0,0,0.0,0.0
Qatar,Pedro Miguel,228727,Centre-Back,Stars League,25/26,18,22,2,3,1476,77.27272727272727,7,0,0,0,74.54545454545455,0,8.928571428571429,12.195121951219512
Qatar,Pedro Miguel,228727,Centre-Back,AFC Champions League,25/26,8,10,0,1,672,80.0,2,0,0,0,70.0,0,3.8461538461538463,5.88235294117647
Qatar,Pedro Miguel,228727,Centre-Back,Amir Cup,25/26,3,4,0,0,270,75.0,1,0,0,0,75.0,0,0.0,0.0
Qatar,Pedro Miguel,228727,Centre-Back,QSL Cup,25/26,1,10,0,0,45,10.0,1,0,0,0,5.0,0,0.0,0.0
Qatar,Homam Al-Amin,556713,Left-Back,LaLiga2,25/26,14,21,0,0,683,42.857142857142854,2,0,0,0,36.13756613756613,0,0.0,0.0
Qatar,Homam Al-Amin,556713,Left-Back,AFC CL Elite Qualif.,25/26,1,1,0,0,90,100.0,0,0,0,0,100.0,0,0.0,0.0
Qatar,Homam Al-Amin,556713,Left-Back,AFC Champions League,25/26,6,6,0,0,303,50.0,1,0,0,0,56.111111111111114,0,0.0,0.0
Qatar,Homam Al-Amin,556713,Left-Back,QSL Cup,25/26,1,9,0,0,90,11.11111111111111,0,0,0,0,11.11111111111111,0,0.0,0.0
Qatar,Homam Al-Amin,556713,Left-Back,Stars League,25/26,9,12,0,0,448,33.33333333333333,1,0,0,0,41.48148148148148,0,0.0,0.0
Qatar,Sultan Al-Brake,336665,Left-Back,Stars League,25/26,18,22,1,2,1435,77.27272727272727,3,0,0,0,72.47474747474747,0,7.5,8.823529411764707
Qatar,Sultan Al-Brake,336665,Left-Back,AFC Champions League,25/26,8,9,0,0,653,77.77777777777779,1,0,0,0,77.73809523809524,0,0.0,0.0
Qatar,Sultan Al-Brake,336665,Left-Back,Amir Cup,25/26,3,3,0,1,270,100.0,0,0,0,0,100.0,0,14.285714285714285,14.285714285714285
Qatar,Sultan Al-Brake,336665,Left-Back,QSL Cup,25/26,1,10,0,0,60,10.0,0,0,0,0,6.666666666666667,0,0.0,0.0
Qatar,Ayoub Al-Oui,1054631,Right-Back,Stars League,25/26,19,22,1,0,1682,86.36363636363636,5,0,0,0,84.94949494949495,0,2.7777777777777777,3.3333333333333335
Qatar,Ayoub Al-Oui,1054631,Right-Back,AFC Champions League,25/26,7,8,1,0,485,62.5,1,0,0,0,67.36111111111111,0,14.285714285714285,14.285714285714285
Qatar,Ayoub Al-Oui,1054631,Right-Back,Amir Cup,25/26,4,4,0,0,360,100.0,0,0,0,0,100.0,0,0.0,0.0
Qatar,Jassem Gaber,735813,Defensive Midfield,Stars League,25/26,15,22,0,0,700,40.909090909090914,3,0,0,0,35.35353535353536,0,0.0,0.0
Qatar,Jassem Gaber,735813,Defensive Midfield,Amir Cup,25/26,2,2,0,0,152,100.0,1,0,0,0,84.44444444444444,0,0.0,0.0
Qatar,Jassem Gaber,735813,Defensive Midfield,QSL Cup,25/26,5,13,0,0,338,30.76923076923077,1,0,0,0,28.888888888888886,0,0.0,0.0
Qatar,Assim Madibo,336667,Defensive Midfield,Stars League,25/26,13,22,0,0,1089,59.09090909090909,8,0,0,0,55.00000000000001,0,0.0,0.0
Qatar,Assim Madibo,336667,Defensive Midfield,Amir Cup,25/26,2,3,0,0,171,66.66666666666666,2,0,0,0,63.33333333333333,0,0.0,0.0
Qatar,Ahmed Fathi,251183,Defensive Midfield,Stars League,25/26,19,22,0,1,1578,77.27272727272727,8,0,0,0,79.6969696969697,0,2.7027027027027026,2.857142857142857
Qatar,Ahmed Fathi,251183,Defensive Midfield,Amir Cup,25/26,2,2,0,0,180,100.0,0,0,0,0,100.0,0,0.0,0.0
Qatar,Karim Boudiaf,222385,Defensive Midfield,Stars League,25/26,12,22,1,0,738,36.36363636363637,2,0,0,0,37.27272727272727,0,2.5,5.263157894736842
Qatar,Karim Boudiaf,222385,Defensive Midfield,AFC CL Elite Qualif.,25/26,1,1,0,0,90,100.0,0,0,0,0,100.0,0,0.0,0.0
Qatar,Karim Boudiaf,222385,Defensive Midfield,AFC Champions League,25/26,4,9,0,0,165,22.22222222222222,0,0,0,0,19.642857142857142,0,0.0,0.0
Qatar,Karim Boudiaf,222385,Defensive Midfield,Amir Cup,25/26,1,3,0,0,5,0.0,0,0,0,0,1.8518518518518516,0,0.0,0.0
Qatar,Karim Boudiaf,222385,Defensive Midfield,QSL Cup,25/26,1,10,0,0,90,10.0,0,0,0,0,10.0,0,0.0,0.0
Qatar,Mohamed Manai,822935,Central Midfield,Stars League,25/26,19,22,5,1,1479,81.81818181818183,3,0,0,0,74.69696969696969,0,15.384615384615385,17.647058823529413
Qatar,Mohamed Manai,822935,Central Midfield,Amir Cup,25/26,2,2,0,0,180,100.0,0,0,0,0,100.0,0,0.0,0.0
Qatar,Mohamed Manai,822935,Central Midfield,QSL Cup,25/26,1,11,0,0,27,0.0,0,0,0,0,2.727272727272727,0,0.0,0.0
Qatar,Abdulaziz Hatim,113915,Central Midfield,Stars League,25/26,18,22,0,1,921,36.36363636363637,2,0,0,0,46.515151515151516,1,2.1739130434782608,2.7777777777777777
Qatar,Abdulaziz Hatim,113915,Central Midfield,Amir Cup,25/26,1,2,0,0,76,50.0,0,0,0,0,42.22222222222222,0,0.0,0.0
Qatar,Abdulaziz Hatim,113915,Central Midfield,QSL Cup,25/26,2,13,0,0,106,7.6923076923076925,1,0,0,0,9.05982905982906,0,0.0,0.0
Qatar,Hasan Al-Haydos,86286,Attacking Midfield,Stars League,25/26,12,22,0,2,239,0.0,0,0,0,0,12.070707070707071,0,3.571428571428571,4.651162790697675
Qatar,Hasan Al-Haydos,86286,Attacking Midfield,AFC Champions League,25/26,4,10,1,0,162,20.0,1,0,0,0,16.875,0,3.8461538461538463,7.6923076923076925
Qatar,Hasan Al-Haydos,86286,Attacking Midfield,Amir Cup,25/26,4,4,2,1,274,75.0,0,0,0,0,76.11111111111111,0,23.076923076923077,23.076923076923077
Qatar,Hasan Al-Haydos,86286,Attacking Midfield,QSL Cup,25/26,1,10,0,0,65,10.0,0,0,0,0,7.222222222222221,0,0.0,0.0
Qatar,Akram Afif,336646,Left Winger,Stars League,25/26,22,22,15,12,1938,100.0,3,0,0,0,97.87878787878788,0,48.214285714285715,48.214285714285715
Qatar,Akram Afif,336646,Left Winger,AFC Champions League,25/26,10,10,1,5,951,100.0,2,0,0,0,99.0625,0,23.076923076923077,33.33333333333333
Qatar,Akram Afif,336646,Left Winger,Amir Cup,25/26,4,4,2,1,329,100.0,0,0,0,0,91.38888888888889,0,23.076923076923077,23.076923076923077
Qatar,Edmílson Junior,237846,Left Winger,Stars League,25/26,19,22,5,1,1529,86.36363636363636,4,0,0,0,77.22222222222223,0,15.0,19.35483870967742
Qatar,Edmílson Junior,237846,Left Winger,AFC CL Elite Qualif.,25/26,1,1,0,0,73,100.0,0,0,0,0,81.11111111111111,0,0.0,0.0
Qatar,Edmílson Junior,237846,Left Winger,AFC Champions League,25/26,8,9,2,3,705,88.88888888888889,0,0,0,0,83.92857142857143,0,31.25,33.33333333333333
Qatar,Edmílson Junior,237846,Left Winger,Amir Cup,25/26,3,3,0,1,270,100.0,0,0,0,0,100.0,0,14.285714285714285,14.285714285714285
Qatar,Edmílson Junior,237846,Left Winger,QSL Cup,25/26,1,10,0,0,90,10.0,0,0,0,0,10.0,0,0.0,0.0
Qatar,Yusuf Abdurisag,589099,Left Winger,Stars League,25/26,18,22,4,2,1031,50.0,3,0,0,0,52.070707070707066,0,15.789473684210526,18.75
Qatar,Yusuf Abdurisag,589099,Left Winger,Amir Cup,25/26,3,3,0,0,254,100.0,0,0,0,0,94.07407407407408,0,0.0,0.0
Qatar,Yusuf Abdurisag,589099,Left Winger,QSL Cup,25/26,2,9,0,0,135,11.11111111111111,0,0,0,0,16.666666666666664,0,0.0,0.0
Qatar,Tahsin Mohammed Jamshid,1143849,Left Winger,Stars League,25/26,14,22,1,0,373,18.181818181818183,1,0,0,0,18.838383838383837,0,2.5,2.564102564102564
Qatar,Tahsin Mohammed Jamshid,1143849,Left Winger,AFC CL Elite Qualif.,25/26,0,1,0,0,0,0.0,0,0,0,0,0.0,0,0.0,0.0
Qatar,Tahsin Mohammed Jamshid,1143849,Left Winger,AFC Champions League,25/26,4,9,0,0,41,0.0,1,0,0,0,4.880952380952381,0,0.0,0.0
Qatar,Tahsin Mohammed Jamshid,1143849,Left Winger,Amir Cup,25/26,2,3,1,0,58,33.33333333333333,0,0,0,0,21.48148148148148,0,14.285714285714285,14.285714285714285
Qatar,Tahsin Mohammed Jamshid,1143849,Left Winger,QSL Cup,25/26,1,10,1,0,79,10.0,0,0,0,0,8.777777777777777,0,25.0,50.0
Qatar,Ahmed Al-Ganehi,670659,Right Winger,Stars League,25/26,11,22,2,3,902,45.45454545454545,4,0,0,0,45.55555555555556,0,13.88888888888889,21.73913043478261
Qatar,Ahmed Al-Ganehi,670659,Right Winger,AFC Champions League,25/26,3,8,0,0,195,25.0,0,0,0,0,27.083333333333332,0,0.0,0.0
Qatar,Ahmed Al-Ganehi,670659,Right Winger,Amir Cup,25/26,3,4,1,1,262,75.0,1,0,0,0,72.77777777777777,0,18.181818181818183,33.33333333333333
Qatar,Almoez Ali,345095,Centre-Forward,Stars League,25/26,4,22,1,0,168,4.545454545454546,0,0,0,0,8.484848484848486,0,2.5,16.666666666666664
Qatar,Almoez Ali,345095,Centre-Forward,AFC Champions League,25/26,2,9,0,0,75,0.0,1,0,0,0,8.928571428571429,0,0.0,0.0
Qatar,Almoez Ali,345095,Centre-Forward,Amir Cup,25/26,2,3,0,1,135,66.66666666666666,1,0,0,0,50.0,0,14.285714285714285,20.0
Qatar,Ahmed Alaaeldin,187987,Centre-Forward,Stars League,25/26,20,22,3,2,919,54.54545454545454,0,0,0,0,46.41414141414141,0,10.869565217391305,10.869565217391305
Qatar,Ahmed Alaaeldin,187987,Centre-Forward,Amir Cup,25/26,2,2,0,0,42,0.0,1,0,0,0,23.333333333333332,0,0.0,0.0
Qatar,Ahmed Alaaeldin,187987,Centre-Forward,QSL Cup,25/26,4,13,2,0,287,23.076923076923077,0,0,0,0,24.529914529914528,0,3.508771929824561,20.0
Qatar,Mohammed Muntari,266935,Centre-Forward,Stars League,25/26,7,22,0,0,336,13.636363636363635,3,0,0,0,16.969696969696972,0,0.0,0.0
Qatar,Mohammed Muntari,266935,Centre-Forward,AFC Champions League,25/26,2,8,0,0,78,0.0,0,0,0,0,10.833333333333334,0,0.0,0.0
Qatar,Mohammed Muntari,266935,Centre-Forward,Amir Cup,25/26,1,4,0,1,60,25.0,0,0,0,0,16.666666666666664,0,9.090909090909092,50.0
Saudi Arabia,Nawaf Al-Aqidi,886183,Goalkeeper,Saudi Pro League,25/26,11,34,0,1,960,32.35294117647059,0,1,3,12,31.372549019607842,0,1.098901098901099,1.4492753623188406
Saudi Arabia,Nawaf Al-Aqidi,886183,Goalkeeper,AFC Champions League Two,25/26,1,11,0,0,90,9.090909090909092,1,0,1,0,9.090909090909092,0,0.0,0.0
Saudi Arabia,Nawaf Al-Aqidi,886183,Goalkeeper,King's Cup,25/26,0,2,0,0,0,0.0,0,0,0,0,0.0,0,0.0,0.0
Saudi Arabia,Nawaf Al-Aqidi,886183,Goalkeeper,Saudi Super Cup,25/26,0,2,0,0,0,0.0,0,0,0,0,0.0,0,0.0,0.0
Saudi Arabia,Mohammed Al-Owais,262845,Goalkeeper,Saudi First Division League,25/26,33,34,0,0,2970,97.05882352941177,3,0,11,32,97.05882352941177,0,0.0,0.0
Saudi Arabia,Mohammed Al-Owais,262845,Goalkeeper,First Div. Play-off,25/26,2,2,0,0,240,100.0,0,0,0,3,100.0,0,0.0,0.0
Saudi Arabia,Ahmed Al-Kassar,177956,Goalkeeper,Saudi Pro League,25/26,3,34,0,0,205,5.88235294117647,0,0,1,2,6.699346405228758,0,0.0,0.0
Saudi Arabia,Ahmed Al-Kassar,177956,Goalkeeper,King's Cup,25/26,0,3,0,0,0,0.0,0,0,0,0,0.0,0,0.0,0.0
Saudi Arabia,Hassan Tambakti,509897,Centre-Back,Saudi Pro League,25/26,29,34,1,1,2351,82.35294117647058,5,0,0,0,76.83006535947713,0,2.3529411764705883,2.941176470588235
Saudi Arabia,Hassan Tambakti,509897,Centre-Back,AFC Champions League,25/26,4,9,0,0,345,44.44444444444444,0,0,0,0,41.07142857142857,0,0.0,0.0
Saudi Arabia,Hassan Tambakti,509897,Centre-Back,King's Cup,25/26,3,5,1,0,223,40.0,0,0,0,0,46.458333333333336,0,7.6923076923076925,11.11111111111111
Saudi Arabia,Abdulelah Al-Amri,509894,Centre-Back,Saudi Pro League,25/26,25,34,2,3,1789,58.82352941176471,2,0,0,0,58.4640522875817,0,5.4945054945054945,6.578947368421052
Saudi Arabia,Abdulelah Al-Amri,509894,Centre-Back,AFC Champions League Two,25/26,9,11,2,0,810,81.81818181818183,1,0,0,0,81.81818181818183,0,6.0606060606060606,6.0606060606060606
Saudi Arabia,Abdulelah Al-Amri,509894,Centre-Back,King's Cup,25/26,2,2,0,0,131,50.0,0,0,0,0,72.77777777777777,0,0.0,0.0
Saudi Arabia,Abdulelah Al-Amri,509894,Centre-Back,Saudi Super Cup,25/26,0,2,0,0,0,0.0,0,0,0,0,0.0,0,0.0,0.0
Saudi Arabia,Jehad Thakri,901334,Centre-Back,Saudi Pro League,25/26,24,34,0,0,1513,47.05882352941176,5,0,0,0,49.44444444444444,0,0.0,0.0
Saudi Arabia,Jehad Thakri,901334,Centre-Back,King's Cup,25/26,2,3,0,0,95,33.33333333333333,1,0,0,0,31.666666666666664,0,0.0,0.0
Saudi Arabia,Jehad Thakri,901334,Centre-Back,Saudi Super Cup,25/26,1,1,0,0,45,100.0,1,0,0,0,50.0,0,0.0,0.0
Saudi Arabia,Ali Lajami,264909,Centre-Back,Saudi Pro League,25/26,25,34,0,0,627,14.705882352941178,0,0,0,0,20.49019607843137,0,0.0,0.0
Saudi Arabia,Ali Lajami,264909,Centre-Back,AFC Champions League,25/26,8,9,0,0,373,44.44444444444444,1,0,0,0,44.404761904761905,0,0.0,0.0
Saudi Arabia,Ali Lajami,264909,Centre-Back,King's Cup,25/26,5,5,0,0,184,40.0,0,0,0,0,38.333333333333336,0,0.0,0.0
Saudi Arabia,Moteb Al-Harbi,869509,Left-Back,Saudi Pro League,25/26,30,34,2,2,1833,58.82352941176471,0,0,0,0,59.90196078431372,0,4.705882352941177,5.405405405405405
Saudi Arabia,Moteb Al-Harbi,869509,Left-Back,AFC Champions League,25/26,5,9,0,0,280,33.33333333333333,0,0,0,0,33.33333333333333,0,0.0,0.0
Saudi Arabia,Moteb Al-Harbi,869509,Left-Back,King's Cup,25/26,4,5,0,0,314,80.0,1,0,0,0,65.41666666666667,0,0.0,0.0
Saudi Arabia,Ayman Yahya,735815,Left-Back,Saudi Pro League,25/26,27,34,2,2,1249,41.17647058823529,7,0,0,0,40.81699346405229,0,4.395604395604396,5.333333333333334
Saudi Arabia,Ayman Yahya,735815,Left-Back,AFC Champions League Two,25/26,8,11,1,0,447,45.45454545454545,0,0,0,0,45.151515151515156,0,3.0303030303030303,4.166666666666666
Saudi Arabia,Ayman Yahya,735815,Left-Back,King's Cup,25/26,2,2,0,0,89,50.0,0,0,0,0,49.44444444444444,0,0.0,0.0
Saudi Arabia,Ayman Yahya,735815,Left-Back,Saudi Super Cup,25/26,2,2,0,0,166,100.0,0,0,0,0,92.22222222222223,0,0.0,0.0
Saudi Arabia,Hassan Kadesh,260859,Left-Back,Saudi Pro League,25/26,27,34,1,0,2274,79.41176470588235,0,1,0,0,74.31372549019608,0,1.8181818181818181,2.5
Saudi Arabia,Hassan Kadesh,260859,Left-Back,AFC Champions League,25/26,6,10,0,1,473,50.0,0,0,0,0,50.86021505376343,0,4.3478260869565215,5.555555555555555
Saudi Arabia,Hassan Kadesh,260859,Left-Back,King's Cup,25/26,2,4,0,0,210,50.0,0,0,0,0,53.84615384615385,0,0.0,0.0
Saudi Arabia,Saud Abdulhamid,631927,Right-Back,Ligue 1,25/26,25,34,2,5,1345,41.17647058823529,4,1,0,0,43.95424836601307,0,10.606060606060606,11.475409836065573
Saudi Arabia,Saud Abdulhamid,631927,Right-Back,Coupe de France,25/26,6,6,1,3,493,100.0,1,0,0,0,91.2962962962963,0,16.666666666666664,21.052631578947366
Saudi Arabia,Mohammed Abu Al-Shamat,1181852,Right-Back,Saudi Pro League,25/26,31,34,3,8,2497,85.29411764705883,3,1,0,0,81.60130718954248,0,13.253012048192772,13.924050632911392
Saudi Arabia,Mohammed Abu Al-Shamat,1181852,Right-Back,King's Cup,25/26,3,3,0,0,217,66.66666666666666,0,0,0,0,72.33333333333334,0,0.0,0.0
Saudi Arabia,Mohammed Abu Al-Shamat,1181852,Right-Back,Saudi Super Cup,25/26,0,1,0,0,0,0.0,0,0,0,0,0.0,0,0.0,0.0
Saudi Arabia,Ali Majrashi,672391,Right-Back,Saudi Pro League,25/26,27,34,1,4,2171,76.47058823529412,5,1,0,0,70.94771241830065,1,7.042253521126761,8.928571428571429
Saudi Arabia,Ali Majrashi,672391,Right-Back,FIFA Intercontinental Cup,25/26,1,1,0,0,22,0.0,0,0,0,0,24.444444444444443,0,0.0,0.0
Saudi Arabia,Ali Majrashi,672391,Right-Back,AFC Champions League,25/26,9,12,0,1,621,66.66666666666666,1,1,0,0,54.473684210526315,0,3.7037037037037033,4.166666666666666
Saudi Arabia,Ali Majrashi,672391,Right-Back,King's Cup,25/26,4,4,0,0,280,75.0,1,0,0,0,66.66666666666666,0,0.0,0.0
Saudi Arabia,Ali Majrashi,672391,Right-Back,Saudi Super Cup,25/26,2,2,0,0,114,50.0,0,0,0,0,63.33333333333333,0,0.0,0.0
Saudi Arabia,Nawaf Boushal,821377,Right-Back,Saudi Pro League,25/26,32,34,0,6,1871,58.82352941176471,2,1,0,0,61.14379084967321,0,6.593406593406594,6.666666666666667
Saudi Arabia,Nawaf Boushal,821377,Right-Back,AFC Champions League Two,25/26,10,11,0,2,644,63.63636363636363,0,0,0,0,65.05050505050505,0,6.0606060606060606,6.0606060606060606
Saudi Arabia,Nawaf Boushal,821377,Right-Back,King's Cup,25/26,2,2,0,0,175,100.0,0,0,0,0,97.22222222222221,0,0.0,0.0
Saudi Arabia,Nawaf Boushal,821377,Right-Back,Saudi Super Cup,25/26,2,2,0,0,180,100.0,1,0,0,0,100.0,0,0.0,0.0
Saudi Arabia,Ziyad Al-Johani,901079,Defensive Midfield,Saudi Pro League,25/26,26,34,0,1,1501,50.0,6,2,0,0,49.052287581699346,0,1.4084507042253522,1.5384615384615385
Saudi Arabia,Ziyad Al-Johani,901079,Defensive Midfield,FIFA Intercontinental Cup,25/26,0,1,0,0,0,0.0,0,0,0,0,0.0,0,0.0,0.0
Saudi Arabia,Ziyad Al-Johani,901079,Defensive Midfield,AFC Champions League,25/26,9,12,1,0,525,50.0,1,0,0,0,46.05263157894737,0,3.7037037037037033,3.7037037037037033
Saudi Arabia,Ziyad Al-Johani,901079,Defensive Midfield,King's Cup,25/26,3,4,0,0,156,50.0,0,0,0,0,37.142857142857146,0,0.0,0.0
Saudi Arabia,Ziyad Al-Johani,901079,Defensive Midfield,Saudi Super Cup,25/26,0,2,0,0,0,0.0,0,0,0,0,0.0,0,0.0,0.0
Saudi Arabia,Abdullah Al-Khaibari,437903,Defensive Midfield,Saudi Pro League,25/26,32,34,0,1,1679,44.11764705882353,5,0,0,0,54.86928104575164,0,1.098901098901099,1.1494252873563218
Saudi Arabia,Abdullah Al-Khaibari,437903,Defensive Midfield,AFC Champions League Two,25/26,9,11,1,0,462,27.27272727272727,0,0,0,0,46.666666666666664,0,3.0303030303030303,3.0303030303030303
Saudi Arabia,Abdullah Al-Khaibari,437903,Defensive Midfield,King's Cup,25/26,2,2,0,0,130,100.0,1,0,0,0,72.22222222222221,0,0.0,0.0
Saudi Arabia,Abdullah Al-Khaibari,437903,Defensive Midfield,Saudi Super Cup,25/26,2,2,0,0,180,100.0,0,0,0,0,100.0,0,0.0,0.0
Saudi Arabia,Musab Al-Juwayr,901181,Central Midfield,Saudi Pro League,25/26,31,34,6,12,2538,91.17647058823529,0,0,0,0,82.94117647058825,0,21.686746987951807,25.0
Saudi Arabia,Musab Al-Juwayr,901181,Central Midfield,King's Cup,25/26,3,3,1,0,145,0.0,0,0,0,0,48.333333333333336,0,7.6923076923076925,11.11111111111111
Saudi Arabia,Musab Al-Juwayr,901181,Central Midfield,Saudi Super Cup,25/26,1,1,0,0,45,0.0,0,0,0,0,50.0,0,0.0,0.0
Saudi Arabia,Nasser Al-Dawsari,509911,Central Midfield,Saudi Pro League,25/26,27,34,0,1,1621,50.0,2,1,0,0,52.97385620915033,0,1.1764705882352942,1.5873015873015872
Saudi Arabia,Nasser Al-Dawsari,509911,Central Midfield,AFC Champions League,25/26,7,9,0,1,210,11.11111111111111,1,0,0,0,25.0,0,4.545454545454546,5.263157894736842
Saudi Arabia,Nasser Al-Dawsari,509911,Central Midfield,King's Cup,25/26,3,5,1,0,246,60.0,1,0,0,0,51.24999999999999,0,7.6923076923076925,12.5
Saudi Arabia,Mohamed Kanno,308120,Central Midfield,Saudi Pro League,25/26,32,34,5,4,2085,73.52941176470588,2,0,0,0,68.13725490196079,0,10.588235294117647,10.588235294117647
Saudi Arabia,Mohamed Kanno,308120,Central Midfield,AFC Champions League,25/26,7,9,0,1,527,66.66666666666666,1,0,0,0,62.73809523809524,0,4.545454545454546,5.88235294117647
Saudi Arabia,Mohamed Kanno,308120,Central Midfield,King's Cup,25/26,5,5,0,1,394,80.0,0,0,0,0,82.08333333333333,0,7.6923076923076925,11.11111111111111
Saudi Arabia,Alaa Hejji,443937,Central Midfield,Saudi Pro League,25/26,24,34,3,1,1343,47.05882352941176,1,0,0,0,43.888888888888886,0,9.30232558139535,12.903225806451612
Saudi Arabia,Khalid Al-Ghannam,631923,Left Winger,Saudi Pro League,25/26,32,34,13,7,2175,73.52941176470588,4,0,0,0,71.07843137254902,0,39.21568627450981,39.21568627450981
Saudi Arabia,Khalid Al-Ghannam,631923,Left Winger,King's Cup,25/26,1,1,0,0,86,100.0,0,0,0,0,71.66666666666667,0,0.0,0.0
Saudi Arabia,Salem Al-Dawsari,195332,Left Winger,Saudi Pro League,25/26,26,34,8,10,1889,64.70588235294117,0,0,0,0,61.732026143790854,0,21.176470588235293,28.57142857142857
Saudi Arabia,Salem Al-Dawsari,195332,Left Winger,AFC Champions League,25/26,5,9,2,0,271,33.33333333333333,0,0,0,0,32.261904761904766,0,9.090909090909092,15.384615384615385
Saudi Arabia,Salem Al-Dawsari,195332,Left Winger,King's Cup,25/26,4,5,0,0,287,60.0,0,0,0,0,59.791666666666664,0,0.0,0.0
Saudi Arabia,Sultan Mandash,210349,Right Winger,Saudi Pro League,25/26,28,34,6,5,1330,41.17647058823529,3,0,0,0,43.4640522875817,0,13.924050632911392,22.916666666666664
Saudi Arabia,Sultan Mandash,210349,Right Winger,AFC Champions League,25/26,3,3,0,1,155,66.66666666666666,0,0,0,0,51.66666666666667,0,14.285714285714285,20.0
Saudi Arabia,Sultan Mandash,210349,Right Winger,King's Cup,25/26,4,4,2,0,247,50.0,0,0,0,0,58.80952380952381,0,13.333333333333334,66.66666666666666
Saudi Arabia,Firas Al-Buraikan,631922,Centre-Forward,Saudi Pro League,25/26,34,34,5,1,1729,47.05882352941176,1,0,0,0,56.50326797385621,0,8.450704225352112,8.450704225352112
Saudi Arabia,Firas Al-Buraikan,631922,Centre-Forward,FIFA Intercontinental Cup,25/26,1,1,0,0,22,0.0,0,0,0,0,24.444444444444443,0,0.0,0.0
Saudi Arabia,Firas Al-Buraikan,631922,Centre-Forward,AFC Champions League,25/26,11,12,2,0,534,41.66666666666667,0,0,0,0,46.8421052631579,0,7.4074074074074066,9.090909090909092
Saudi Arabia,Firas Al-Buraikan,631922,Centre-Forward,King's Cup,25/26,3,4,1,0,135,25.0,0,0,0,0,32.142857142857146,0,5.263157894736842,8.333333333333332
Saudi Arabia,Firas Al-Buraikan,631922,Centre-Forward,Saudi Super Cup,25/26,2,2,0,0,156,100.0,0,0,0,0,86.66666666666667,0,0.0,0.0
Saudi Arabia,Saleh Al-Shehri,242267,Centre-Forward,Saudi Pro League,25/26,18,34,3,2,422,11.76470588235294,1,0,0,0,13.790849673202615,0,9.090909090909092,12.195121951219512
Saudi Arabia,Saleh Al-Shehri,242267,Centre-Forward,AFC Champions League,25/26,4,10,0,0,81,10.0,0,0,0,0,8.709677419354838,0,0.0,0.0
Saudi Arabia,Saleh Al-Shehri,242267,Centre-Forward,King's Cup,25/26,2,4,1,0,139,25.0,0,0,0,0,35.64102564102564,0,7.6923076923076925,11.11111111111111
Saudi Arabia,Saleh Al-Shehri,242267,Centre-Forward,Saudi Super Cup,25/26,1,1,0,0,8,0.0,0,0,0,0,8.88888888888889,0,0.0,0.0
Saudi Arabia,Abdullah Al-Hamdan,68626,Centre-Forward,Saudi Pro League,25/26,25,34,3,2,316,8.823529411764707,0,0,0,0,10.326797385620914,0,5.555555555555555,11.904761904761903
Saudi Arabia,Abdullah Al-Hamdan,68626,Centre-Forward,AFC Champions League Two,25/26,5,5,2,1,225,40.0,0,0,0,0,50.0,0,27.27272727272727,27.27272727272727
Saudi Arabia,Abdullah Al-Hamdan,68626,Centre-Forward,AFC Champions League,25/26,3,6,0,0,250,50.0,0,0,0,0,46.2962962962963,0,0.0,0.0
Saudi Arabia,Abdullah Al-Hamdan,68626,Centre-Forward,King's Cup,25/26,2,3,1,0,144,66.66666666666666,1,0,0,0,53.333333333333336,0,16.666666666666664,16.666666666666664
Scotland,Angus Gunn,201574,Goalkeeper,Premier League,25/26,1,38,0,0,45,0.0,0,0,1,0,1.3157894736842104,0,0.0,0.0
Scotland,Angus Gunn,201574,Goalkeeper,Europa League,25/26,0,16,0,0,0,0.0,0,0,0,0,0.0,0,0.0,0.0
Scotland,Angus Gunn,201574,Goalkeeper,FA Cup,25/26,0,1,0,0,0,0.0,0,0,0,0,0.0,0,0.0,0.0
Scotland,Angus Gunn,201574,Goalkeeper,EFL Cup,25/26,0,1,0,0,0,0.0,0,0,0,0,0.0,0,0.0,0.0
Scotland,Liam Kelly,208772,Goalkeeper,Premiership,25/26,0,33,0,0,0,0.0,0,0,0,0,0.0,0,0.0,0.0
Scotland,Liam Kelly,208772,Goalkeeper,Europa League,25/26,0,8,0,0,0,0.0,0,0,0,0,0.0,0,0.0,0.0
Scotland,Liam Kelly,208772,Goalkeeper,Champions League Qu.,25/26,0,6,0,0,0,0.0,0,0,0,0,0.0,0,0.0,0.0
Scotland,Liam Kelly,208772,Goalkeeper,Scottish Premiership Top Six Split,25/26,0,5,0,0,0,0.0,0,0,0,0,0.0,0,0.0,0.0
Scotland,Liam Kelly,208772,Goalkeeper,SFA Cup,25/26,2,3,0,0,180,66.66666666666666,0,0,2,0,60.0,0,0.0,0.0
Scotland,Liam Kelly,208772,Goalkeeper,League Cup,25/26,1,3,0,0,90,33.33333333333333,0,0,0,2,30.0,0,0.0,0.0
Scotland,Craig Gordon,12589,Goalkeeper,Premiership,25/26,3,33,0,0,225,6.0606060606060606,0,0,2,2,7.575757575757576,0,0.0,0.0
Scotland,Craig Gordon,12589,Goalkeeper,SFA Cup,25/26,0,1,0,0,0,0.0,0,0,0,0,0.0,0,0.0,0.0
Scotland,Scott McKenna,255906,Centre-Back,SuperSport HNL,25/26,30,36,2,3,2627,83.33333333333334,3,0,0,0,81.08024691358024,0,5.376344086021505,6.097560975609756
Scotland,Scott McKenna,255906,Centre-Back,Europa League,25/26,10,10,0,0,909,100.0,0,0,0,0,97.74193548387096,0,0.0,0.0
Scotland,Scott McKenna,255906,Centre-Back,Hrvatski nogometni kup,25/26,2,5,0,0,180,40.0,1,0,0,0,40.0,0,0.0,0.0
Scotland,Jack Hendry,363223,Centre-Back,Saudi Pro League,25/26,30,34,1,0,2558,85.29411764705883,8,1,0,0,83.59477124183007,0,1.9607843137254901,2.2222222222222223
Scotland,Jack Hendry,363223,Centre-Back,King's Cup,25/26,1,1,0,0,120,100.0,0,0,0,0,100.0,0,0.0,0.0
Scotland,John Souttar,235767,Centre-Back,Premiership,25/26,23,33,0,0,1924,66.66666666666666,7,0,0,0,64.78114478114479,0,0.0,0.0
Scotland,John Souttar,235767,Centre-Back,Europa League,25/26,5,8,0,0,405,50.0,1,0,0,0,56.25,0,0.0,0.0
Scotland,John Souttar,235767,Centre-Back,Champions League Qu.,25/26,6,6,0,0,540,100.0,2,0,0,0,100.0,0,0.0,0.0
Scotland,John Souttar,235767,Centre-Back,Scottish Premiership Top Six Split,25/26,1,5,0,0,90,20.0,0,0,0,0,20.0,0,0.0,0.0
Scotland,John Souttar,235767,Centre-Back,SFA Cup,25/26,1,3,0,0,15,0.0,0,0,0,0,5.0,0,0.0,0.0
Scotland,John Souttar,235767,Centre-Back,League Cup,25/26,2,3,0,0,210,66.66666666666666,1,0,0,0,70.0,0,0.0,0.0
Scotland,Dominic Hyam,263268,Centre-Back,Championship,25/26,44,46,0,0,3952,95.65217391304348,4,0,0,0,95.45893719806763,0,0.0,0.0
Scotland,Dominic Hyam,263268,Centre-Back,FA Cup,25/26,3,3,1,0,330,100.0,0,0,0,0,100.0,0,10.0,16.666666666666664
Scotland,Dominic Hyam,263268,Centre-Back,EFL Cup,25/26,0,2,0,0,0,0.0,0,0,0,0,0.0,0,0.0,0.0
Scotland,Grant Hanley,121385,Centre-Back,Premiership,25/26,21,32,0,0,1709,65.625,2,2,0,0,59.34027777777777,0,0.0,0.0
Scotland,Grant Hanley,121385,Centre-Back,UECL Qualifying,25/26,0,4,0,0,0,0.0,0,0,0,0,0.0,0,0.0,0.0
Scotland,Grant Hanley,121385,Centre-Back,Scottish Premiership Top Six Split,25/26,3,5,0,0,223,40.0,0,0,0,0,49.55555555555556,0,0.0,0.0
Scotland,Grant Hanley,121385,Centre-Back,SFA Cup,25/26,0,1,0,0,0,0.0,0,0,0,0,0.0,0,0.0,0.0
Scotland,Grant Hanley,121385,Centre-Back,League Cup,25/26,2,2,0,0,180,100.0,0,0,0,0,100.0,0,0.0,0.0
Scotland,Kieran Tierney,300716,Left-Back,Premiership,25/26,30,33,5,7,2118,72.72727272727273,1,0,0,0,71.31313131313132,0,20.33898305084746,21.818181818181817
Scotland,Kieran Tierney,300716,Left-Back,Europa League,25/26,9,10,0,1,716,90.0,0,0,0,0,79.55555555555556,0,6.666666666666667,6.666666666666667
Scotland,Kieran Tierney,300716,Left-Back,Champions League Qu.,25/26,2,2,0,0,151,100.0,1,0,0,0,71.9047619047619,0,0.0,0.0
Scotland,Kieran Tierney,300716,Left-Back,Scottish Premiership Top Six Split,25/26,5,5,1,1,397,100.0,1,0,0,0,88.22222222222223,0,14.285714285714285,14.285714285714285
Scotland,Kieran Tierney,300716,Left-Back,SFA Cup,25/26,3,5,0,0,258,60.0,0,0,0,0,47.77777777777778,0,0.0,0.0
Scotland,Kieran Tierney,300716,Left-Back,League Cup,25/26,4,4,0,3,267,75.0,0,0,0,0,68.46153846153847,0,25.0,25.0
Scotland,Andrew Robertson,234803,Left-Back,Premier League,25/26,24,38,1,0,1172,28.947368421052634,0,0,0,0,34.26900584795322,0,1.5873015873015872,1.5873015873015872
Scotland,Andrew Robertson,234803,Left-Back,UEFA Champions League,25/26,7,12,1,1,486,41.66666666666667,0,0,0,0,45.0,0,8.333333333333332,8.333333333333332
Scotland,Andrew Robertson,234803,Left-Back,Community Shield,25/26,1,1,0,0,6,0.0,0,0,0,0,6.666666666666667,0,0.0,0.0
Scotland,Andrew Robertson,234803,Left-Back,FA Cup,25/26,2,4,1,1,180,50.0,0,0,0,0,50.0,0,20.0,20.0
Scotland,Andrew Robertson,234803,Left-Back,EFL Cup,25/26,2,2,0,0,157,100.0,1,0,0,0,87.22222222222223,0,0.0,0.0
Scotland,Aaron Hickey,591949,Right-Back,Premier League,25/26,21,38,0,0,686,21.052631578947366,1,0,0,0,20.05847953216374,0,0.0,0.0
Scotland,Aaron Hickey,591949,Right-Back,FA Cup,25/26,2,3,0,0,180,66.66666666666666,0,0,0,0,60.0,0,0.0,0.0
Scotland,Aaron Hickey,591949,Right-Back,EFL Cup,25/26,3,4,1,0,152,50.0,0,0,0,0,42.22222222222222,0,8.333333333333332,33.33333333333333
Scotland,Nathan Patterson,424015,Right-Back,Premier League,25/26,7,38,0,0,240,7.894736842105263,0,0,0,0,7.017543859649122,0,0.0,0.0
Scotland,Nathan Patterson,424015,Right-Back,FA Cup,25/26,1,1,0,0,116,100.0,0,0,0,0,96.66666666666667,0,0.0,0.0
Scotland,Nathan Patterson,424015,Right-Back,EFL Cup,25/26,0,2,0,0,0,0.0,0,0,0,0,0.0,0,0.0,0.0
Scotland,Nathan Patterson,424015,Right-Back,EFL Trophy,25/26,1,1,0,0,90,100.0,1,0,0,0,100.0,0,0.0,0.0
Scotland,Anthony Ralston,388171,Right-Back,Premiership,25/26,20,33,0,0,1186,39.39393939393939,3,0,0,0,39.93265993265993,0,0.0,0.0
Scotland,Anthony Ralston,388171,Right-Back,Europa League,25/26,5,10,0,0,172,10.0,0,0,0,0,19.11111111111111,0,0.0,0.0
Scotland,Anthony Ralston,388171,Right-Back,Champions League Qu.,25/26,2,2,0,0,161,50.0,0,0,0,0,76.66666666666667,0,0.0,0.0
Scotland,Anthony Ralston,388171,Right-Back,Scottish Premiership Top Six Split,25/26,4,5,0,0,114,20.0,1,0,0,0,25.333333333333336,0,0.0,0.0
Scotland,Anthony Ralston,388171,Right-Back,SFA Cup,25/26,2,5,1,0,210,40.0,0,0,0,0,38.88888888888889,0,5.88235294117647,9.090909090909092
Scotland,Anthony Ralston,388171,Right-Back,League Cup,25/26,2,4,0,0,193,50.0,1,0,0,0,49.48717948717949,0,0.0,0.0
Scotland,Scott McTominay,315969,Central Midfield,Serie A,25/26,33,38,10,3,2793,81.57894736842105,1,0,0,0,81.66666666666667,0,22.413793103448278,25.49019607843137
Scotland,Scott McTominay,315969,Central Midfield,UEFA Champions League,25/26,8,8,4,1,699,100.0,0,0,0,0,97.08333333333333,0,55.55555555555556,55.55555555555556
Scotland,Scott McTominay,315969,Central Midfield,Supercoppa Italiana,25/26,2,2,0,0,180,100.0,1,0,0,0,100.0,0,0.0,0.0
Scotland,Scott McTominay,315969,Central Midfield,Italy Cup,25/26,1,2,0,0,29,0.0,0,0,0,0,16.11111111111111,0,0.0,0.0
Scotland,Lewis Ferguson,428563,Central Midfield,Serie A,25/26,27,38,1,0,1596,44.73684210526316,5,0,0,0,46.666666666666664,1,2.0408163265306123,2.1739130434782608
Scotland,Lewis Ferguson,428563,Central Midfield,Europa League,25/26,14,14,0,0,1065,85.71428571428571,2,0,0,0,82.55813953488372,0,0.0,0.0
Scotland,Lewis Ferguson,428563,Central Midfield,Supercoppa Italiana,25/26,2,2,0,0,84,50.0,0,0,0,0,46.666666666666664,0,0.0,0.0
Scotland,Lewis Ferguson,428563,Central Midfield,Italy Cup,25/26,2,2,0,0,180,100.0,0,0,0,0,100.0,0,0.0,0.0
Scotland,John McGinn,193116,Central Midfield,Premier League,25/26,30,38,5,5,2158,73.68421052631578,5,0,0,0,63.099415204678365,0,17.857142857142858,20.408163265306122
Scotland,John McGinn,193116,Central Midfield,Europa League,25/26,12,15,5,2,716,53.333333333333336,3,0,0,0,53.03703703703704,0,22.58064516129032,25.925925925925924
Scotland,John McGinn,193116,Central Midfield,FA Cup,25/26,1,2,0,0,65,50.0,0,0,0,0,36.11111111111111,0,0.0,0.0
Scotland,John McGinn,193116,Central Midfield,EFL Cup,25/26,1,1,0,1,90,100.0,0,0,0,0,100.0,0,33.33333333333333,100.0
Scotland,Ryan Christie,188077,Central Midfield,Premier League,25/26,26,38,2,0,986,23.684210526315788,3,1,0,0,28.830409356725145,0,3.4482758620689653,5.128205128205128
Scotland,Ryan Christie,188077,Central Midfield,EFL Cup,25/26,1,1,0,0,74,100.0,0,0,0,0,82.22222222222221,0,0.0,0.0
Scotland,Tyler Fletcher,1049911,Central Midfield,Premier League 2,25/26,15,20,0,1,1192,65.0,0,0,0,0,66.22222222222223,0,2.3255813953488373,2.857142857142857
Scotland,Tyler Fletcher,1049911,Central Midfield,EFL Trophy,25/26,3,3,0,0,270,100.0,0,0,0,0,100.0,0,0.0,0.0
Scotland,Tyler Fletcher,1049911,Central Midfield,PL2 Playoffs,25/26,3,4,0,1,270,75.0,0,0,0,0,75.0,0,11.11111111111111,20.0
Scotland,Tyler Fletcher,1049911,Central Midfield,Premier League Int. Cup U21,25/26,4,5,0,1,390,80.0,0,0,0,0,81.25,0,10.0,12.5
Scotland,Tyler Fletcher,1049911,Central Midfield,National League Cup,25/26,4,4,0,0,288,75.0,0,0,0,0,80.0,0,0.0,0.0
Scotland,Tyler Fletcher,1049911,Central Midfield,Premier League,25/26,2,14,0,0,17,0.0,0,0,0,0,1.3492063492063493,0,0.0,0.0
Scotland,Tyler Fletcher,1049911,Central Midfield,FA Cup,25/26,0,1,0,0,0,0.0,0,0,0,0,0.0,0,0.0,0.0
Scotland,Kenny McLean,126600,Central Midfield,Championship,25/26,42,46,3,4,3620,89.13043478260869,6,0,0,0,87.43961352657004,0,11.11111111111111,12.280701754385964
Scotland,Kenny McLean,126600,Central Midfield,FA Cup,25/26,2,3,0,0,99,33.33333333333333,0,0,0,0,36.666666666666664,0,0.0,0.0
Scotland,Kenny McLean,126600,Central Midfield,EFL Cup,25/26,1,2,0,0,26,0.0,0,0,0,0,14.444444444444443,0,0.0,0.0
Scotland,Findlay Curtis,1082993,Left Winger,Premiership,25/26,19,33,2,1,845,27.27272727272727,1,0,0,0,28.45117845117845,0,5.555555555555555,10.344827586206897
Scotland,Findlay Curtis,1082993,Left Winger,Europa League,25/26,4,8,0,1,119,12.5,1,0,0,0,16.52777777777778,0,20.0,20.0
Scotland,Findlay Curtis,1082993,Left Winger,Champions League Qu.,25/26,4,6,1,0,184,33.33333333333333,0,0,0,0,34.074074074074076,0,12.5,12.5
Scotland,Findlay Curtis,1082993,Left Winger,SFA Cup,25/26,1,1,0,1,90,100.0,0,0,0,0,100.0,0,20.0,20.0
Scotland,Findlay Curtis,1082993,Left Winger,League Cup,25/26,2,3,1,0,9,0.0,0,0,0,0,3.0,0,14.285714285714285,14.285714285714285
Scotland,Findlay Curtis,1082993,Left Winger,Premiership Relegation,25/26,5,5,4,0,425,100.0,0,0,0,0,94.44444444444444,0,30.76923076923077,30.76923076923077
Scotland,Ben Gannon-Doak,719673,Right Winger,Premier League,25/26,8,37,0,1,105,0.0,0,0,0,0,3.153153153153153,0,1.7857142857142856,3.4482758620689653
Scotland,Ben Gannon-Doak,719673,Right Winger,EFL Cup,25/26,1,1,0,0,45,100.0,0,0,0,0,50.0,0,0.0,0.0
Scotland,Ben Gannon-Doak,719673,Right Winger,Community Shield,25/26,0,1,0,0,0,0.0,0,0,0,0,0.0,0,0.0,0.0
Scotland,Ben Gannon-Doak,719673,Right Winger,Premier League Cup,25/26,1,1,0,0,66,100.0,0,0,0,0,73.33333333333333,0,0.0,0.0
Scotland,George Hirst,420808,Centre-Forward,Championship,25/26,42,46,11,4,2111,54.347826086956516,5,0,0,0,50.990338164251206,0,18.75,20.0
Scotland,George Hirst,420808,Centre-Forward,FA Cup,25/26,1,2,0,0,90,50.0,0,0,0,0,50.0,0,0.0,0.0
Scotland,George Hirst,420808,Centre-Forward,EFL Cup,25/26,1,1,0,0,19,0.0,0,0,0,0,21.11111111111111,0,0.0,0.0
Scotland,Ché Adams,346779,Centre-Forward,Serie A,25/26,33,38,6,3,1897,50.0,0,0,0,0,55.46783625730994,0,20.454545454545457,20.930232558139537
Scotland,Ché Adams,346779,Centre-Forward,Italy Cup,25/26,3,4,2,0,213,75.0,0,0,0,0,59.166666666666664,0,33.33333333333333,40.0
Scotland,Lawrence Shankland,225744,Centre-Forward,Premiership,25/26,24,33,13,4,2050,69.6969696969697,1,0,0,0,69.02356902356902,0,29.310344827586203,35.41666666666667
Scotland,Lawrence Shankland,225744,Centre-Forward,Scottish Premiership Top Six Split,25/26,5,5,3,1,450,100.0,3,0,0,0,100.0,0,44.44444444444444,44.44444444444444
Scotland,Lawrence Shankland,225744,Centre-Forward,SFA Cup,25/26,1,1,1,0,96,100.0,0,0,0,0,80.0,0,20.0,100.0
Scotland,Lawrence Shankland,225744,Centre-Forward,League Cup,25/26,4,5,3,1,348,80.0,0,0,0,0,72.5,0,19.047619047619047,23.52941176470588
Scotland,Ross Stewart,447995,Centre-Forward,Championship,25/26,25,46,8,2,979,23.91304347826087,2,0,0,0,23.647342995169083,0,12.195121951219512,20.833333333333336
Scotland,Ross Stewart,447995,Centre-Forward,FA Cup,25/26,4,5,2,0,166,40.0,0,0,0,0,34.583333333333336,0,22.22222222222222,28.57142857142857
Scotland,Ross Stewart,447995,Centre-Forward,EFL Cup,25/26,2,3,0,1,74,33.33333333333333,0,0,0,0,27.40740740740741,0,20.0,25.0
Scotland,Ross Stewart,447995,Centre-Forward,Championship Play-Offs,25/26,2,2,1,0,114,50.0,0,0,0,0,54.285714285714285,0,50.0,50.0
Scotland,Lyndon Dykes,347138,Centre-Forward,Championship,25/26,41,47,5,4,1937,38.297872340425535,4,0,0,0,45.7919621749409,0,16.666666666666664,50.0
Scotland,Lyndon Dykes,347138,Centre-Forward,EFL Cup,25/26,2,2,0,0,80,50.0,0,0,0,0,44.44444444444444,0,0.0,0.0
Senegal,Yehvann Diouf,448632,Goalkeeper,Ligue 1,25/26,26,34,0,0,2340,76.47058823529412,1,0,5,45,76.47058823529412,0,0.0,0.0
Senegal,Yehvann Diouf,448632,Goalkeeper,Europa League,25/26,6,8,0,0,540,75.0,0,0,0,13,75.0,0,0.0,0.0
Senegal,Yehvann Diouf,448632,Goalkeeper,Champions League Qu.,25/26,2,2,0,0,180,100.0,0,0,0,4,100.0,0,0.0,0.0
Senegal,Yehvann Diouf,448632,Goalkeeper,L1/L2 Playoffs,25/26,2,2,0,0,180,100.0,0,0,1,1,100.0,0,0.0,0.0
Senegal,Yehvann Diouf,448632,Goalkeeper,Coupe de France,25/26,2,6,0,0,180,33.33333333333333,1,0,1,2,33.33333333333333,0,0.0,0.0
Senegal,Edouard Mendy,442531,Goalkeeper,Saudi Pro League,25/26,26,34,0,0,2340,76.47058823529412,2,0,14,18,76.47058823529412,0,0.0,0.0
Senegal,Edouard Mendy,442531,Goalkeeper,FIFA Intercontinental Cup,25/26,1,1,0,0,90,100.0,0,0,0,3,100.0,0,0.0,0.0
Senegal,Edouard Mendy,442531,Goalkeeper,AFC Champions League,25/26,9,12,0,0,870,75.0,4,0,4,7,76.31578947368422,0,0.0,0.0
Senegal,Edouard Mendy,442531,Goalkeeper,King's Cup,25/26,3,4,0,0,330,75.0,1,0,1,4,78.57142857142857,0,0.0,0.0
Senegal,Edouard Mendy,442531,Goalkeeper,Saudi Super Cup,25/26,2,2,0,0,180,100.0,0,0,0,3,100.0,0,0.0,0.0
Senegal,Mory Diaw,164904,Goalkeeper,Ligue 1,25/26,30,34,0,1,2655,88.23529411764706,1,0,7,41,86.76470588235294,0,3.125,3.4482758620689653
Senegal,Mamadou Sarr,910905,Centre-Back,Premier League,25/26,3,14,0,0,101,7.142857142857142,0,0,0,0,8.015873015873016,0,0.0,0.0
Senegal,Mamadou Sarr,910905,Centre-Back,UEFA Champions League,25/26,1,2,0,0,45,50.0,0,0,0,0,25.0,0,0.0,0.0
Senegal,Mamadou Sarr,910905,Centre-Back,FA Cup,25/26,2,5,0,0,148,40.0,1,0,0,0,30.833333333333336,0,0.0,0.0
Senegal,Mamadou Sarr,910905,Centre-Back,Ligue 1,25/26,15,20,0,0,1305,75.0,3,0,0,0,72.5,0,0.0,0.0
Senegal,Mamadou Sarr,910905,Centre-Back,Conference League,25/26,1,6,0,0,90,16.666666666666664,0,0,0,0,16.666666666666664,0,0.0,0.0
Senegal,Mamadou Sarr,910905,Centre-Back,UECL Qualifying,25/26,2,2,0,0,180,100.0,1,0,0,0,100.0,0,0.0,0.0
Senegal,Moussa Niakhaté,291200,Centre-Back,Ligue 1,25/26,32,34,0,2,2758,88.23529411764706,3,0,0,0,90.13071895424837,0,3.7735849056603774,4.166666666666666
Senegal,Moussa Niakhaté,291200,Centre-Back,Europa League,25/26,9,10,1,0,739,90.0,1,1,0,0,82.11111111111111,0,5.263157894736842,5.555555555555555
Senegal,Moussa Niakhaté,291200,Centre-Back,Coupe de France,25/26,2,4,0,0,180,50.0,0,0,0,0,50.0,0,0.0,0.0
Senegal,Antoine Mendy,891998,Centre-Back,Ligue 1,25/26,25,34,1,0,2098,70.58823529411765,5,0,0,0,68.56209150326798,0,2.7027027027027026,2.857142857142857
Senegal,Antoine Mendy,891998,Centre-Back,Europa League,25/26,7,8,0,1,413,50.0,3,0,0,0,57.36111111111111,0,14.285714285714285,25.0
Senegal,Antoine Mendy,891998,Centre-Back,Champions League Qu.,25/26,2,2,0,0,180,100.0,1,0,0,0,100.0,0,0.0,0.0
Senegal,Antoine Mendy,891998,Centre-Back,L1/L2 Playoffs,25/26,2,2,0,0,180,100.0,0,0,0,0,100.0,0,0.0,0.0
Senegal,Antoine Mendy,891998,Centre-Back,Coupe de France,25/26,4,6,1,0,360,66.66666666666666,0,0,0,0,66.66666666666666,0,5.0,16.666666666666664
Senegal,Kalidou Koulibaly,93128,Centre-Back,Saudi Pro League,25/26,18,34,1,1,1597,52.94117647058824,6,1,0,0,52.189542483660134,0,2.3529411764705883,4.166666666666666
Senegal,Kalidou Koulibaly,93128,Centre-Back,AFC Champions League,25/26,4,9,1,1,349,44.44444444444444,0,0,0,0,41.54761904761905,0,9.090909090909092,14.285714285714285
Senegal,Kalidou Koulibaly,93128,Centre-Back,King's Cup,25/26,4,5,0,0,390,80.0,0,0,0,0,81.25,0,0.0,0.0
Senegal,Abdoulaye Seck,265383,Centre-Back,Ligat ha'Al,25/26,20,26,2,1,1774,76.92307692307693,2,0,0,0,75.8119658119658,0,6.0,7.894736842105263
Senegal,Abdoulaye Seck,265383,Centre-Back,UECL Qualifying,25/26,4,4,1,0,360,100.0,1,0,0,0,100.0,0,20.0,20.0
Senegal,Abdoulaye Seck,265383,Centre-Back,Gvia haMedina,25/26,2,4,0,1,180,50.0,2,0,0,0,50.0,0,7.6923076923076925,25.0
Senegal,Abdoulaye Seck,265383,Centre-Back,Ligat ha'Al -  Championship round,25/26,6,10,0,0,399,40.0,1,0,0,0,44.333333333333336,0,0.0,0.0
Senegal,El Hadji Malick Diouf,1111589,Left-Back,Premier League,25/26,32,38,0,5,2711,78.94736842105263,6,0,0,0,79.26900584795321,0,10.869565217391305,12.195121951219512
Senegal,El Hadji Malick Diouf,1111589,Left-Back,FA Cup,25/26,1,4,0,0,105,25.0,0,0,0,0,21.875,0,0.0,0.0
Senegal,El Hadji Malick Diouf,1111589,Left-Back,EFL Cup,25/26,1,1,0,0,90,100.0,0,0,0,0,100.0,0,0.0,0.0
Senegal,Ismail Jakobs,375137,Left-Back,Süper Lig,25/26,25,34,0,1,1299,44.11764705882353,1,0,0,0,42.450980392156865,0,1.2987012987012987,1.5151515151515151
Senegal,Ismail Jakobs,375137,Left-Back,UEFA Champions League,25/26,12,12,0,0,871,83.33333333333334,2,0,0,0,78.46846846846847,0,0.0,0.0
Senegal,Ismail Jakobs,375137,Left-Back,Türkiye Kupasi,25/26,2,5,0,0,105,20.0,0,0,0,0,23.333333333333332,0,0.0,0.0
Senegal,Idrissa Gueye,126665,Defensive Midfield,Premier League,25/26,25,38,2,3,2102,65.78947368421053,1,1,0,0,61.46198830409356,0,10.638297872340425,16.666666666666664
Senegal,Idrissa Gueye,126665,Defensive Midfield,EFL Cup,25/26,0,2,0,0,0,0.0,0,0,0,0,0.0,0,0.0,0.0
Senegal,Lamine Camara,918969,Central Midfield,Ligue 1,25/26,24,34,3,4,1851,64.70588235294117,6,0,0,0,60.49019607843137,0,11.666666666666666,15.555555555555555
Senegal,Lamine Camara,918969,Central Midfield,UEFA Champions League,25/26,6,10,0,0,516,60.0,2,0,0,0,57.333333333333336,0,0.0,0.0
Senegal,Lamine Camara,918969,Central Midfield,Coupe de France,25/26,1,3,0,0,90,33.33333333333333,0,0,0,0,33.33333333333333,0,0.0,0.0
Senegal,Pape Gueye,485963,Central Midfield,LaLiga,25/26,30,38,5,2,2143,68.42105263157895,8,0,0,0,62.6608187134503,0,9.722222222222223,10.9375
Senegal,Pape Gueye,485963,Central Midfield,UEFA Champions League,25/26,7,8,0,0,526,75.0,3,0,0,0,73.05555555555556,0,0.0,0.0
Senegal,Pape Gueye,485963,Central Midfield,Copa del Rey,25/26,2,3,0,0,165,66.66666666666666,1,0,0,0,55.00000000000001,0,0.0,0.0
Senegal,Habib Diarra,876631,Central Midfield,Premier League,25/26,20,38,2,3,1409,39.473684210526315,6,0,0,0,41.198830409356724,0,11.904761904761903,20.833333333333336
Senegal,Habib Diarra,876631,Central Midfield,FA Cup,25/26,2,3,1,0,154,66.66666666666666,0,0,0,0,51.33333333333333,0,20.0,100.0
Senegal,Pape Matar Sarr,568693,Central Midfield,Premier League,25/26,26,38,2,4,1389,34.21052631578947,3,0,0,0,40.614035087719294,0,12.5,16.216216216216218
Senegal,Pape Matar Sarr,568693,Central Midfield,UEFA Champions League,25/26,9,10,0,0,643,70.0,0,0,0,0,71.44444444444444,0,0.0,0.0
Senegal,Pape Matar Sarr,568693,Central Midfield,UEFA Super Cup,25/26,1,1,0,0,90,100.0,0,0,0,0,100.0,0,0.0,0.0
Senegal,Pape Matar Sarr,568693,Central Midfield,EFL Cup,25/26,1,2,0,0,90,50.0,0,0,0,0,50.0,0,0.0,0.0
Senegal,Bara Sapoko Ndiaye,1497653,Central Midfield,Bundesliga,25/26,4,19,0,0,142,10.526315789473683,0,0,0,0,8.304093567251462,0,0.0,0.0
Senegal,Bara Sapoko Ndiaye,1497653,Central Midfield,DFB-Pokal,25/26,0,3,0,0,0,0.0,0,0,0,0,0.0,0,0.0,0.0
Senegal,Pathé Ciss,525578,Central Midfield,LaLiga,25/26,29,38,2,1,1994,52.63157894736842,9,2,0,0,58.304093567251456,0,7.317073170731707,9.375
Senegal,Pathé Ciss,525578,Central Midfield,Conference League,25/26,12,13,0,1,957,84.61538461538461,5,0,0,0,81.7948717948718,0,4.545454545454546,5.263157894736842
Senegal,Pathé Ciss,525578,Central Midfield,UECL Qualifying,25/26,0,2,0,0,0,0.0,0,0,0,0,0.0,0,0.0,0.0
Senegal,Pathé Ciss,525578,Central Midfield,Copa del Rey,25/26,2,4,0,1,168,50.0,0,0,0,0,43.07692307692308,0,9.090909090909092,12.5
Senegal,Krépin Diatta,490426,Right Midfield,Ligue 1,25/26,18,34,0,1,1011,29.411764705882355,2,0,0,0,33.03921568627451,0,1.6666666666666667,2.941176470588235
Senegal,Krépin Diatta,490426,Right Midfield,UEFA Champions League,25/26,3,10,0,1,179,20.0,1,0,0,0,19.88888888888889,0,8.333333333333332,25.0
Senegal,Krépin Diatta,490426,Right Midfield,Coupe de France,25/26,1,3,0,0,45,0.0,0,0,0,0,16.666666666666664,0,0.0,0.0
Senegal,Assane Diao,1061282,Left Winger,Serie A,25/26,17,38,2,1,1084,34.21052631578947,2,0,0,0,31.69590643274854,0,4.615384615384616,11.11111111111111
Senegal,Assane Diao,1061282,Left Winger,Italy Cup,25/26,3,6,0,0,73,0.0,0,0,0,0,13.518518518518519,0,0.0,0.0
Senegal,Sadio Mané,200512,Left Winger,Saudi Pro League,25/26,25,34,10,6,2136,73.52941176470588,6,0,0,0,69.80392156862744,0,17.582417582417584,22.535211267605636
Senegal,Sadio Mané,200512,Left Winger,AFC Champions League Two,25/26,8,11,3,3,439,36.36363636363637,1,0,0,0,44.343434343434346,0,18.181818181818183,22.22222222222222
Senegal,Sadio Mané,200512,Left Winger,King's Cup,25/26,2,2,0,0,117,50.0,0,0,0,0,65.0,0,0.0,0.0
Senegal,Sadio Mané,200512,Left Winger,Saudi Super Cup,25/26,1,2,1,0,25,50.0,0,1,0,0,13.88888888888889,0,14.285714285714285,50.0
Senegal,Iliman Ndiaye,623570,Right Winger,Premier League,25/26,32,38,6,3,2789,84.21052631578947,2,0,0,0,81.54970760233918,0,19.148936170212767,21.951219512195124
Senegal,Iliman Ndiaye,623570,Right Winger,EFL Cup,25/26,2,2,0,0,44,0.0,0,0,0,0,24.444444444444443,0,0.0,0.0
Senegal,Ismaïla Sarr,410225,Right Winger,Premier League,25/26,28,38,9,1,2177,63.1578947368421,2,0,0,0,63.65497076023392,0,24.390243902439025,30.303030303030305
Senegal,Ismaïla Sarr,410225,Right Winger,Conference League,25/26,13,15,9,0,1103,80.0,2,0,0,0,79.92753623188406,0,34.61538461538461,42.857142857142854
Senegal,Ismaïla Sarr,410225,Right Winger,UECL Qualifying,25/26,2,2,0,0,180,100.0,0,0,0,0,100.0,0,0.0,0.0
Senegal,Ismaïla Sarr,410225,Right Winger,Community Shield,25/26,1,1,1,1,90,100.0,0,0,0,0,100.0,0,40.0,100.0
Senegal,Ismaïla Sarr,410225,Right Winger,EFL Cup,25/26,1,3,2,0,62,33.33333333333333,0,0,0,0,22.962962962962962,0,12.5,66.66666666666666
Senegal,Ibrahim Mbaye,1185888,Right Winger,Ligue 1,25/26,24,34,3,2,998,29.411764705882355,0,0,0,0,32.61437908496732,0,6.756756756756757,7.462686567164178
Senegal,Ibrahim Mbaye,1185888,Right Winger,UEFA Champions League,25/26,4,17,0,0,101,5.88235294117647,0,0,0,0,6.474358974358975,0,0.0,0.0
Senegal,Ibrahim Mbaye,1185888,Right Winger,UEFA Super Cup,25/26,1,1,0,0,23,0.0,0,0,0,0,25.555555555555554,0,0.0,0.0
Senegal,Ibrahim Mbaye,1185888,Right Winger,FIFA Intercontinental Cup,25/26,1,1,0,0,30,0.0,0,0,0,0,25.0,0,0.0,0.0
Senegal,Ibrahim Mbaye,1185888,Right Winger,National U19 - Grp. A,25/26,1,1,0,0,90,100.0,0,0,0,0,100.0,0,0.0,0.0
Senegal,Nicolas Jackson,776890,Centre-Forward,Bundesliga,25/26,23,32,8,2,1004,37.5,2,1,0,0,34.86111111111111,0,8.849557522123893,11.627906976744185
Senegal,Nicolas Jackson,776890,Centre-Forward,UEFA Champions League,25/26,10,14,3,2,313,21.428571428571427,0,0,0,0,24.841269841269842,0,11.627906976744185,12.195121951219512
Senegal,Nicolas Jackson,776890,Centre-Forward,DFB-Pokal,25/26,1,5,0,0,3,0.0,0,0,0,0,0.6666666666666667,0,0.0,0.0
Senegal,Bamba Dieng,822458,Centre-Forward,Ligue 1,25/26,22,34,10,1,1219,44.11764705882353,2,0,0,0,39.83660130718954,0,22.916666666666664,26.82926829268293
Senegal,Bamba Dieng,822458,Centre-Forward,Coupe de France,25/26,3,4,5,0,209,75.0,1,0,0,0,58.05555555555556,0,29.411764705882355,41.66666666666667
Senegal,Bamba Dieng,822458,Centre-Forward,National 2 - Grp. A,25/26,1,1,1,0,45,100.0,0,0,0,0,50.0,0,100.0,100.0
Senegal,Cherif Ndiaye,480705,Centre-Forward,Süper Lig,25/26,23,31,7,3,1422,51.61290322580645,2,0,0,0,50.967741935483865,1,23.809523809523807,31.25
Senegal,Cherif Ndiaye,480705,Centre-Forward,Conference League,25/26,4,10,2,0,245,30.0,0,0,0,0,27.22222222222222,0,11.76470588235294,28.57142857142857
Senegal,Cherif Ndiaye,480705,Centre-Forward,Türkiye Kupasi,25/26,2,5,1,0,136,40.0,0,0,0,0,28.333333333333332,1,7.6923076923076925,25.0
Senegal,Cherif Ndiaye,480705,Centre-Forward,Champions League Qu.,25/26,5,6,2,2,370,66.66666666666666,0,0,0,0,68.51851851851852,0,33.33333333333333,36.36363636363637
Senegal,Cherif Ndiaye,480705,Centre-Forward,Super liga Srbije,25/26,3,5,1,0,111,20.0,0,0,0,0,24.666666666666668,0,4.761904761904762,6.25
South Africa,Sipho Chaine,453370,Goalkeeper,Betway Premiership,25/26,30,30,0,0,2700,100.0,0,0,21,12,100.0,0,0.0,0.0
South Africa,Sipho Chaine,453370,Goalkeeper,CAF-Champions League,25/26,3,4,0,0,231,75.0,0,0,3,0,64.16666666666667,0,0.0,0.0
South Africa,Sipho Chaine,453370,Goalkeeper,MTN8,25/26,4,4,0,0,390,100.0,1,0,2,2,100.0,0,0.0,0.0
South Africa,Sipho Chaine,453370,Goalkeeper,Carling Knockout,25/26,4,4,0,0,390,100.0,1,0,3,1,100.0,0,0.0,0.0
South Africa,Sipho Chaine,453370,Goalkeeper,Nedbank Cup,25/26,1,2,0,0,120,50.0,0,0,1,0,57.14285714285714,0,0.0,0.0
South Africa,Ronwen Williams,175577,Goalkeeper,Betway Premiership,25/26,29,30,0,0,2610,96.66666666666667,0,0,13,21,96.66666666666667,0,0.0,0.0
South Africa,Ronwen Williams,175577,Goalkeeper,CAF-Champions League,25/26,12,14,0,0,1080,85.71428571428571,2,0,6,8,85.71428571428571,0,0.0,0.0
South Africa,Ronwen Williams,175577,Goalkeeper,MTN8,25/26,3,3,0,0,270,100.0,1,0,1,2,100.0,0,0.0,0.0
South Africa,Ronwen Williams,175577,Goalkeeper,Carling Knockout,25/26,1,1,0,0,120,100.0,0,0,1,0,100.0,0,0.0,0.0
South Africa,Ricardo Goss,258304,Goalkeeper,Betway Premiership,25/26,29,30,0,0,2610,96.66666666666667,3,0,14,26,96.66666666666667,0,0.0,0.0
South Africa,Ricardo Goss,258304,Goalkeeper,Carling Knockout,25/26,0,1,0,0,0,0.0,0,0,0,0,0.0,0,0.0,0.0
South Africa,Ricardo Goss,258304,Goalkeeper,Nedbank Cup,25/26,1,1,0,0,120,100.0,0,0,0,3,100.0,0,0.0,0.0
South Africa,Mbekezeli Mbokazi,1378320,Centre-Back,MLS,2026,12,14,0,0,1050,85.71428571428571,2,0,0,0,83.33333333333334,0,0.0,0.0
South Africa,Mbekezeli Mbokazi,1378320,Centre-Back,US Open Cup,2026,2,2,0,0,130,50.0,0,0,0,0,72.22222222222221,0,0.0,0.0
South Africa,Mbekezeli Mbokazi,1378320,Centre-Back,CAF-Champions League,25/26,2,4,0,0,180,50.0,0,0,0,0,50.0,0,0.0,0.0
South Africa,Mbekezeli Mbokazi,1378320,Centre-Back,MTN8,25/26,4,4,0,1,390,100.0,0,0,0,0,100.0,0,9.090909090909092,14.285714285714285
South Africa,Mbekezeli Mbokazi,1378320,Centre-Back,Carling Knockout,25/26,4,4,1,0,390,100.0,1,0,0,0,100.0,0,20.0,20.0
South Africa,Mbekezeli Mbokazi,1378320,Centre-Back,Betway Premiership,25/26,11,13,0,0,909,76.92307692307693,1,0,0,0,77.6923076923077,0,0.0,0.0
South Africa,Ime Okon,1107265,Centre-Back,2. Bundesliga,25/26,25,34,2,0,1716,55.88235294117647,4,0,0,0,56.07843137254902,0,3.3333333333333335,4.0
South Africa,Ime Okon,1107265,Centre-Back,DFB-Pokal,25/26,1,1,0,0,90,100.0,1,0,0,0,100.0,0,0.0,0.0
South Africa,Olwethu Makhanya,1069801,Centre-Back,MLS,2026,13,15,0,0,1170,86.66666666666667,4,0,0,0,86.66666666666667,1,0.0,0.0
South Africa,Olwethu Makhanya,1069801,Centre-Back,CONCACAF Champions Cup,25/26,4,4,1,0,298,100.0,1,0,0,0,82.77777777777777,0,7.6923076923076925,7.6923076923076925
South Africa,Nkosinathi Sibisi,399068,Centre-Back,Betway Premiership,25/26,23,30,0,0,1963,73.33333333333333,3,0,0,0,72.70370370370371,0,0.0,0.0
South Africa,Nkosinathi Sibisi,399068,Centre-Back,CAF-Champions League,25/26,1,4,0,0,90,25.0,0,0,0,0,25.0,0,0.0,0.0
South Africa,Nkosinathi Sibisi,399068,Centre-Back,MTN8,25/26,2,4,0,0,105,25.0,0,0,0,0,26.923076923076923,0,0.0,0.0
South Africa,Nkosinathi Sibisi,399068,Centre-Back,Carling Knockout,25/26,2,4,0,0,105,25.0,0,0,0,0,26.923076923076923,0,0.0,0.0
South Africa,Nkosinathi Sibisi,399068,Centre-Back,Nedbank Cup,25/26,2,2,0,0,200,100.0,0,0,0,0,95.23809523809523,0,0.0,0.0
South Africa,Khulumani Ndamane,1283140,Centre-Back,Betway Premiership,25/26,26,31,0,1,2270,80.64516129032258,9,0,0,0,81.36200716845879,0,1.8181818181818181,3.8461538461538463
South Africa,Khulumani Ndamane,1283140,Centre-Back,CAF-Champions League,25/26,9,10,0,0,677,80.0,1,0,0,0,75.22222222222223,0,0.0,0.0
South Africa,Khulumani Ndamane,1283140,Centre-Back,MTN8,25/26,1,1,0,1,65,100.0,0,0,0,0,72.22222222222221,0,50.0,50.0
South Africa,Khulumani Ndamane,1283140,Centre-Back,Carling Knockout,25/26,1,2,0,0,120,50.0,0,0,0,0,50.0,0,0.0,0.0
South Africa,Samukele Kabini,1175086,Left-Back,Eliteserien,2026,7,11,0,1,618,63.63636363636363,1,1,0,0,62.42424242424243,1,5.555555555555555,7.142857142857142
South Africa,Samukele Kabini,1175086,Left-Back,NM-Cup,2026,2,2,0,0,210,100.0,0,0,0,0,100.0,0,0.0,0.0
South Africa,Aubrey Modiba,353432,Left-Back,Betway Premiership,25/26,27,30,0,3,2018,73.33333333333333,4,0,0,0,74.74074074074075,0,5.263157894736842,5.769230769230769
South Africa,Aubrey Modiba,353432,Left-Back,CAF-Champions League,25/26,9,14,1,4,674,57.14285714285714,1,1,0,0,53.492063492063494,0,21.73913043478261,29.411764705882355
South Africa,Aubrey Modiba,353432,Left-Back,MTN8,25/26,3,3,0,0,182,66.66666666666666,1,0,0,0,67.4074074074074,0,0.0,0.0
South Africa,Aubrey Modiba,353432,Left-Back,Carling Knockout,25/26,1,1,0,0,120,100.0,1,0,0,0,100.0,0,0.0,0.0
South Africa,Aubrey Modiba,353432,Left-Back,Nedbank Cup,25/26,2,2,0,0,107,50.0,0,0,0,0,59.44444444444444,0,0.0,0.0
South Africa,Bradley Cross,555209,Left-Back,Betway Premiership,25/26,22,30,0,1,1722,63.33333333333333,2,0,0,0,63.77777777777778,0,3.0303030303030303,3.225806451612903
South Africa,Bradley Cross,555209,Left-Back,CAF Confederation Cup,25/26,5,10,0,0,366,50.0,0,0,0,0,40.666666666666664,0,0.0,0.0
South Africa,Bradley Cross,555209,Left-Back,Carling Knockout,25/26,1,1,0,0,120,100.0,0,0,0,0,100.0,0,0.0,0.0
South Africa,Thabang Matuludi,1109254,Right-Back,Betway Premiership,25/26,23,30,2,0,1950,73.33333333333333,4,1,0,0,72.22222222222221,0,9.523809523809524,11.11111111111111
South Africa,Thabang Matuludi,1109254,Right-Back,Carling Knockout,25/26,1,1,0,0,120,100.0,0,0,0,0,100.0,0,0.0,0.0
South Africa,Thabang Matuludi,1109254,Right-Back,Nedbank Cup,25/26,1,1,0,0,120,100.0,0,0,0,0,100.0,0,0.0,0.0
South Africa,Khuliso Mudau,450806,Right-Back,Betway Premiership,25/26,21,30,0,2,1527,56.666666666666664,8,0,0,0,56.55555555555556,0,3.508771929824561,4.878048780487805
South Africa,Khuliso Mudau,450806,Right-Back,CAF-Champions League,25/26,14,14,1,1,1239,100.0,2,0,0,0,98.33333333333333,0,8.695652173913043,8.695652173913043
South Africa,Khuliso Mudau,450806,Right-Back,Carling Knockout,25/26,1,1,0,0,99,100.0,0,0,0,0,82.5,0,0.0,0.0
South Africa,Khuliso Mudau,450806,Right-Back,Nedbank Cup,25/26,0,2,0,0,0,0.0,0,0,0,0,0.0,0,0.0,0.0
South Africa,Kamogelo Sebelebele,994370,Right-Back,Betway Premiership,25/26,24,30,4,2,1777,66.66666666666666,3,0,0,0,65.81481481481481,0,10.344827586206897,13.333333333333334
South Africa,Kamogelo Sebelebele,994370,Right-Back,CAF-Champions League,25/26,2,4,0,0,91,50.0,0,0,0,0,25.27777777777778,0,0.0,0.0
South Africa,Kamogelo Sebelebele,994370,Right-Back,MTN8,25/26,3,4,2,0,300,75.0,1,0,0,0,76.92307692307693,0,18.181818181818183,28.57142857142857
South Africa,Kamogelo Sebelebele,994370,Right-Back,Carling Knockout,25/26,2,4,0,0,29,0.0,0,0,0,0,7.435897435897436,0,0.0,0.0
South Africa,Kamogelo Sebelebele,994370,Right-Back,Nedbank Cup,25/26,2,2,0,0,58,0.0,0,0,0,0,27.61904761904762,0,0.0,0.0
South Africa,Teboho Mokoena,436372,Defensive Midfield,Betway Premiership,25/26,23,30,4,2,1618,60.0,5,0,0,0,59.925925925925924,1,10.526315789473683,12.244897959183673
South Africa,Teboho Mokoena,436372,Defensive Midfield,CAF-Champions League,25/26,14,14,2,0,1228,100.0,2,0,0,0,97.46031746031746,0,8.695652173913043,8.695652173913043
South Africa,Teboho Mokoena,436372,Defensive Midfield,MTN8,25/26,3,3,1,0,270,100.0,1,0,0,0,100.0,0,14.285714285714285,16.666666666666664
South Africa,Teboho Mokoena,436372,Defensive Midfield,Carling Knockout,25/26,1,1,0,0,59,0.0,1,0,0,0,49.166666666666664,0,0.0,0.0
South Africa,Thalente Mbatha,735697,Central Midfield,Betway Premiership,25/26,22,30,0,1,1606,66.66666666666666,1,0,0,0,59.48148148148148,0,1.7241379310344827,2.083333333333333
South Africa,Thalente Mbatha,735697,Central Midfield,CAF-Champions League,25/26,1,4,0,0,90,25.0,0,0,0,0,25.0,0,0.0,0.0
South Africa,Thalente Mbatha,735697,Central Midfield,MTN8,25/26,3,4,0,0,238,75.0,0,0,0,0,61.02564102564103,0,0.0,0.0
South Africa,Thalente Mbatha,735697,Central Midfield,Carling Knockout,25/26,2,4,0,0,173,50.0,0,0,0,0,44.35897435897436,0,0.0,0.0
South Africa,Thalente Mbatha,735697,Central Midfield,Nedbank Cup,25/26,1,2,1,0,90,50.0,0,0,0,0,42.857142857142854,0,12.5,25.0
South Africa,Jayden Adams,804472,Central Midfield,Betway Premiership,25/26,23,30,1,0,1420,56.666666666666664,3,1,0,0,52.59259259259259,1,1.7543859649122806,2.3255813953488373
South Africa,Jayden Adams,804472,Central Midfield,CAF-Champions League,25/26,10,14,1,0,704,57.14285714285714,2,0,0,0,55.87301587301587,0,4.3478260869565215,4.3478260869565215
South Africa,Jayden Adams,804472,Central Midfield,MTN8,25/26,3,3,0,0,167,33.33333333333333,0,0,0,0,61.85185185185185,0,0.0,0.0
South Africa,Jayden Adams,804472,Central Midfield,Nedbank Cup,25/26,1,2,0,1,90,50.0,0,0,0,0,50.0,0,50.0,50.0
South Africa,Yaya Sithole,401736,Central Midfield,Liga Portugal,25/26,26,34,1,0,1542,47.05882352941176,6,0,0,0,50.3921568627451,0,3.7037037037037033,4.761904761904762
South Africa,Yaya Sithole,401736,Central Midfield,Taça de Portugal,25/26,2,2,1,0,117,50.0,1,0,0,0,55.714285714285715,0,10.0,20.0
South Africa,Themba Zwane,176578,Attacking Midfield,Betway Premiership,25/26,15,30,0,1,533,13.333333333333334,0,0,0,0,19.74074074074074,0,1.7543859649122806,2.380952380952381
South Africa,Themba Zwane,176578,Attacking Midfield,CAF-Champions League,25/26,4,14,0,0,33,0.0,0,0,0,0,2.619047619047619,0,0.0,0.0
South Africa,Themba Zwane,176578,Attacking Midfield,MTN8,25/26,2,3,0,0,88,66.66666666666666,0,0,0,0,32.592592592592595,0,0.0,0.0
South Africa,Themba Zwane,176578,Attacking Midfield,Nedbank Cup,25/26,2,2,0,0,100,50.0,0,0,0,0,55.55555555555556,0,0.0,0.0
South Africa,Relebohile Mofokeng,1125037,Left Winger,Betway Premiership,25/26,27,30,10,8,2132,76.66666666666667,2,0,0,0,78.96296296296296,0,31.03448275862069,32.72727272727273
South Africa,Relebohile Mofokeng,1125037,Left Winger,CAF-Champions League,25/26,1,4,0,1,76,25.0,0,0,0,0,21.11111111111111,0,7.142857142857142,33.33333333333333
South Africa,Relebohile Mofokeng,1125037,Left Winger,MTN8,25/26,4,4,0,0,375,100.0,1,0,0,0,96.15384615384616,0,0.0,0.0
South Africa,Relebohile Mofokeng,1125037,Left Winger,Carling Knockout,25/26,3,4,1,0,199,50.0,0,0,0,0,51.02564102564102,0,20.0,33.33333333333333
South Africa,Relebohile Mofokeng,1125037,Left Winger,Nedbank Cup,25/26,1,2,0,0,120,50.0,0,0,0,0,57.14285714285714,0,0.0,0.0
South Africa,Oswin Appollis,673381,Left Winger,Betway Premiership,25/26,30,30,9,6,2170,80.0,0,0,0,0,80.37037037037037,0,25.862068965517242,25.862068965517242
South Africa,Oswin Appollis,673381,Left Winger,CAF-Champions League,25/26,3,4,2,0,181,75.0,0,0,0,0,50.27777777777778,0,14.285714285714285,20.0
South Africa,Oswin Appollis,673381,Left Winger,MTN8,25/26,4,4,1,2,233,50.0,0,0,0,0,59.743589743589745,0,27.27272727272727,42.857142857142854
South Africa,Oswin Appollis,673381,Left Winger,Carling Knockout,25/26,4,4,0,1,348,100.0,0,0,0,0,89.23076923076924,0,20.0,20.0
South Africa,Oswin Appollis,673381,Left Winger,Nedbank Cup,25/26,2,2,0,0,119,50.0,0,0,0,0,56.666666666666664,0,0.0,0.0
South Africa,Tshepang Moremi,844485,Left Winger,Betway Premiership,25/26,28,30,5,4,1539,60.0,1,0,0,0,56.99999999999999,0,15.517241379310345,16.9811320754717
South Africa,Tshepang Moremi,844485,Left Winger,CAF-Champions League,25/26,2,4,2,0,180,50.0,0,0,0,0,50.0,0,14.285714285714285,20.0
South Africa,Tshepang Moremi,844485,Left Winger,MTN8,25/26,3,4,2,1,95,0.0,0,0,0,0,24.358974358974358,0,27.27272727272727,42.857142857142854
South Africa,Tshepang Moremi,844485,Left Winger,Carling Knockout,25/26,4,4,2,0,344,75.0,1,0,0,0,88.2051282051282,0,40.0,40.0
South Africa,Tshepang Moremi,844485,Left Winger,Nedbank Cup,25/26,2,2,0,0,150,100.0,1,0,0,0,71.42857142857143,0,0.0,0.0
South Africa,Thapelo Maseko,983330,Left Winger,Cyprus League,25/26,12,15,1,1,644,53.333333333333336,1,0,0,0,47.7037037037037,1,10.526315789473683,11.76470588235294
South Africa,Thapelo Maseko,983330,Left Winger,Kypello Kyprou,25/26,3,4,1,0,170,50.0,1,0,0,0,43.58974358974359,0,20.0,20.0
South Africa,Thapelo Maseko,983330,Left Winger,CAF-Champions League,25/26,1,4,0,0,1,0.0,0,0,0,0,0.2777777777777778,0,0.0,0.0
South Africa,Thapelo Maseko,983330,Left Winger,MTN8,25/26,1,3,0,0,25,0.0,1,0,0,0,9.25925925925926,0,0.0,0.0
South Africa,Thapelo Maseko,983330,Left Winger,Betway Premiership,25/26,5,14,0,0,103,0.0,0,0,0,0,8.174603174603174,0,0.0,0.0
South Africa,Lyle Foster,467623,Centre-Forward,Premier League,25/26,26,38,3,2,1372,39.473684210526315,4,0,0,0,40.11695906432748,0,13.157894736842104,16.129032258064516
South Africa,Lyle Foster,467623,Centre-Forward,FA Cup,25/26,1,2,0,1,90,50.0,0,0,0,0,50.0,0,16.666666666666664,100.0
South Africa,Iqraam Rayners,337884,Centre-Forward,Betway Premiership,25/26,26,30,12,3,1439,53.333333333333336,0,0,0,0,53.2962962962963,0,26.31578947368421,29.411764705882355
South Africa,Iqraam Rayners,337884,Centre-Forward,CAF-Champions League,25/26,6,14,1,0,281,21.428571428571427,1,0,0,0,22.301587301587304,0,4.3478260869565215,10.0
South Africa,Iqraam Rayners,337884,Centre-Forward,MTN8,25/26,3,3,3,0,254,100.0,1,0,0,0,94.07407407407408,0,42.857142857142854,50.0
South Africa,Iqraam Rayners,337884,Centre-Forward,Carling Knockout,25/26,1,1,0,0,89,100.0,0,0,0,0,74.16666666666667,0,0.0,0.0
South Africa,Iqraam Rayners,337884,Centre-Forward,Nedbank Cup,25/26,0,2,0,0,0,0.0,0,0,0,0,0.0,0,0.0,0.0
South Africa,Evidence Makgopa,746781,Centre-Forward,Betway Premiership,25/26,24,30,6,4,1067,36.666666666666664,0,0,0,0,39.51851851851852,0,17.24137931034483,19.230769230769234
South Africa,Evidence Makgopa,746781,Centre-Forward,CAF-Champions League,25/26,1,4,0,0,45,25.0,0,0,0,0,12.5,0,0.0,0.0
South Africa,Evidence Makgopa,746781,Centre-Forward,MTN8,25/26,3,4,0,0,224,75.0,0,0,0,0,57.43589743589743,0,0.0,0.0
South Africa,Evidence Makgopa,746781,Centre-Forward,Carling Knockout,25/26,3,4,1,0,148,50.0,0,0,0,0,37.94871794871795,0,20.0,20.0
South Africa,Evidence Makgopa,746781,Centre-Forward,Nedbank Cup,25/26,0,2,0,0,0,0.0,0,0,0,0,0.0,0,0.0,0.0
South Korea,Bum-keun Song,508237,Goalkeeper,K League 1,2026,15,15,0,0,1350,100.0,0,0,7,12,100.0,0,0.0,0.0
South Korea,Bum-keun Song,508237,Goalkeeper,Korean Super Cup,2026,1,1,0,0,90,100.0,0,0,1,0,100.0,0,0.0,0.0
South Korea,Hyeon-woo Jo,260171,Goalkeeper,K League 1,2026,15,15,0,0,1350,100.0,0,0,3,20,100.0,0,0.0,0.0
South Korea,Hyeon-woo Jo,260171,Goalkeeper,AFC Champions League,25/26,5,8,0,0,450,62.5,0,0,1,7,62.5,0,0.0,0.0
South Korea,Seung-gyu Kim,92076,Goalkeeper,J1 Special Season,2026,16,20,0,0,1440,80.0,0,0,5,25,80.0,0,0.0,0.0
South Korea,Min-jae Kim,503482,Centre-Back,Bundesliga,25/26,25,34,1,1,1605,55.88235294117647,1,0,0,0,52.450980392156865,0,1.639344262295082,2.0
South Korea,Min-jae Kim,503482,Centre-Back,UEFA Champions League,25/26,8,14,0,0,336,21.428571428571427,1,0,0,0,26.666666666666668,1,0.0,0.0
South Korea,Min-jae Kim,503482,Centre-Back,DFL-Supercup,25/26,1,1,0,0,10,0.0,0,0,0,0,11.11111111111111,0,0.0,0.0
South Korea,Min-jae Kim,503482,Centre-Back,DFB-Pokal,25/26,3,6,0,0,100,16.666666666666664,0,0,0,0,18.51851851851852,0,0.0,0.0
South Korea,Han-beom Lee,706963,Centre-Back,Superliga,25/26,19,22,0,1,1479,72.72727272727273,2,0,0,0,74.69696969696969,0,1.7241379310344827,1.7241379310344827
South Korea,Han-beom Lee,706963,Centre-Back,Europa League,25/26,9,10,0,1,504,40.0,1,0,0,0,54.19354838709678,0,5.0,5.0
South Korea,Han-beom Lee,706963,Centre-Back,Europa League Qualifying,25/26,4,6,0,0,332,50.0,1,0,0,0,58.245614035087726,0,0.0,0.0
South Korea,Han-beom Lee,706963,Centre-Back,Superliga Championship round,25/26,10,10,0,0,860,90.0,1,0,0,0,95.55555555555556,0,0.0,0.0
South Korea,Han-beom Lee,706963,Centre-Back,Oddset Pokalen,25/26,7,7,2,2,630,100.0,1,0,0,0,100.0,0,25.0,25.0
South Korea,Han-beom Lee,706963,Centre-Back,Future Cup,25/26,1,1,2,0,45,0.0,0,0,0,0,50.0,0,33.33333333333333,33.33333333333333
South Korea,Tae-hyeon Kim,645847,Centre-Back,J1 Special Season,2026,15,20,1,1,1350,75.0,1,0,0,0,75.0,0,4.3478260869565215,7.4074074074074066
South Korea,Gi-hyuk Lee,763349,Centre-Back,K League 1,2026,14,15,0,0,1258,93.33333333333333,3,0,0,0,93.18518518518518,0,0.0,0.0
South Korea,Gi-hyuk Lee,763349,Centre-Back,AFC Champions League,25/26,7,10,0,0,499,50.0,0,0,0,0,55.44444444444444,0,0.0,0.0
South Korea,Wi-je Cho,550978,Centre-Back,K League 1,2026,12,15,2,0,1066,80.0,5,0,0,0,78.96296296296296,0,9.523809523809524,10.0
South Korea,Wi-je Cho,550978,Centre-Back,Korean Super Cup,2026,0,1,0,0,0,0.0,0,0,0,0,0.0,0,0.0,0.0
South Korea,Tae-seok Lee,639027,Left-Back,Bundesliga,25/26,30,32,3,5,2574,90.625,6,0,0,0,89.375,0,17.77777777777778,19.51219512195122
South Korea,Young-woo Seol,639414,Right-Back,Super liga Srbije,25/26,27,30,1,5,2314,86.66666666666667,1,0,0,0,85.70370370370371,0,6.896551724137931,7.59493670886076
South Korea,Young-woo Seol,639414,Right-Back,Europa League,25/26,10,10,0,1,930,100.0,2,0,0,0,100.0,0,12.5,12.5
South Korea,Young-woo Seol,639414,Right-Back,Champions League Qu.,25/26,5,6,0,0,401,83.33333333333334,0,1,0,0,74.25925925925925,0,0.0,0.0
South Korea,Young-woo Seol,639414,Right-Back,Super liga Championship round,25/26,4,7,1,0,360,57.14285714285714,0,0,0,0,57.14285714285714,0,7.6923076923076925,10.0
South Korea,Young-woo Seol,639414,Right-Back,Kup Srbije,25/26,4,5,0,1,324,60.0,1,0,0,0,67.5,0,5.88235294117647,10.0
South Korea,Moon-hwan Kim,524592,Right-Back,K League 1,2026,15,15,0,1,1106,80.0,2,0,0,0,81.92592592592592,0,5.88235294117647,5.88235294117647
South Korea,Moon-hwan Kim,524592,Right-Back,Korean Super Cup,2026,1,1,0,0,90,100.0,0,0,0,0,100.0,0,0.0,0.0
South Korea,In-beom Hwang,365394,Defensive Midfield,Eredivisie,25/26,17,34,1,3,984,35.294117647058826,2,0,0,0,32.15686274509804,0,5.714285714285714,10.256410256410255
South Korea,In-beom Hwang,365394,Defensive Midfield,Europa League,25/26,4,8,0,0,198,37.5,1,0,0,0,27.500000000000004,0,0.0,0.0
South Korea,In-beom Hwang,365394,Defensive Midfield,Champions League Qu.,25/26,2,2,0,2,158,100.0,0,0,0,0,87.77777777777777,0,50.0,50.0
South Korea,In-beom Hwang,365394,Defensive Midfield,KNVB Beker,25/26,1,1,0,0,45,100.0,0,0,0,0,50.0,0,0.0,0.0
South Korea,Jin-seob Park,557469,Defensive Midfield,Super League,2026,13,15,0,0,1124,86.66666666666667,4,0,0,0,83.25925925925925,0,0.0,0.0
South Korea,Jens Castrop,613192,Central Midfield,Bundesliga,25/26,26,34,3,1,1594,58.82352941176471,2,2,0,0,52.09150326797386,0,9.523809523809524,13.793103448275861
South Korea,Jens Castrop,613192,Central Midfield,DFB-Pokal,25/26,2,3,0,0,24,0.0,0,0,0,0,8.88888888888889,0,0.0,0.0
South Korea,Seung-ho Paik,282689,Central Midfield,Championship,25/26,43,46,4,1,3374,82.6086956521739,6,0,0,0,81.4975845410628,0,8.771929824561402,9.803921568627452
South Korea,Seung-ho Paik,282689,Central Midfield,FA Cup,25/26,1,2,0,0,90,50.0,0,0,0,0,42.857142857142854,0,0.0,0.0
South Korea,Seung-ho Paik,282689,Central Midfield,EFL Cup,25/26,2,2,0,0,68,0.0,0,0,0,0,37.77777777777778,0,0.0,0.0
South Korea,Jin-gyu Kim,365377,Central Midfield,K League 1,2026,15,15,1,1,1105,93.33333333333333,2,0,0,0,81.85185185185185,0,9.523809523809524,9.523809523809524
South Korea,Jin-gyu Kim,365377,Central Midfield,Korean Super Cup,2026,1,1,0,0,69,100.0,0,0,0,0,76.66666666666667,0,0.0,0.0
South Korea,Kang-in Lee,557149,Attacking Midfield,Ligue 1,25/26,27,34,3,4,1522,52.94117647058824,3,0,0,0,49.73856209150327,0,9.45945945945946,10.76923076923077
South Korea,Kang-in Lee,557149,Attacking Midfield,UEFA Champions League,25/26,10,17,0,1,263,0.0,0,0,0,0,16.85897435897436,0,2.0408163265306123,2.3255813953488373
South Korea,Kang-in Lee,557149,Attacking Midfield,UEFA Super Cup,25/26,1,1,1,0,23,0.0,0,0,0,0,25.555555555555554,0,16.666666666666664,50.0
South Korea,Kang-in Lee,557149,Attacking Midfield,FIFA Intercontinental Cup,25/26,1,1,0,0,35,100.0,0,0,0,0,29.166666666666668,0,0.0,0.0
South Korea,Jun-ho Bae,912081,Attacking Midfield,Championship,25/26,42,46,2,3,2931,69.56521739130434,1,0,0,0,70.79710144927536,0,9.803921568627452,10.0
South Korea,Jun-ho Bae,912081,Attacking Midfield,FA Cup,25/26,2,2,1,0,103,50.0,1,0,0,0,57.22222222222222,0,50.0,50.0
South Korea,Jun-ho Bae,912081,Attacking Midfield,EFL Cup,25/26,1,2,0,0,27,0.0,0,0,0,0,15.0,0,0.0,0.0
South Korea,Jae-sung Lee,314398,Attacking Midfield,Bundesliga,25/26,28,34,4,2,2201,76.47058823529412,4,0,0,0,71.9281045751634,0,13.636363636363635,17.647058823529413
South Korea,Jae-sung Lee,314398,Attacking Midfield,Conference League,25/26,7,10,1,2,336,30.0,0,0,0,0,37.333333333333336,0,27.27272727272727,37.5
South Korea,Jae-sung Lee,314398,Attacking Midfield,UECL Qualifying,25/26,2,2,1,0,172,100.0,0,0,0,0,95.55555555555556,0,20.0,20.0
South Korea,Jae-sung Lee,314398,Attacking Midfield,DFB-Pokal,25/26,2,2,0,0,75,50.0,0,0,0,0,41.66666666666667,0,0.0,0.0
South Korea,Dong-gyeong Lee,558086,Attacking Midfield,K League 1,2026,14,15,5,3,1017,73.33333333333333,3,0,0,0,75.33333333333333,0,36.36363636363637,38.095238095238095
South Korea,Dong-gyeong Lee,558086,Attacking Midfield,AFC Champions League,25/26,4,5,0,0,236,40.0,0,0,0,0,52.44444444444445,0,0.0,0.0
South Korea,Heung-min Son,91845,Left Winger,MLS,2026,13,15,0,9,1045,80.0,1,0,0,0,77.4074074074074,0,37.5,40.909090909090914
South Korea,Heung-min Son,91845,Left Winger,CONCACAF Champions Cup,25/26,8,8,2,7,647,100.0,1,0,0,0,89.86111111111111,0,56.25,56.25
South Korea,Ji-sung Eom,706968,Left Winger,Championship,25/26,44,46,2,5,2455,67.3913043478261,3,0,0,0,59.29951690821256,0,12.280701754385964,12.962962962962962
South Korea,Ji-sung Eom,706968,Left Winger,FA Cup,25/26,1,1,1,0,83,100.0,0,0,0,0,69.16666666666667,0,14.285714285714285,50.0
South Korea,Ji-sung Eom,706968,Left Winger,EFL Cup,25/26,3,4,0,1,177,50.0,0,0,0,0,49.166666666666664,0,7.6923076923076925,12.5
South Korea,Hyun-jun Yang,853110,Right Winger,Premiership,25/26,26,33,7,1,1708,69.6969696969697,1,0,0,0,57.50841750841751,0,13.559322033898304,15.686274509803921
South Korea,Hyun-jun Yang,853110,Right Winger,Europa League,25/26,7,10,1,0,452,60.0,1,0,0,0,50.22222222222222,0,6.666666666666667,6.666666666666667
South Korea,Hyun-jun Yang,853110,Right Winger,Champions League Qu.,25/26,2,2,0,0,115,50.0,0,0,0,0,54.761904761904766,0,0.0,0.0
South Korea,Hyun-jun Yang,853110,Right Winger,Scottish Premiership Top Six Split,25/26,5,5,1,1,363,100.0,0,0,0,0,80.66666666666666,0,14.285714285714285,14.285714285714285
South Korea,Hyun-jun Yang,853110,Right Winger,SFA Cup,25/26,4,5,0,1,307,80.0,0,0,0,0,56.851851851851855,0,5.88235294117647,7.6923076923076925
South Korea,Hyun-jun Yang,853110,Right Winger,League Cup,25/26,3,4,1,0,123,25.0,0,0,0,0,31.538461538461537,0,8.333333333333332,8.333333333333332
South Korea,Hyeon-gyu Oh,639246,Centre-Forward,Süper Lig,25/26,13,14,6,3,1088,85.71428571428571,2,0,0,0,86.34920634920636,0,37.5,40.909090909090914
South Korea,Hyeon-gyu Oh,639246,Centre-Forward,Türkiye Kupasi,25/26,3,4,2,1,224,75.0,0,0,0,0,62.22222222222222,0,37.5,42.857142857142854
South Korea,Hyeon-gyu Oh,639246,Centre-Forward,Europa League,25/26,8,8,3,0,589,87.5,1,0,0,0,81.80555555555556,0,27.27272727272727,27.27272727272727
South Korea,Hyeon-gyu Oh,639246,Centre-Forward,Europa League Qualifying,25/26,2,2,1,0,168,100.0,0,0,0,0,93.33333333333333,0,16.666666666666664,16.666666666666664
South Korea,Hyeon-gyu Oh,639246,Centre-Forward,Jupiler Pro League,25/26,20,23,6,3,1109,56.52173913043478,2,0,0,0,53.57487922705314,0,29.03225806451613,29.03225806451613
South Korea,Hyeon-gyu Oh,639246,Centre-Forward,Croky Cup,25/26,2,2,0,0,183,100.0,0,0,0,0,87.14285714285714,0,0.0,0.0
South Korea,Hee-chan Hwang,292246,Centre-Forward,Premier League,25/26,26,38,2,2,1455,47.368421052631575,5,0,0,0,42.54385964912281,0,14.814814814814813,17.391304347826086
South Korea,Hee-chan Hwang,292246,Centre-Forward,FA Cup,25/26,2,3,1,1,89,33.33333333333333,0,0,0,0,32.96296296296296,0,25.0,28.57142857142857
South Korea,Hee-chan Hwang,292246,Centre-Forward,EFL Cup,25/26,3,3,0,1,217,100.0,1,0,0,0,80.37037037037037,0,12.5,12.5
South Korea,Gue-sung Cho,652537,Centre-Forward,Superliga,25/26,17,22,3,0,767,36.36363636363637,2,0,0,0,38.73737373737374,0,5.172413793103448,6.521739130434782
South Korea,Gue-sung Cho,652537,Centre-Forward,Europa League,25/26,9,10,2,0,629,70.0,1,0,0,0,67.63440860215054,0,10.0,10.0
South Korea,Gue-sung Cho,652537,Centre-Forward,Europa League Qualifying,25/26,0,6,0,0,0,0.0,0,0,0,0,0.0,0,0.0,0.0
South Korea,Gue-sung Cho,652537,Centre-Forward,Superliga Championship round,25/26,9,10,0,1,582,70.0,1,0,0,0,64.66666666666666,0,7.142857142857142,8.333333333333332
South Korea,Gue-sung Cho,652537,Centre-Forward,Oddset Pokalen,25/26,7,7,2,0,466,71.42857142857143,3,0,0,0,73.96825396825398,0,12.5,12.5
South Korea,Gue-sung Cho,652537,Centre-Forward,Future Cup,25/26,1,1,0,0,45,100.0,0,0,0,0,50.0,0,0.0,0.0
Spain,Joan García,561613,Goalkeeper,LaLiga,25/26,30,38,0,0,2700,78.94736842105263,1,0,15,21,78.94736842105263,0,0.0,0.0
Spain,Joan García,561613,Goalkeeper,UEFA Champions League,25/26,9,12,0,0,802,75.0,0,0,0,14,74.25925925925925,0,0.0,0.0
Spain,Joan García,561613,Goalkeeper,Copa del Rey,25/26,4,5,0,0,360,80.0,0,0,2,5,80.0,0,0.0,0.0
Spain,Joan García,561613,Goalkeeper,Supercopa,25/26,2,2,0,0,180,100.0,0,0,1,2,100.0,0,0.0,0.0
Spain,David Raya,262749,Goalkeeper,Premier League,25/26,37,38,0,0,3330,97.36842105263158,1,0,19,26,97.36842105263158,0,0.0,0.0
Spain,David Raya,262749,Goalkeeper,UEFA Champions League,25/26,14,15,0,0,1290,93.33333333333333,0,0,9,5,93.47826086956522,0,0.0,0.0
Spain,David Raya,262749,Goalkeeper,FA Cup,25/26,0,4,0,0,0,0.0,0,0,0,0,0.0,0,0.0,0.0
Spain,David Raya,262749,Goalkeeper,EFL Cup,25/26,0,6,0,0,0,0.0,0,0,0,0,0.0,0,0.0,0.0
Spain,Unai Simón,262396,Goalkeeper,LaLiga,25/26,37,38,0,0,3330,97.36842105263158,1,0,6,54,97.36842105263158,0,0.0,0.0
Spain,Unai Simón,262396,Goalkeeper,UEFA Champions League,25/26,8,8,0,0,720,100.0,0,0,2,14,100.0,0,0.0,0.0
Spain,Unai Simón,262396,Goalkeeper,Copa del Rey,25/26,0,5,0,0,0,0.0,0,0,0,0,0.0,0,0.0,0.0
Spain,Unai Simón,262396,Goalkeeper,Supercopa,25/26,1,1,0,0,90,100.0,0,0,0,5,100.0,0,0.0,0.0
Spain,Pau Cubarsí,962110,Centre-Back,LaLiga,25/26,31,38,1,0,2706,81.57894736842105,3,0,0,0,79.12280701754386,0,1.0526315789473684,1.0526315789473684
Spain,Pau Cubarsí,962110,Centre-Back,UEFA Champions League,25/26,10,12,0,0,744,75.0,1,1,0,0,68.88888888888889,0,0.0,0.0
Spain,Pau Cubarsí,962110,Centre-Back,Copa del Rey,25/26,5,5,0,0,347,60.0,0,0,0,0,77.11111111111111,0,0.0,0.0
Spain,Pau Cubarsí,962110,Centre-Back,Supercopa,25/26,2,2,0,0,180,100.0,0,0,0,0,100.0,0,0.0,0.0
Spain,Eric García,466794,Centre-Back,LaLiga,25/26,34,38,1,2,2730,84.21052631578947,6,0,0,0,79.82456140350878,0,3.1578947368421053,3.225806451612903
Spain,Eric García,466794,Centre-Back,UEFA Champions League,25/26,11,12,0,0,781,83.33333333333334,0,1,0,0,72.31481481481481,0,0.0,0.0
Spain,Eric García,466794,Centre-Back,Copa del Rey,25/26,4,5,0,0,270,60.0,0,1,0,0,60.0,0,0.0,0.0
Spain,Eric García,466794,Centre-Back,Supercopa,25/26,2,2,0,0,173,100.0,1,0,0,0,96.11111111111111,0,0.0,0.0
Spain,Marc Pubill,844637,Centre-Back,LaLiga,25/26,19,38,1,1,1382,39.473684210526315,2,0,0,0,40.4093567251462,0,3.225806451612903,3.389830508474576
Spain,Marc Pubill,844637,Centre-Back,UEFA Champions League,25/26,11,16,0,0,823,50.0,4,0,0,0,57.15277777777777,0,0.0,0.0
Spain,Marc Pubill,844637,Centre-Back,Copa del Rey,25/26,5,6,0,0,480,83.33333333333334,1,0,0,0,84.21052631578947,0,0.0,0.0
Spain,Marc Pubill,844637,Centre-Back,Supercopa,25/26,1,1,0,0,90,100.0,0,0,0,0,100.0,0,0.0,0.0
Spain,Aymeric Laporte,176553,Centre-Back,LaLiga,25/26,25,35,0,2,2060,68.57142857142857,4,0,0,0,65.39682539682539,0,5.405405405405405,6.896551724137931
Spain,Aymeric Laporte,176553,Centre-Back,UEFA Champions League,25/26,2,8,0,0,135,12.5,0,0,0,0,18.75,0,0.0,0.0
Spain,Aymeric Laporte,176553,Centre-Back,Copa del Rey,25/26,3,5,0,0,239,60.0,0,0,0,0,46.86274509803921,0,0.0,0.0
Spain,Marc Cucurella,284857,Left-Back,Premier League,25/26,34,38,1,4,2710,81.57894736842105,8,1,0,0,79.23976608187134,0,8.620689655172415,9.433962264150944
Spain,Marc Cucurella,284857,Left-Back,UEFA Champions League,25/26,9,10,0,0,721,80.0,0,0,0,0,80.11111111111111,0,0.0,0.0
Spain,Marc Cucurella,284857,Left-Back,FA Cup,25/26,3,6,0,0,219,33.33333333333333,1,0,0,0,38.421052631578945,0,0.0,0.0
Spain,Marc Cucurella,284857,Left-Back,EFL Cup,25/26,4,5,0,0,221,40.0,3,0,0,0,49.111111111111114,0,0.0,0.0
Spain,Alejandro Grimaldo,193082,Left-Back,Bundesliga,25/26,29,34,8,8,2524,85.29411764705883,5,0,0,0,82.48366013071895,0,23.52941176470588,25.806451612903224
Spain,Alejandro Grimaldo,193082,Left-Back,UEFA Champions League,25/26,12,12,4,3,1079,100.0,2,0,0,0,99.9074074074074,0,43.75,43.75
Spain,Alejandro Grimaldo,193082,Left-Back,DFB-Pokal,25/26,5,5,2,1,435,80.0,1,0,0,0,90.625,0,25.0,25.0
Spain,Pedro Porro,553875,Right-Back,Premier League,25/26,34,38,1,2,2798,84.21052631578947,10,0,0,0,81.81286549707603,0,6.25,6.8181818181818175
Spain,Pedro Porro,553875,Right-Back,UEFA Champions League,25/26,9,10,1,3,772,90.0,2,0,0,0,85.77777777777777,0,18.181818181818183,20.0
Spain,Pedro Porro,553875,Right-Back,UEFA Super Cup,25/26,1,1,0,1,90,100.0,0,0,0,0,100.0,0,20.0,50.0
Spain,Pedro Porro,553875,Right-Back,FA Cup,25/26,1,1,0,0,83,100.0,1,0,0,0,92.22222222222223,0,0.0,0.0
Spain,Pedro Porro,553875,Right-Back,EFL Cup,25/26,2,2,0,0,180,100.0,1,0,0,0,100.0,0,0.0,0.0
Spain,Marcos Llorente,282411,Right-Back,LaLiga,25/26,29,38,0,4,2184,65.78947368421053,5,0,0,0,63.859649122807014,1,6.451612903225806,7.8431372549019605
Spain,Marcos Llorente,282411,Right-Back,UEFA Champions League,25/26,14,16,4,2,1151,81.25,2,0,0,0,79.93055555555556,0,17.142857142857142,20.0
Spain,Marcos Llorente,282411,Right-Back,Copa del Rey,25/26,5,6,0,0,436,83.33333333333334,1,0,0,0,76.49122807017544,0,0.0,0.0
Spain,Marcos Llorente,282411,Right-Back,Supercopa,25/26,1,1,0,0,90,100.0,0,0,0,0,100.0,0,0.0,0.0
Spain,Martín Zubimendi,423440,Defensive Midfield,Premier League,25/26,38,38,5,1,3002,89.47368421052632,4,0,0,0,87.77777777777777,0,8.450704225352112,8.450704225352112
Spain,Martín Zubimendi,423440,Defensive Midfield,UEFA Champions League,25/26,13,15,0,2,997,73.33333333333333,4,0,0,0,72.2463768115942,0,6.0606060606060606,7.4074074074074066
Spain,Martín Zubimendi,423440,Defensive Midfield,FA Cup,25/26,3,4,0,0,30,0.0,0,0,0,0,8.333333333333332,0,0.0,0.0
Spain,Martín Zubimendi,423440,Defensive Midfield,EFL Cup,25/26,3,6,1,0,270,50.0,0,0,0,0,50.0,0,5.88235294117647,11.11111111111111
Spain,Rodri,357565,Defensive Midfield,Premier League,25/26,21,38,1,0,1514,44.73684210526316,3,0,0,0,44.26900584795322,0,1.2987012987012987,2.941176470588235
Spain,Rodri,357565,Defensive Midfield,UEFA Champions League,25/26,5,10,0,0,347,50.0,1,0,0,0,38.55555555555556,1,0.0,0.0
Spain,Rodri,357565,Defensive Midfield,FA Cup,25/26,4,6,1,0,187,50.0,1,0,0,0,34.629629629629626,0,4.545454545454546,5.0
Spain,Rodri,357565,Defensive Midfield,EFL Cup,25/26,3,6,0,0,137,16.666666666666664,1,0,0,0,25.37037037037037,0,0.0,0.0
Spain,Pedri,683840,Central Midfield,LaLiga,25/26,29,38,2,9,2110,60.526315789473685,0,0,0,0,61.69590643274854,1,11.578947368421053,15.277777777777779
Spain,Pedri,683840,Central Midfield,UEFA Champions League,25/26,9,12,0,2,695,75.0,0,0,0,0,64.35185185185185,0,6.25,8.0
Spain,Pedri,683840,Central Midfield,Copa del Rey,25/26,3,5,0,0,127,20.0,0,0,0,0,28.22222222222222,0,0.0,0.0
Spain,Pedri,683840,Central Midfield,Supercopa,25/26,2,2,0,1,162,100.0,1,0,0,0,90.0,0,12.5,12.5
Spain,Fabián Ruiz,350219,Central Midfield,Ligue 1,25/26,20,34,1,4,1129,38.23529411764706,1,0,0,0,36.89542483660131,0,6.756756756756757,11.627906976744185
Spain,Fabián Ruiz,350219,Central Midfield,UEFA Champions League,25/26,9,17,1,1,650,47.05882352941176,1,0,0,0,41.66666666666667,0,4.081632653061225,10.0
Spain,Fabián Ruiz,350219,Central Midfield,UEFA Super Cup,25/26,1,1,0,0,30,0.0,0,0,0,0,33.33333333333333,0,0.0,0.0
Spain,Fabián Ruiz,350219,Central Midfield,FIFA Intercontinental Cup,25/26,1,1,0,0,105,100.0,1,0,0,0,87.5,0,0.0,0.0
Spain,Fabián Ruiz,350219,Central Midfield,Coupe de France,25/26,2,2,0,0,119,50.0,0,0,0,0,66.11111111111111,0,0.0,0.0
Spain,Fabián Ruiz,350219,Central Midfield,Trophée des Champions,25/26,1,1,0,0,89,100.0,0,0,0,0,98.88888888888889,0,0.0,0.0
Spain,Gavi,646740,Central Midfield,LaLiga,25/26,11,38,0,1,574,18.421052631578945,3,0,0,0,16.783625730994153,0,1.0526315789473684,3.4482758620689653
Spain,Gavi,646740,Central Midfield,UEFA Champions League,25/26,2,12,0,0,126,8.333333333333332,2,0,0,0,11.666666666666666,0,0.0,0.0
Spain,Mikel Merino,338424,Central Midfield,Premier League,25/26,22,38,4,3,1027,26.31578947368421,1,0,0,0,30.029239766081872,0,9.859154929577464,15.909090909090908
Spain,Mikel Merino,338424,Central Midfield,UEFA Champions League,25/26,7,15,2,0,515,40.0,3,0,0,0,37.31884057971014,0,6.0606060606060606,9.523809523809524
Spain,Mikel Merino,338424,Central Midfield,FA Cup,25/26,1,4,0,0,90,25.0,0,0,0,0,25.0,0,0.0,0.0
Spain,Mikel Merino,338424,Central Midfield,EFL Cup,25/26,4,6,0,0,273,50.0,1,0,0,0,50.55555555555556,0,0.0,0.0
Spain,Dani Olmo,293385,Attacking Midfield,LaLiga,25/26,33,38,7,8,2077,63.1578947368421,1,0,0,0,60.73099415204678,0,15.789473684210526,18.072289156626507
Spain,Dani Olmo,293385,Attacking Midfield,UEFA Champions League,25/26,10,12,1,2,445,33.33333333333333,1,0,0,0,41.2037037037037,0,9.375,12.5
Spain,Dani Olmo,293385,Attacking Midfield,Copa del Rey,25/26,4,5,0,0,274,60.0,2,0,0,0,60.88888888888889,0,0.0,0.0
Spain,Dani Olmo,293385,Attacking Midfield,Supercopa,25/26,2,2,0,0,42,0.0,0,0,0,0,23.333333333333332,0,0.0,0.0
Spain,Álex Baena,548111,Left Winger,LaLiga,25/26,27,38,2,3,1572,55.26315789473685,5,0,0,0,45.96491228070175,0,8.064516129032258,10.0
Spain,Álex Baena,548111,Left Winger,UEFA Champions League,25/26,13,16,0,0,455,25.0,2,0,0,0,31.59722222222222,0,0.0,0.0
Spain,Álex Baena,548111,Left Winger,Copa del Rey,25/26,5,6,0,0,218,33.33333333333333,2,0,0,0,38.24561403508772,0,0.0,0.0
Spain,Álex Baena,548111,Left Winger,Supercopa,25/26,1,1,0,0,60,100.0,0,0,0,0,66.66666666666666,0,0.0,0.0
Spain,Nico Williams,709187,Left Winger,LaLiga,25/26,25,38,6,4,1689,52.63157894736842,2,0,0,0,49.3859649122807,0,23.25581395348837,31.25
Spain,Nico Williams,709187,Left Winger,UEFA Champions League,25/26,3,8,0,0,187,25.0,0,0,0,0,25.972222222222225,0,0.0,0.0
Spain,Nico Williams,709187,Left Winger,Copa del Rey,25/26,4,5,0,3,225,20.0,0,0,0,0,44.11764705882353,0,42.857142857142854,42.857142857142854
Spain,Nico Williams,709187,Left Winger,Supercopa,25/26,0,1,0,0,0,0.0,0,0,0,0,0.0,0,0.0,0.0
Spain,Víctor Muñoz,935231,Left Winger,LaLiga,25/26,34,38,6,2,2670,81.57894736842105,3,0,0,0,78.0701754385965,0,18.181818181818183,20.0
Spain,Víctor Muñoz,935231,Left Winger,Copa del Rey,25/26,2,4,1,3,96,0.0,0,0,0,0,22.857142857142858,0,21.052631578947366,25.0
Spain,Lamine Yamal,937958,Right Winger,LaLiga,25/26,28,38,16,12,2270,68.42105263157895,1,0,0,0,66.37426900584795,0,29.47368421052631,38.88888888888889
Spain,Lamine Yamal,937958,Right Winger,UEFA Champions League,25/26,10,12,6,4,874,83.33333333333334,4,0,0,0,80.92592592592592,0,31.25,38.46153846153847
Spain,Lamine Yamal,937958,Right Winger,Copa del Rey,25/26,5,5,2,2,450,100.0,1,0,0,0,100.0,0,44.44444444444444,44.44444444444444
Spain,Lamine Yamal,937958,Right Winger,Supercopa,25/26,2,2,0,0,108,50.0,0,0,0,0,60.0,0,0.0,0.0
Spain,Yéremy Pino,568157,Right Winger,Premier League,25/26,34,36,2,2,2092,72.22222222222221,4,0,0,0,64.5679012345679,0,10.0,10.0
Spain,Yéremy Pino,568157,Right Winger,Conference League,25/26,13,15,1,2,750,60.0,3,0,0,0,54.347826086956516,0,11.538461538461538,11.538461538461538
Spain,Yéremy Pino,568157,Right Winger,FA Cup,25/26,1,1,1,0,90,100.0,0,0,0,0,100.0,0,100.0,100.0
Spain,Yéremy Pino,568157,Right Winger,EFL Cup,25/26,3,3,1,1,247,100.0,1,0,0,0,91.48148148148148,0,12.5,40.0
Spain,Yéremy Pino,568157,Right Winger,LaLiga,25/26,2,2,0,1,160,100.0,0,0,0,0,88.88888888888889,0,14.285714285714285,14.285714285714285
Spain,Ferran Torres,398184,Centre-Forward,LaLiga,25/26,33,38,16,2,1975,60.526315789473685,2,0,0,0,57.748538011695906,0,18.947368421052634,20.689655172413794
Spain,Ferran Torres,398184,Centre-Forward,UEFA Champions League,25/26,10,12,3,1,357,33.33333333333333,0,0,0,0,33.05555555555556,0,12.5,14.285714285714285
Spain,Ferran Torres,398184,Centre-Forward,Copa del Rey,25/26,4,5,1,0,246,60.0,0,0,0,0,54.666666666666664,0,11.11111111111111,11.11111111111111
Spain,Ferran Torres,398184,Centre-Forward,Supercopa,25/26,2,2,1,0,114,50.0,0,0,0,0,63.33333333333333,0,12.5,12.5
Spain,Mikel Oyarzabal,351478,Centre-Forward,LaLiga,25/26,34,38,15,4,2715,78.94736842105263,3,0,0,0,79.3859649122807,0,32.20338983050847,33.92857142857143
Spain,Mikel Oyarzabal,351478,Centre-Forward,Copa del Rey,25/26,6,8,3,0,480,62.5,2,0,0,0,61.53846153846154,0,12.5,21.428571428571427
Spain,Borja Iglesias,278359,Centre-Forward,LaLiga,25/26,35,38,14,2,1902,55.26315789473685,7,0,0,0,55.614035087719294,0,30.18867924528302,31.372549019607842
Spain,Borja Iglesias,278359,Centre-Forward,Europa League,25/26,13,14,2,1,718,71.42857142857143,0,0,0,0,56.98412698412698,1,13.636363636363635,15.0
Spain,Borja Iglesias,278359,Centre-Forward,Copa del Rey,25/26,2,3,2,0,90,0.0,0,0,0,0,27.27272727272727,0,16.666666666666664,66.66666666666666
Sweden,Viktor Johansson,273742,Goalkeeper,Championship,25/26,25,46,0,1,2250,54.347826086956516,2,0,8,25,54.347826086956516,0,1.9607843137254901,3.4482758620689653
Sweden,Jacob Widell Zetterström,549440,Goalkeeper,Championship,25/26,32,46,0,0,2880,69.56521739130434,1,0,7,42,69.56521739130434,0,0.0,0.0
Sweden,Jacob Widell Zetterström,549440,Goalkeeper,FA Cup,25/26,1,1,0,0,90,100.0,0,0,0,3,100.0,0,0.0,0.0
Sweden,Kristoffer Nordfeldt,75890,Goalkeeper,Allsvenskan,2026,9,10,0,0,810,90.0,3,0,1,13,90.0,0,0.0,0.0
Sweden,Kristoffer Nordfeldt,75890,Goalkeeper,UECL Qualifying,25/26,4,4,0,0,360,100.0,0,0,2,3,100.0,0,0.0,0.0
Sweden,Kristoffer Nordfeldt,75890,Goalkeeper,Svenska Cupen,25/26,4,5,0,0,360,80.0,1,0,2,5,80.0,0,0.0,0.0
Sweden,Isak Hien,503075,Centre-Back,Serie A,25/26,28,38,1,0,1965,52.63157894736842,5,0,0,0,57.45614035087719,0,1.9607843137254901,2.272727272727273
Sweden,Isak Hien,503075,Centre-Back,UEFA Champions League,25/26,9,12,0,0,710,58.333333333333336,1,0,0,0,65.74074074074075,0,0.0,0.0
Sweden,Isak Hien,503075,Centre-Back,Italy Cup,25/26,2,4,0,0,180,50.0,1,0,0,0,46.15384615384615,0,0.0,0.0
Sweden,Gustaf Lagerbielke,485395,Centre-Back,Liga Portugal,25/26,28,34,2,0,2391,76.47058823529412,6,0,0,0,78.13725490196079,1,3.125,3.8461538461538463
Sweden,Gustaf Lagerbielke,485395,Centre-Back,Europa League,25/26,14,14,0,0,1199,92.85714285714286,2,0,0,0,95.15873015873015,0,0.0,0.0
Sweden,Gustaf Lagerbielke,485395,Centre-Back,Europa League Qualifying,25/26,5,6,0,0,424,83.33333333333334,1,0,0,0,74.3859649122807,0,0.0,0.0
Sweden,Gustaf Lagerbielke,485395,Centre-Back,Allianz Cup,25/26,3,3,1,0,225,100.0,2,0,0,0,83.33333333333334,0,11.11111111111111,11.11111111111111
Sweden,Gustaf Lagerbielke,485395,Centre-Back,Taça de Portugal,25/26,3,4,1,0,176,50.0,0,0,0,0,48.888888888888886,0,11.11111111111111,11.11111111111111
Sweden,Victor Lindelöf,184573,Centre-Back,Premier League,25/26,17,35,0,1,944,31.428571428571427,0,0,0,0,29.968253968253965,0,1.7857142857142856,1.8518518518518516
Sweden,Victor Lindelöf,184573,Centre-Back,Europa League,25/26,10,15,0,0,750,60.0,2,0,0,0,55.55555555555556,0,0.0,0.0
Sweden,Victor Lindelöf,184573,Centre-Back,FA Cup,25/26,1,2,0,0,90,50.0,0,0,0,0,50.0,0,0.0,0.0
Sweden,Hjalmar Ekdal,392179,Centre-Back,Premier League,25/26,19,38,0,0,1540,44.73684210526316,0,0,0,0,45.02923976608187,0,0.0,0.0
Sweden,Hjalmar Ekdal,392179,Centre-Back,FA Cup,25/26,2,2,0,1,180,100.0,1,0,0,0,100.0,0,16.666666666666664,16.666666666666664
Sweden,Eric Smith,292534,Centre-Back,Bundesliga,25/26,27,34,2,2,2314,76.47058823529412,4,1,0,0,75.62091503267973,0,13.793103448275861,16.666666666666664
Sweden,Eric Smith,292534,Centre-Back,DFB-Pokal,25/26,3,4,0,0,322,75.0,0,0,0,0,76.66666666666667,0,0.0,0.0
Sweden,Carl Starfelt,258987,Centre-Back,LaLiga,25/26,19,38,0,0,1492,44.73684210526316,1,0,0,0,43.62573099415204,1,0.0,0.0
Sweden,Carl Starfelt,258987,Centre-Back,Europa League,25/26,11,14,1,0,863,71.42857142857143,1,0,0,0,68.4920634920635,0,4.545454545454546,5.0
Sweden,Carl Starfelt,258987,Centre-Back,Copa del Rey,25/26,1,3,0,0,39,0.0,0,0,0,0,11.818181818181818,0,0.0,0.0
Sweden,Daniel Svensson,579287,Left-Back,Bundesliga,25/26,33,34,2,2,2453,79.41176470588235,0,0,0,0,80.16339869281046,0,5.714285714285714,5.714285714285714
Sweden,Daniel Svensson,579287,Left-Back,UEFA Champions League,25/26,9,10,2,0,713,80.0,1,1,0,0,79.22222222222223,0,9.090909090909092,9.090909090909092
Sweden,Daniel Svensson,579287,Left-Back,DFB-Pokal,25/26,3,3,0,0,296,100.0,1,0,0,0,98.66666666666667,0,0.0,0.0
Sweden,Gabriel Gudmundsson,362108,Left-Back,Premier League,25/26,32,38,0,0,2639,81.57894736842105,4,0,0,0,77.16374269005848,1,0.0,0.0
Sweden,Gabriel Gudmundsson,362108,Left-Back,FA Cup,25/26,3,5,1,1,297,60.0,0,0,0,0,58.235294117647065,0,11.76470588235294,50.0
Sweden,Gabriel Gudmundsson,362108,Left-Back,EFL Cup,25/26,0,1,0,0,0,0.0,0,0,0,0,0.0,0,0.0,0.0
Sweden,Ken Sema,252345,Left-Back,Cyprus League,25/26,23,36,0,1,1096,33.33333333333333,5,0,0,0,33.827160493827165,0,1.5151515151515151,1.8867924528301887
Sweden,Ken Sema,252345,Left-Back,UEFA Champions League,25/26,6,8,0,1,196,25.0,1,0,0,0,27.22222222222222,0,12.5,16.666666666666664
Sweden,Ken Sema,252345,Left-Back,Champions League Qu.,25/26,5,6,0,0,105,0.0,0,0,0,0,19.444444444444446,0,0.0,0.0
Sweden,Ken Sema,252345,Left-Back,Kypello Kyprou,25/26,2,5,0,0,90,20.0,0,0,0,0,20.0,0,0.0,0.0
Sweden,Ken Sema,252345,Left-Back,Cypriot Super Cup,25/26,0,1,0,0,0,0.0,0,0,0,0,0.0,0,0.0,0.0
Sweden,Jesper Karlström,222855,Defensive Midfield,Serie A,25/26,36,38,1,0,3153,94.73684210526315,6,0,0,0,92.19298245614034,0,2.2222222222222223,2.5
Sweden,Jesper Karlström,222855,Defensive Midfield,Italy Cup,25/26,2,3,0,0,171,66.66666666666666,0,0,0,0,63.33333333333333,0,0.0,0.0
Sweden,Lucas Bergvall,866246,Central Midfield,Premier League,25/26,23,38,1,3,967,28.947368421052634,2,0,0,0,28.27485380116959,0,8.333333333333332,10.81081081081081
Sweden,Lucas Bergvall,866246,Central Midfield,UEFA Champions League,25/26,7,10,0,1,378,50.0,1,0,0,0,42.0,0,4.545454545454546,7.142857142857142
Sweden,Lucas Bergvall,866246,Central Midfield,UEFA Super Cup,25/26,1,1,0,0,1,0.0,0,0,0,0,1.1111111111111112,0,0.0,0.0
Sweden,Lucas Bergvall,866246,Central Midfield,EFL Cup,25/26,2,2,0,1,119,50.0,0,0,0,0,66.11111111111111,0,33.33333333333333,33.33333333333333
Sweden,Yasin Ayari,667287,Central Midfield,Premier League,25/26,29,38,3,3,1925,52.63157894736842,1,0,0,0,56.28654970760234,0,11.538461538461538,13.636363636363635
Sweden,Yasin Ayari,667287,Central Midfield,FA Cup,25/26,1,2,0,0,13,0.0,0,0,0,0,7.222222222222221,0,0.0,0.0
Sweden,Yasin Ayari,667287,Central Midfield,EFL Cup,25/26,2,3,1,0,82,0.0,0,0,0,0,30.37037037037037,0,8.333333333333332,16.666666666666664
Sweden,Mattias Svanberg,342405,Central Midfield,Bundesliga,25/26,24,34,3,1,854,23.52941176470588,4,0,0,0,27.908496732026144,1,8.88888888888889,11.11111111111111
Sweden,Mattias Svanberg,342405,Central Midfield,Bundesliga Playoffs,25/26,2,2,0,0,146,100.0,1,0,0,0,69.52380952380952,0,0.0,0.0
Sweden,Mattias Svanberg,342405,Central Midfield,DFB-Pokal,25/26,1,2,2,1,31,0.0,0,0,0,0,17.22222222222222,0,33.33333333333333,33.33333333333333
Sweden,Besfort Zeneli,715653,Central Midfield,Jupiler Pro League,25/26,9,10,2,4,370,40.0,0,0,0,0,41.11111111111111,0,42.857142857142854,42.857142857142854
Sweden,Besfort Zeneli,715653,Central Midfield,Croky Cup,25/26,1,4,0,0,78,25.0,0,0,0,0,20.0,0,0.0,0.0
Sweden,Besfort Zeneli,715653,Central Midfield,Jupiler Pro League Champions' Play-Offs,25/26,6,10,1,3,395,40.0,0,0,0,0,43.888888888888886,0,25.0,36.36363636363637
Sweden,Besfort Zeneli,715653,Central Midfield,Svenska Cupen,25/26,1,1,0,0,90,100.0,0,0,0,0,100.0,0,0.0,0.0
Sweden,Herman Johansson,744853,Right Midfield,MLS,2026,14,15,0,2,999,73.33333333333333,2,0,0,0,74.0,0,6.666666666666667,7.6923076923076925
Sweden,Herman Johansson,744853,Right Midfield,Svenska Cupen,25/26,1,1,0,0,56,0.0,0,0,0,0,46.666666666666664,0,0.0,0.0
Sweden,Elliot Stroud,687622,Left Midfield,Allsvenskan,2026,8,10,2,1,630,70.0,0,0,0,0,70.0,0,21.428571428571427,25.0
Sweden,Elliot Stroud,687622,Left Midfield,Svenska Cupen,25/26,7,7,5,1,660,100.0,1,0,0,0,100.0,0,33.33333333333333,33.33333333333333
Sweden,Benjamin Nygren,475949,Attacking Midfield,Premiership,25/26,33,33,15,5,2139,72.72727272727273,3,0,0,0,72.02020202020202,0,33.89830508474576,33.89830508474576
Sweden,Benjamin Nygren,475949,Attacking Midfield,Europa League,25/26,10,10,4,1,616,70.0,0,0,0,0,68.44444444444444,0,33.33333333333333,33.33333333333333
Sweden,Benjamin Nygren,475949,Attacking Midfield,Champions League Qu.,25/26,2,2,0,0,197,100.0,0,0,0,0,93.80952380952381,0,0.0,0.0
Sweden,Benjamin Nygren,475949,Attacking Midfield,Scottish Premiership Top Six Split,25/26,5,5,1,0,403,100.0,1,0,0,0,89.55555555555556,0,7.142857142857142,7.142857142857142
Sweden,Benjamin Nygren,475949,Attacking Midfield,SFA Cup,25/26,5,5,1,1,393,60.0,0,0,0,0,72.77777777777777,0,11.76470588235294,15.384615384615385
Sweden,Benjamin Nygren,475949,Attacking Midfield,League Cup,25/26,3,4,0,2,155,50.0,0,0,0,0,39.743589743589745,0,16.666666666666664,16.666666666666664
Sweden,Taha Ali,731771,Left Winger,Allsvenskan,2026,6,10,1,1,451,50.0,1,0,0,0,50.11111111111111,0,10.0,20.0
Sweden,Taha Ali,731771,Left Winger,Europa League,25/26,4,8,1,1,113,12.5,0,0,0,0,15.694444444444445,0,50.0,66.66666666666666
Sweden,Taha Ali,731771,Left Winger,Champions League Qu.,25/26,6,6,3,0,397,66.66666666666666,0,0,0,0,73.51851851851852,0,27.27272727272727,27.27272727272727
Sweden,Taha Ali,731771,Left Winger,Europa League Qualifying,25/26,2,2,0,1,162,100.0,1,0,0,0,90.0,0,20.0,20.0
Sweden,Taha Ali,731771,Left Winger,Svenska Cupen,25/26,5,5,0,0,362,80.0,0,0,0,0,80.44444444444444,0,0.0,0.0
Sweden,Anthony Elanga,583189,Right Winger,Premier League,25/26,32,38,0,1,1313,36.84210526315789,0,0,0,0,38.39181286549708,0,1.8867924528301887,2.272727272727273
Sweden,Anthony Elanga,583189,Right Winger,UEFA Champions League,25/26,10,12,2,1,478,50.0,1,0,0,0,44.25925925925926,0,10.344827586206897,10.344827586206897
Sweden,Anthony Elanga,583189,Right Winger,FA Cup,25/26,2,3,0,0,89,33.33333333333333,0,0,0,0,29.666666666666668,0,0.0,0.0
Sweden,Anthony Elanga,583189,Right Winger,EFL Cup,25/26,5,5,1,0,229,40.0,0,0,0,0,50.888888888888886,0,11.11111111111111,11.11111111111111
Sweden,Alexander Bernhardsson,633454,Right Winger,2. Bundesliga,25/26,20,34,2,10,1401,47.05882352941176,2,0,0,0,45.78431372549019,0,27.27272727272727,57.14285714285714
Sweden,Alexander Bernhardsson,633454,Right Winger,DFB-Pokal,25/26,2,4,2,0,83,25.0,0,0,0,0,21.28205128205128,0,25.0,66.66666666666666
Sweden,Alexander Isak,349066,Centre-Forward,Premier League,25/26,14,35,3,1,703,22.857142857142858,0,0,0,0,22.317460317460316,0,7.2727272727272725,16.666666666666664
Sweden,Alexander Isak,349066,Centre-Forward,UEFA Champions League,25/26,7,12,0,0,285,33.33333333333333,0,0,0,0,26.38888888888889,0,0.0,0.0
Sweden,Alexander Isak,349066,Centre-Forward,EFL Cup,25/26,1,2,1,0,45,50.0,0,0,0,0,25.0,0,50.0,50.0
Sweden,Viktor Gyökeres,325443,Centre-Forward,Premier League,25/26,36,38,14,1,2231,68.42105263157895,5,0,0,0,65.23391812865496,0,21.12676056338028,23.076923076923077
Sweden,Viktor Gyökeres,325443,Centre-Forward,UEFA Champions League,25/26,13,15,5,1,915,73.33333333333333,1,0,0,0,66.30434782608695,0,18.181818181818183,25.0
Sweden,Viktor Gyökeres,325443,Centre-Forward,FA Cup,25/26,2,4,1,0,75,0.0,0,0,0,0,20.833333333333336,0,9.090909090909092,9.090909090909092
Sweden,Viktor Gyökeres,325443,Centre-Forward,EFL Cup,25/26,4,6,1,1,260,50.0,0,0,0,0,48.148148148148145,0,11.76470588235294,22.22222222222222
Sweden,Gustaf Nilsson,320440,Centre-Forward,Jupiler Pro League,25/26,5,30,0,0,35,0.0,1,0,0,0,1.2962962962962963,0,0.0,0.0
Sweden,Gustaf Nilsson,320440,Centre-Forward,UEFA Champions League,25/26,1,10,0,0,8,0.0,0,0,0,0,0.8888888888888888,0,0.0,0.0
Sweden,Gustaf Nilsson,320440,Centre-Forward,Champions League Qu.,25/26,1,4,0,0,32,0.0,1,0,0,0,8.88888888888889,0,0.0,0.0
Sweden,Gustaf Nilsson,320440,Centre-Forward,Croky Cup,25/26,2,3,0,0,28,0.0,0,0,0,0,10.37037037037037,0,0.0,0.0
Sweden,Gustaf Nilsson,320440,Centre-Forward,Jupiler Pro League Champions' Play-Offs,25/26,2,10,0,0,5,0.0,0,0,0,0,0.5555555555555556,0,0.0,0.0
Switzerland,Gregor Kobel,257814,Goalkeeper,Bundesliga,25/26,34,34,0,0,3060,100.0,3,0,15,34,100.0,0,0.0,0.0
Switzerland,Gregor Kobel,257814,Goalkeeper,UEFA Champions League,25/26,10,10,0,0,900,100.0,0,0,2,21,100.0,0,0.0,0.0
Switzerland,Gregor Kobel,257814,Goalkeeper,DFB-Pokal,25/26,3,3,0,0,300,100.0,0,0,1,2,100.0,0,0.0,0.0
Switzerland,Marvin Keller,500763,Goalkeeper,Super League,25/26,38,38,0,0,3420,100.0,2,0,8,69,100.0,0,0.0,0.0
Switzerland,Marvin Keller,500763,Goalkeeper,Europa League,25/26,8,8,0,0,720,100.0,0,0,2,16,100.0,0,0.0,0.0
Switzerland,Marvin Keller,500763,Goalkeeper,Europa League Qualifying,25/26,2,2,0,0,180,100.0,0,0,1,2,100.0,0,0.0,0.0
Switzerland,Marvin Keller,500763,Goalkeeper,Swiss Cup,25/26,1,2,0,0,90,50.0,0,0,0,1,50.0,0,0.0,0.0
Switzerland,Yvon Mvogo,147051,Goalkeeper,Ligue 1,25/26,31,34,0,0,2790,91.17647058823529,0,0,6,43,91.17647058823529,0,0.0,0.0
Switzerland,Yvon Mvogo,147051,Goalkeeper,Coupe de France,25/26,0,4,0,0,0,0.0,0,0,0,0,0.0,0,0.0,0.0
Switzerland,Manuel Akanji,284730,Centre-Back,Serie A,25/26,33,36,2,0,2820,86.11111111111111,4,0,0,0,87.03703703703704,0,2.4096385542168677,2.5
Switzerland,Manuel Akanji,284730,Centre-Back,UEFA Champions League,25/26,10,10,0,0,707,70.0,1,0,0,0,78.55555555555556,0,0.0,0.0
Switzerland,Manuel Akanji,284730,Centre-Back,Supercoppa Italiana,25/26,0,1,0,0,0,0.0,0,0,0,0,0.0,0,0.0,0.0
Switzerland,Manuel Akanji,284730,Centre-Back,Italy Cup,25/26,2,5,0,0,180,40.0,0,0,0,0,40.0,0,0.0,0.0
Switzerland,Manuel Akanji,284730,Centre-Back,Premier League,25/26,0,3,0,0,0,0.0,0,0,0,0,0.0,0,0.0,0.0
Switzerland,Aurèle Amenda,635645,Centre-Back,Bundesliga,25/26,24,34,0,0,1676,52.94117647058824,5,0,0,0,54.771241830065364,0,0.0,0.0
Switzerland,Aurèle Amenda,635645,Centre-Back,UEFA Champions League,25/26,5,8,0,0,223,25.0,1,0,0,0,30.97222222222222,0,0.0,0.0
Switzerland,Aurèle Amenda,635645,Centre-Back,DFB-Pokal,25/26,0,2,0,0,0,0.0,0,0,0,0,0.0,0,0.0,0.0
Switzerland,Luca Jaquez,539798,Centre-Back,Bundesliga,25/26,14,34,0,1,900,29.411764705882355,1,0,0,0,29.411764705882355,0,1.4084507042253522,2.564102564102564
Switzerland,Luca Jaquez,539798,Centre-Back,Europa League,25/26,8,12,0,0,457,33.33333333333333,1,0,0,0,42.31481481481482,0,0.0,0.0
Switzerland,Luca Jaquez,539798,Centre-Back,DFL-Supercup,25/26,1,1,0,0,90,100.0,0,0,0,0,100.0,0,0.0,0.0
Switzerland,Luca Jaquez,539798,Centre-Back,DFB-Pokal,25/26,3,6,1,0,176,33.33333333333333,0,0,0,0,29.333333333333332,0,4.761904761904762,25.0
Switzerland,Nico Elvedi,192635,Centre-Back,Bundesliga,25/26,33,34,0,3,2967,97.05882352941177,5,0,0,0,96.96078431372548,0,7.142857142857142,7.317073170731707
Switzerland,Nico Elvedi,192635,Centre-Back,DFB-Pokal,25/26,3,3,2,0,270,100.0,0,0,0,0,100.0,0,28.57142857142857,28.57142857142857
Switzerland,Eray Cömert,298583,Centre-Back,LaLiga,25/26,17,38,2,1,1339,39.473684210526315,3,1,0,0,39.152046783625735,0,6.521739130434782,8.108108108108109
Switzerland,Eray Cömert,298583,Centre-Back,Copa del Rey,25/26,4,5,0,0,390,80.0,1,0,0,0,81.25,0,0.0,0.0
Switzerland,Miro Muheim,298603,Left-Back,Bundesliga,25/26,29,34,0,4,2437,79.41176470588235,7,1,0,0,79.64052287581698,0,10.0,11.76470588235294
Switzerland,Miro Muheim,298603,Left-Back,DFB-Pokal,25/26,3,3,0,2,330,100.0,0,0,0,0,100.0,0,33.33333333333333,50.0
Switzerland,Ricardo Rodríguez,86784,Left-Back,LaLiga,25/26,23,38,0,1,1546,47.368421052631575,0,0,0,0,45.2046783625731,0,1.694915254237288,1.9607843137254901
Switzerland,Ricardo Rodríguez,86784,Left-Back,Europa League,25/26,9,12,0,0,675,58.333333333333336,3,0,0,0,62.5,0,0.0,0.0
Switzerland,Ricardo Rodríguez,86784,Left-Back,Copa del Rey,25/26,3,5,0,0,225,40.0,0,0,0,0,50.0,0,0.0,0.0
Switzerland,Silvan Widmer,168989,Right-Back,Bundesliga,25/26,27,34,2,1,1819,64.70588235294117,5,0,0,0,59.44444444444444,0,6.8181818181818175,7.317073170731707
Switzerland,Silvan Widmer,168989,Right-Back,Conference League,25/26,10,10,1,0,558,70.0,0,0,0,0,62.0,0,9.090909090909092,9.090909090909092
Switzerland,Silvan Widmer,168989,Right-Back,UECL Qualifying,25/26,1,2,0,0,19,0.0,0,0,0,0,10.555555555555555,0,0.0,0.0
Switzerland,Silvan Widmer,168989,Right-Back,DFB-Pokal,25/26,2,2,0,0,159,100.0,0,0,0,0,88.33333333333333,0,0.0,0.0
Switzerland,Denis Zakaria,334526,Defensive Midfield,Ligue 1,25/26,24,34,2,1,2034,67.64705882352942,4,1,0,0,66.47058823529412,0,5.0,6.976744186046512
Switzerland,Denis Zakaria,334526,Defensive Midfield,UEFA Champions League,25/26,6,10,0,0,507,60.0,3,0,0,0,56.333333333333336,0,0.0,0.0
Switzerland,Denis Zakaria,334526,Defensive Midfield,Coupe de France,25/26,3,3,0,2,270,100.0,2,0,0,0,100.0,0,33.33333333333333,33.33333333333333
Switzerland,Ardon Jashari,608172,Defensive Midfield,Serie A,25/26,14,38,0,1,700,18.421052631578945,0,0,0,0,20.46783625730994,0,1.8867924528301887,2.5
Switzerland,Ardon Jashari,608172,Defensive Midfield,Supercoppa Italiana,25/26,1,1,0,0,75,100.0,0,0,0,0,83.33333333333334,0,0.0,0.0
Switzerland,Ardon Jashari,608172,Defensive Midfield,Italy Cup,25/26,2,3,0,0,105,33.33333333333333,0,0,0,0,38.88888888888889,0,0.0,0.0
Switzerland,Granit Xhaka,111455,Defensive Midfield,Premier League,25/26,34,38,1,6,2901,84.21052631578947,8,0,0,0,84.82456140350877,0,16.666666666666664,18.421052631578945
Switzerland,Granit Xhaka,111455,Defensive Midfield,FA Cup,25/26,2,3,0,0,127,33.33333333333333,1,0,0,0,42.333333333333336,0,0.0,0.0
Switzerland,Johan Manzambi,927353,Central Midfield,Bundesliga,25/26,27,34,5,5,2096,76.47058823529412,4,2,0,0,68.49673202614379,0,19.607843137254903,22.22222222222222
Switzerland,Johan Manzambi,927353,Central Midfield,Europa League,25/26,15,15,2,2,1103,86.66666666666667,1,0,0,0,81.7037037037037,0,16.0,16.0
Switzerland,Johan Manzambi,927353,Central Midfield,DFB-Pokal,25/26,5,5,0,2,422,80.0,1,0,0,0,82.74509803921568,0,14.285714285714285,22.22222222222222
Switzerland,Djibril Sow,212723,Central Midfield,LaLiga,25/26,33,38,5,4,2195,71.05263157894737,6,0,0,0,64.18128654970761,0,19.565217391304348,21.428571428571427
Switzerland,Djibril Sow,212723,Central Midfield,Copa del Rey,25/26,2,3,0,0,94,33.33333333333333,0,0,0,0,34.81481481481482,0,0.0,0.0
Switzerland,Michel Aebischer,237658,Central Midfield,Serie A,25/26,35,38,1,2,2900,86.8421052631579,8,0,0,0,84.7953216374269,0,11.538461538461538,11.538461538461538
Switzerland,Michel Aebischer,237658,Central Midfield,Italy Cup,25/26,1,2,0,0,83,50.0,0,0,0,0,46.111111111111114,0,0.0,0.0
Switzerland,Remo Freuler,148252,Central Midfield,Serie A,25/26,29,38,1,2,2217,68.42105263157895,5,0,0,0,64.82456140350877,0,6.122448979591836,7.317073170731707
Switzerland,Remo Freuler,148252,Central Midfield,Europa League,25/26,10,14,0,0,862,71.42857142857143,1,0,0,0,66.82170542635659,0,0.0,0.0
Switzerland,Remo Freuler,148252,Central Midfield,Italy Cup,25/26,1,2,0,0,29,0.0,0,0,0,0,16.11111111111111,0,0.0,0.0
Switzerland,Fabian Rieder,507341,Attacking Midfield,Bundesliga,25/26,32,32,6,4,2351,87.5,4,0,0,0,81.63194444444444,0,25.0,25.0
Switzerland,Fabian Rieder,507341,Attacking Midfield,DFB-Pokal,25/26,1,1,0,0,45,100.0,0,0,0,0,50.0,0,0.0,0.0
Switzerland,Fabian Rieder,507341,Attacking Midfield,Ligue 1,25/26,3,3,0,0,134,66.66666666666666,0,0,0,0,49.629629629629626,0,0.0,0.0
Switzerland,Christian Fassnacht,250490,Attacking Midfield,Super League,25/26,33,38,18,7,2363,71.05263157894737,2,0,0,0,69.09356725146199,0,31.25,32.89473684210527
Switzerland,Christian Fassnacht,250490,Attacking Midfield,Europa League,25/26,7,8,1,0,394,50.0,1,0,0,0,54.72222222222223,0,10.0,11.11111111111111
Switzerland,Christian Fassnacht,250490,Attacking Midfield,Europa League Qualifying,25/26,1,2,0,0,19,0.0,0,0,0,0,10.555555555555555,0,0.0,0.0
Switzerland,Christian Fassnacht,250490,Attacking Midfield,Swiss Cup,25/26,1,2,0,0,77,50.0,0,0,0,0,42.77777777777778,0,0.0,0.0
Switzerland,Noah Okafor,346890,Left Winger,Premier League,25/26,28,37,8,1,1569,51.35135135135135,3,0,0,0,47.11711711711712,0,18.75,20.0
Switzerland,Noah Okafor,346890,Left Winger,FA Cup,25/26,4,5,0,2,314,80.0,0,0,0,0,61.568627450980394,0,11.76470588235294,33.33333333333333
Switzerland,Noah Okafor,346890,Left Winger,EFL Cup,25/26,1,1,0,0,84,100.0,0,0,0,0,93.33333333333333,0,0.0,0.0
Switzerland,Noah Okafor,346890,Left Winger,Italy Cup,25/26,1,1,0,0,9,0.0,0,0,0,0,10.0,0,0.0,0.0
Switzerland,Rubén Vargas,345886,Left Winger,LaLiga,25/26,24,38,3,6,1610,52.63157894736842,2,0,0,0,47.07602339181287,0,19.565217391304348,32.142857142857146
Switzerland,Rubén Vargas,345886,Left Winger,Copa del Rey,25/26,1,3,0,0,10,0.0,0,0,0,0,3.7037037037037033,0,0.0,0.0
Switzerland,Dan Ndoye,365108,Right Winger,Premier League,25/26,24,38,1,1,1176,36.84210526315789,1,0,0,0,34.385964912280706,0,4.166666666666666,5.88235294117647
Switzerland,Dan Ndoye,365108,Right Winger,Europa League,25/26,12,16,1,1,769,50.0,1,0,0,0,52.31292517006803,0,7.4074074074074066,8.695652173913043
Switzerland,Dan Ndoye,365108,Right Winger,FA Cup,25/26,1,1,0,0,69,100.0,0,0,0,0,57.49999999999999,0,0.0,0.0
Switzerland,Dan Ndoye,365108,Right Winger,EFL Cup,25/26,0,1,0,0,0,0.0,0,0,0,0,0.0,0,0.0,0.0
Switzerland,Breel Embolo,237662,Centre-Forward,Ligue 1,25/26,31,31,8,3,1873,64.51612903225806,2,0,0,0,67.1326164874552,0,19.298245614035086,19.298245614035086
Switzerland,Breel Embolo,237662,Centre-Forward,Coupe de France,25/26,3,3,2,0,170,33.33333333333333,1,0,0,0,62.96296296296296,0,33.33333333333333,33.33333333333333
Switzerland,Zeki Amdouni,548729,Centre-Forward,Premier League,25/26,4,38,0,0,69,0.0,0,0,0,0,2.017543859649123,0,0.0,0.0
Switzerland,Cedric Itten,243856,Centre-Forward,2. Bundesliga,25/26,30,34,15,3,2625,88.23529411764706,5,0,0,0,85.7843137254902,0,54.54545454545454,56.25
Switzerland,Cedric Itten,243856,Centre-Forward,DFB-Pokal,25/26,2,2,1,0,110,100.0,1,0,0,0,61.111111111111114,0,20.0,20.0
Tunisia,Abdelmouhib Chamakh,584250,Goalkeeper,Ligue 1,25/26,24,30,0,2,2133,76.66666666666667,2,0,18,6,79.0,0,4.651162790697675,4.878048780487805
Tunisia,Abdelmouhib Chamakh,584250,Goalkeeper,Tunisian Cup,25/26,1,1,0,0,90,100.0,0,0,0,1,100.0,0,0.0,0.0
Tunisia,Aymen Dahmen,569433,Goalkeeper,Ligue 1,25/26,26,30,0,0,2340,86.66666666666667,1,0,17,11,86.66666666666667,0,0.0,0.0
Tunisia,Aymen Dahmen,569433,Goalkeeper,Tunisian Cup,25/26,2,4,0,0,210,50.0,0,0,1,1,50.0,0,0.0,0.0
Tunisia,Sabri Ben Hessen,295381,Goalkeeper,Ligue 1,25/26,28,30,0,0,2505,93.33333333333333,1,0,14,25,92.77777777777779,0,0.0,0.0
Tunisia,Sabri Ben Hessen,295381,Goalkeeper,CAF Confederation Cup,25/26,4,4,0,0,360,100.0,0,0,2,3,100.0,0,0.0,0.0
Tunisia,Montassar Talbi,496706,Centre-Back,Ligue 1,25/26,29,34,0,1,2610,85.29411764705883,3,0,0,0,85.29411764705883,0,2.083333333333333,2.3255813953488373
Tunisia,Montassar Talbi,496706,Centre-Back,Coupe de France,25/26,2,4,0,0,180,50.0,1,0,0,0,50.0,0,0.0,0.0
Tunisia,Adem Arous,1071742,Centre-Back,Süper Lig,25/26,21,31,1,1,1672,61.29032258064516,2,0,0,0,59.928315412186386,0,6.666666666666667,6.666666666666667
Tunisia,Adem Arous,1071742,Centre-Back,Ligue 1,25/26,4,4,1,0,326,100.0,0,0,0,0,90.55555555555556,0,25.0,25.0
Tunisia,Dylan Bronn,450417,Centre-Back,Super League,25/26,14,38,0,1,1215,36.84210526315789,4,0,0,0,35.526315789473685,0,1.4084507042253522,2.7027027027027026
Tunisia,Dylan Bronn,450417,Centre-Back,Champions League Qu.,25/26,2,2,0,0,33,0.0,0,0,0,0,18.333333333333332,0,0.0,0.0
Tunisia,Dylan Bronn,450417,Centre-Back,Europa League Qualifying,25/26,2,2,0,0,180,100.0,2,0,0,0,100.0,0,0.0,0.0
Tunisia,Dylan Bronn,450417,Centre-Back,UECL Qualifying,25/26,2,2,0,0,210,100.0,1,0,0,0,100.0,0,0.0,0.0
Tunisia,Dylan Bronn,450417,Centre-Back,Swiss Cup,25/26,2,2,1,0,180,100.0,0,0,0,0,100.0,0,20.0,20.0
Tunisia,Raed Chikhaoui,1075790,Centre-Back,Ligue 1,25/26,27,30,3,2,2405,90.0,6,0,0,0,89.07407407407408,0,17.857142857142858,18.51851851851852
Tunisia,Raed Chikhaoui,1075790,Centre-Back,CAF-Champions League,25/26,4,4,1,0,315,75.0,0,0,0,0,87.5,0,12.5,12.5
Tunisia,Raed Chikhaoui,1075790,Centre-Back,Tunisian Cup,25/26,1,2,0,0,90,50.0,0,0,0,0,42.857142857142854,0,0.0,0.0
Tunisia,Omar Rekik,578292,Centre-Back,Prva Liga,25/26,27,34,1,1,2129,67.64705882352942,9,1,0,0,69.57516339869281,0,3.508771929824561,4.651162790697675
Tunisia,Omar Rekik,578292,Centre-Back,UECL Qualifying,25/26,2,2,0,0,177,100.0,1,0,0,0,98.33333333333333,0,0.0,0.0
Tunisia,Ali Abdi,211474,Left-Back,Ligue 1,25/26,22,34,3,0,1165,38.23529411764706,2,0,0,0,38.0718954248366,1,8.108108108108109,12.0
Tunisia,Ali Abdi,211474,Left-Back,Europa League,25/26,7,8,0,0,407,62.5,0,0,0,0,56.52777777777778,0,0.0,0.0
Tunisia,Ali Abdi,211474,Left-Back,L1/L2 Playoffs,25/26,1,2,0,0,45,0.0,0,0,0,0,25.0,0,0.0,0.0
Tunisia,Ali Abdi,211474,Left-Back,Coupe de France,25/26,2,6,0,0,40,0.0,0,0,0,0,7.4074074074074066,0,0.0,0.0
Tunisia,Mohamed Amine Ben Hamida,454495,Left-Back,Ligue 1,25/26,25,30,1,1,2127,83.33333333333334,4,0,0,0,78.77777777777779,0,4.444444444444445,5.405405405405405
Tunisia,Mohamed Amine Ben Hamida,454495,Left-Back,CAF-Champions League,25/26,12,14,0,2,1080,85.71428571428571,0,0,0,0,85.71428571428571,0,9.523809523809524,11.76470588235294
Tunisia,Mohamed Amine Ben Hamida,454495,Left-Back,Tunisian Cup,25/26,1,5,0,0,13,0.0,0,0,0,0,2.888888888888889,0,0.0,0.0
Tunisia,Yan Valery,406008,Right-Back,Super League,25/26,14,15,0,3,943,73.33333333333333,2,0,0,0,69.85185185185185,0,8.333333333333332,9.090909090909092
Tunisia,Yan Valery,406008,Right-Back,Championship,25/26,23,31,0,1,2050,74.19354838709677,3,0,0,0,73.47670250896059,0,5.555555555555555,6.666666666666667
Tunisia,Moutaz Neffati,1034598,Right-Back,Superettan,2026,7,12,1,0,610,58.333333333333336,1,0,0,0,56.481481481481474,0,4.761904761904762,8.333333333333332
Tunisia,Moutaz Neffati,1034598,Right-Back,Svenska Cupen,25/26,4,4,1,0,223,75.0,1,0,0,0,61.94444444444444,0,12.5,12.5
Tunisia,Ellyes Skhiri,290587,Defensive Midfield,Bundesliga,25/26,25,34,0,0,1442,47.05882352941176,1,0,0,0,47.124183006535944,1,0.0,0.0
Tunisia,Ellyes Skhiri,290587,Defensive Midfield,UEFA Champions League,25/26,8,8,0,0,365,50.0,0,0,0,0,50.69444444444444,0,0.0,0.0
Tunisia,Ellyes Skhiri,290587,Defensive Midfield,DFB-Pokal,25/26,1,2,0,0,47,0.0,0,0,0,0,22.380952380952383,0,0.0,0.0
Tunisia,Rani Khedira,124410,Defensive Midfield,Bundesliga,25/26,32,34,5,2,2835,94.11764705882352,7,0,0,0,92.64705882352942,0,15.909090909090908,17.94871794871795
Tunisia,Rani Khedira,124410,Defensive Midfield,DFB-Pokal,25/26,3,3,0,0,300,100.0,0,0,0,0,100.0,0,0.0,0.0
Tunisia,Mohamed Belhadj Mahmoud,673513,Central Midfield,Super League,25/26,30,38,2,1,1527,34.21052631578947,5,1,0,0,44.64912280701754,0,5.084745762711865,5.88235294117647
Tunisia,Mohamed Belhadj Mahmoud,673513,Central Midfield,Europa League Qualifying,25/26,2,2,0,0,72,0.0,0,0,0,0,34.285714285714285,0,0.0,0.0
Tunisia,Mohamed Belhadj Mahmoud,673513,Central Midfield,UECL Qualifying,25/26,2,2,0,0,109,100.0,1,0,0,0,60.55555555555555,0,0.0,0.0
Tunisia,Mohamed Belhadj Mahmoud,673513,Central Midfield,Swiss Cup,25/26,1,1,0,0,33,0.0,0,0,0,0,36.666666666666664,0,0.0,0.0
Tunisia,Hannibal,607224,Attacking Midfield,Premier League,25/26,27,38,1,4,1231,39.473684210526315,10,0,0,0,35.994152046783626,0,13.157894736842104,15.625
Tunisia,Hannibal,607224,Attacking Midfield,FA Cup,25/26,2,2,0,0,48,0.0,1,0,0,0,26.666666666666668,0,0.0,0.0
Tunisia,Hannibal,607224,Attacking Midfield,EFL Cup,25/26,1,2,0,0,90,50.0,0,0,0,0,50.0,0,0.0,0.0
Tunisia,Anis Ben Slimane,546712,Attacking Midfield,Championship,25/26,22,46,5,2,1234,32.608695652173914,4,0,0,0,29.806763285024157,0,11.11111111111111,15.909090909090908
Tunisia,Anis Ben Slimane,546712,Attacking Midfield,FA Cup,25/26,3,3,0,4,130,33.33333333333333,0,0,0,0,48.148148148148145,0,50.0,50.0
Tunisia,Anis Ben Slimane,546712,Attacking Midfield,EFL Cup,25/26,1,2,0,0,8,0.0,0,0,0,0,4.444444444444445,0,0.0,0.0
Tunisia,Ismaël Gharbi,810096,Left Winger,Bundesliga,25/26,6,32,0,0,88,0.0,0,0,0,0,3.0555555555555554,0,0.0,0.0
Tunisia,Ismaël Gharbi,810096,Left Winger,DFB-Pokal,25/26,1,1,0,0,90,100.0,0,0,0,0,100.0,0,0.0,0.0
Tunisia,Ismaël Gharbi,810096,Left Winger,Europa League Qualifying,25/26,2,6,0,1,69,0.0,0,0,0,0,12.105263157894736,0,7.142857142857142,10.0
Tunisia,Ismaël Gharbi,810096,Left Winger,Liga Portugal,25/26,1,4,0,0,69,25.0,0,0,0,0,19.166666666666668,0,0.0,0.0
Tunisia,Sebastian Tounekti,539677,Left Winger,Premiership,25/26,22,29,2,1,1259,51.724137931034484,3,0,0,0,48.23754789272031,0,5.660377358490567,6.8181818181818175
Tunisia,Sebastian Tounekti,539677,Left Winger,Europa League,25/26,10,10,0,0,654,80.0,0,0,0,0,72.66666666666667,0,0.0,0.0
Tunisia,Sebastian Tounekti,539677,Left Winger,Scottish Premiership Top Six Split,25/26,5,5,0,1,251,60.0,0,0,0,0,55.77777777777778,0,7.142857142857142,7.142857142857142
Tunisia,Sebastian Tounekti,539677,Left Winger,SFA Cup,25/26,5,5,2,1,210,40.0,0,0,0,0,38.88888888888889,0,17.647058823529413,23.076923076923077
Tunisia,Sebastian Tounekti,539677,Left Winger,League Cup,25/26,3,3,1,0,197,100.0,0,0,0,0,65.66666666666666,0,12.5,12.5
Tunisia,Sebastian Tounekti,539677,Left Winger,UECL Qualifying,25/26,4,4,0,0,370,100.0,2,0,0,0,94.87179487179486,0,0.0,0.0
Tunisia,Elias Achouri,645589,Left Winger,Superliga,25/26,15,22,3,1,1035,54.54545454545454,1,0,0,0,52.27272727272727,0,11.428571428571429,17.391304347826086
Tunisia,Elias Achouri,645589,Left Winger,UEFA Champions League,25/26,7,8,1,1,430,62.5,1,0,0,0,59.72222222222222,0,16.666666666666664,22.22222222222222
Tunisia,Elias Achouri,645589,Left Winger,Champions League Qu.,25/26,4,6,0,1,280,66.66666666666666,2,0,0,0,51.85185185185185,0,9.090909090909092,20.0
Tunisia,Elias Achouri,645589,Left Winger,Superliga Europa Playoff,25/26,1,1,0,1,83,0.0,0,0,0,0,69.16666666666667,0,33.33333333333333,33.33333333333333
Tunisia,Elias Achouri,645589,Left Winger,Superliga Relegation round,25/26,5,10,0,2,270,30.0,1,0,0,0,30.0,0,6.25,9.523809523809524
Tunisia,Elias Achouri,645589,Left Winger,Oddset Pokalen,25/26,5,7,1,1,270,57.14285714285714,1,0,0,0,42.857142857142854,0,12.5,16.666666666666664
Tunisia,Elias Saad,526466,Left Winger,2. Bundesliga,25/26,13,17,0,3,707,47.05882352941176,1,0,0,0,46.209150326797385,0,10.0,13.043478260869565
Tunisia,Elias Saad,526466,Left Winger,Bundesliga,25/26,10,16,0,0,499,43.75,1,0,0,0,34.65277777777778,0,0.0,0.0
Tunisia,Elias Saad,526466,Left Winger,DFB-Pokal,25/26,1,2,0,1,14,0.0,0,0,0,0,7.777777777777778,0,50.0,50.0
Tunisia,Mortadha Ben Ouanes,230921,Left Winger,Süper Lig,25/26,28,34,2,6,2279,76.47058823529412,6,0,0,0,74.47712418300654,1,24.242424242424242,25.0
Tunisia,Khalil Ayari,1198342,Right Winger,Premier League Int. Cup U21,25/26,4,4,1,0,335,100.0,1,0,0,0,93.05555555555556,0,14.285714285714285,14.285714285714285
Tunisia,Khalil Ayari,1198342,Right Winger,Ligue 1,25/26,2,6,0,0,127,16.666666666666664,0,0,0,0,23.51851851851852,0,0.0,0.0
Tunisia,Firas Chaouat,402087,Centre-Forward,Ligue 1,25/26,25,30,14,0,2152,80.0,6,0,0,0,79.7037037037037,0,32.55813953488372,36.84210526315789
Tunisia,Firas Chaouat,402087,Centre-Forward,Tunisian Cup,25/26,1,1,0,0,90,100.0,0,0,0,0,100.0,0,0.0,0.0
Tunisia,Hazem Mastouri,953150,Centre-Forward,Premier Liga,25/26,21,26,2,2,1090,34.61538461538461,6,0,0,0,46.58119658119658,0,25.0,30.76923076923077
Tunisia,Hazem Mastouri,953150,Centre-Forward,Relegation Premier Liga,25/26,1,2,0,0,21,0.0,0,0,0,0,11.666666666666666,0,0.0,0.0
Tunisia,Hazem Mastouri,953150,Centre-Forward,Russian Cup,25/26,7,8,2,1,449,62.5,2,0,0,0,62.361111111111114,0,15.789473684210526,27.27272727272727
Tunisia,Hazem Mastouri,953150,Centre-Forward,Ligue 1,25/26,1,2,0,0,90,50.0,0,0,0,0,50.0,0,0.0,0.0
Tunisia,Rayan Elloumi,1273985,Centre-Forward,MLS,2026,10,14,0,0,73,0.0,0,0,0,0,5.7936507936507935,0,0.0,0.0
Tunisia,Rayan Elloumi,1273985,Centre-Forward,CONCACAF Champions Cup,25/26,4,4,0,0,97,25.0,0,0,0,0,26.944444444444443,0,0.0,0.0
Tunisia,Rayan Elloumi,1273985,Centre-Forward,MLS Next Pro,2026,2,2,1,0,154,100.0,1,0,0,0,85.55555555555556,0,14.285714285714285,33.33333333333333
Türkiye,Uğurcan Çakır,292199,Goalkeeper,Süper Lig,25/26,29,34,0,0,2610,85.29411764705883,4,0,11,22,85.29411764705883,0,0.0,0.0
Türkiye,Uğurcan Çakır,292199,Goalkeeper,UEFA Champions League,25/26,12,12,0,0,1087,100.0,2,0,4,19,97.92792792792793,0,0.0,0.0
Türkiye,Uğurcan Çakır,292199,Goalkeeper,TFF Süper Kupa,25/26,1,2,0,0,90,50.0,0,0,0,1,50.0,0,0.0,0.0
Türkiye,Altay Bayındır,336077,Goalkeeper,Premier League,25/26,6,38,0,0,540,15.789473684210526,0,0,0,11,15.789473684210526,0,0.0,0.0
Türkiye,Altay Bayındır,336077,Goalkeeper,FA Cup,25/26,0,1,0,0,0,0.0,0,0,0,0,0.0,0,0.0,0.0
Türkiye,Altay Bayındır,336077,Goalkeeper,EFL Cup,25/26,0,1,0,0,0,0.0,0,0,0,0,0.0,0,0.0,0.0
Türkiye,Mert Günok,51894,Goalkeeper,Süper Lig,25/26,13,34,0,0,1105,35.294117647058826,1,0,2,19,36.11111111111111,0,0.0,0.0
Türkiye,Mert Günok,51894,Goalkeeper,Türkiye Kupasi,25/26,3,5,0,0,270,60.0,0,0,2,1,56.25,0,0.0,0.0
Türkiye,Mert Günok,51894,Goalkeeper,TFF Süper Kupa,25/26,0,2,0,0,0,0.0,0,0,0,0,0.0,0,0.0,0.0
Türkiye,Mert Günok,51894,Goalkeeper,Europa League Qualifying,25/26,2,2,0,0,180,100.0,1,0,0,6,100.0,0,0.0,0.0
Türkiye,Mert Günok,51894,Goalkeeper,UECL Qualifying,25/26,3,4,0,0,270,75.0,1,0,0,4,75.0,0,0.0,0.0
Türkiye,Ozan Kabak,361260,Centre-Back,Bundesliga,25/26,25,34,4,0,1745,52.94117647058824,5,0,0,0,57.02614379084967,0,6.153846153846154,7.142857142857142
Türkiye,Ozan Kabak,361260,Centre-Back,DFB-Pokal,25/26,1,2,0,0,35,0.0,0,0,0,0,16.666666666666664,0,0.0,0.0
Türkiye,Merih Demiral,340879,Centre-Back,Saudi Pro League,25/26,20,34,2,1,1646,58.82352941176471,5,0,0,0,53.790849673202615,0,4.225352112676056,8.823529411764707
Türkiye,Merih Demiral,340879,Centre-Back,FIFA Intercontinental Cup,25/26,1,1,0,0,90,100.0,0,0,0,0,100.0,0,0.0,0.0
Türkiye,Merih Demiral,340879,Centre-Back,AFC Champions League,25/26,6,12,0,0,403,41.66666666666667,1,0,0,0,35.35087719298245,0,0.0,0.0
Türkiye,Merih Demiral,340879,Centre-Back,King's Cup,25/26,3,4,0,0,271,75.0,0,0,0,0,64.52380952380953,0,0.0,0.0
Türkiye,Merih Demiral,340879,Centre-Back,Saudi Super Cup,25/26,2,2,0,0,180,100.0,1,0,0,0,100.0,0,0.0,0.0
Türkiye,Abdülkerim Bardakcı,199316,Centre-Back,Süper Lig,25/26,30,34,0,1,2456,88.23529411764706,5,0,0,0,80.26143790849673,1,1.2987012987012987,1.4084507042253522
Türkiye,Abdülkerim Bardakcı,199316,Centre-Back,UEFA Champions League,25/26,11,12,0,0,968,91.66666666666666,1,0,0,0,87.2072072072072,0,0.0,0.0
Türkiye,Abdülkerim Bardakcı,199316,Centre-Back,Türkiye Kupasi,25/26,2,5,1,0,126,20.0,0,0,0,0,28.000000000000004,0,12.5,16.666666666666664
Türkiye,Abdülkerim Bardakcı,199316,Centre-Back,TFF Süper Kupa,25/26,2,2,0,0,180,100.0,0,0,0,0,100.0,0,0.0,0.0
Türkiye,Çağlar Söyüncü,320141,Centre-Back,Süper Lig,25/26,11,34,0,1,772,29.411764705882355,0,0,0,0,25.22875816993464,0,1.2987012987012987,1.7543859649122806
Türkiye,Çağlar Söyüncü,320141,Centre-Back,Europa League,25/26,3,10,0,0,213,20.0,1,0,0,0,23.666666666666668,0,0.0,0.0
Türkiye,Çağlar Söyüncü,320141,Centre-Back,Champions League Qu.,25/26,1,4,0,0,73,0.0,1,0,0,0,20.27777777777778,0,0.0,0.0
Türkiye,Çağlar Söyüncü,320141,Centre-Back,Türkiye Kupasi,25/26,2,5,0,0,180,40.0,0,0,0,0,37.5,0,0.0,0.0
Türkiye,Çağlar Söyüncü,320141,Centre-Back,TFF Süper Kupa,25/26,2,2,0,0,10,0.0,0,0,0,0,5.555555555555555,0,0.0,0.0
Türkiye,Samet Akaydin,295024,Centre-Back,Süper Lig,25/26,29,34,3,1,2571,85.29411764705883,9,0,0,0,84.01960784313725,1,8.695652173913043,10.256410256410255
Türkiye,Samet Akaydin,295024,Centre-Back,Türkiye Kupasi,25/26,1,6,1,1,79,16.666666666666664,0,0,0,0,14.629629629629628,0,12.5,16.666666666666664
Türkiye,Ferdi Kadıoğlu,369316,Left-Back,Premier League,25/26,37,38,1,0,3134,89.47368421052632,6,0,0,0,91.6374269005848,0,1.9230769230769231,1.9230769230769231
Türkiye,Ferdi Kadıoğlu,369316,Left-Back,FA Cup,25/26,2,2,0,0,180,100.0,0,0,0,0,100.0,0,0.0,0.0
Türkiye,Ferdi Kadıoğlu,369316,Left-Back,EFL Cup,25/26,3,3,0,0,201,100.0,1,0,0,0,74.44444444444444,0,0.0,0.0
Türkiye,Eren Elmalı,616894,Left-Back,Süper Lig,25/26,25,34,3,0,1524,47.05882352941176,3,0,0,0,49.80392156862745,0,3.896103896103896,5.0
Türkiye,Eren Elmalı,616894,Left-Back,UEFA Champions League,25/26,10,12,0,0,271,16.666666666666664,0,0,0,0,24.414414414414416,0,0.0,0.0
Türkiye,Eren Elmalı,616894,Left-Back,Türkiye Kupasi,25/26,4,5,0,0,349,80.0,0,0,0,0,77.55555555555556,0,0.0,0.0
Türkiye,Eren Elmalı,616894,Left-Back,TFF Süper Kupa,25/26,2,2,1,0,158,100.0,0,0,0,0,87.77777777777777,0,25.0,25.0
Türkiye,Zeki Çelik,251075,Right-Back,Serie A,25/26,34,38,1,2,2731,84.21052631578947,2,1,0,0,79.85380116959064,0,5.084745762711865,5.357142857142857
Türkiye,Zeki Çelik,251075,Right-Back,Europa League,25/26,10,10,0,2,816,100.0,3,0,0,0,87.74193548387098,0,11.76470588235294,11.76470588235294
Türkiye,Zeki Çelik,251075,Right-Back,Italy Cup,25/26,1,1,0,0,90,100.0,0,0,0,0,100.0,0,0.0,0.0
Türkiye,Mert Müldür,353922,Right-Back,Süper Lig,25/26,24,34,1,2,1214,32.35294117647059,4,0,0,0,39.673202614379086,0,3.896103896103896,4.054054054054054
Türkiye,Mert Müldür,353922,Right-Back,Europa League,25/26,6,10,0,0,419,50.0,1,0,0,0,46.55555555555556,0,0.0,0.0
Türkiye,Mert Müldür,353922,Right-Back,Champions League Qu.,25/26,4,4,0,0,322,100.0,0,0,0,0,89.44444444444444,0,0.0,0.0
Türkiye,Mert Müldür,353922,Right-Back,Türkiye Kupasi,25/26,5,5,0,1,304,40.0,1,0,0,0,63.33333333333333,0,11.11111111111111,11.11111111111111
Türkiye,Mert Müldür,353922,Right-Back,TFF Süper Kupa,25/26,2,2,0,0,180,100.0,1,0,0,0,100.0,0,0.0,0.0
Türkiye,Hakan Çalhanoğlu,126414,Defensive Midfield,Serie A,25/26,22,38,9,4,1651,52.63157894736842,7,0,0,0,48.27485380116959,0,14.606741573033707,22.413793103448278
Türkiye,Hakan Çalhanoğlu,126414,Defensive Midfield,UEFA Champions League,25/26,6,10,1,2,338,50.0,0,0,0,0,37.55555555555555,0,17.647058823529413,25.0
Türkiye,Hakan Çalhanoğlu,126414,Defensive Midfield,Supercoppa Italiana,25/26,0,1,0,0,0,0.0,0,0,0,0,0.0,0,0.0,0.0
Türkiye,Hakan Çalhanoğlu,126414,Defensive Midfield,Italy Cup,25/26,2,5,2,1,148,40.0,0,0,0,0,32.88888888888889,0,25.0,30.0
Türkiye,İsmail Yüksek,613725,Defensive Midfield,Süper Lig,25/26,30,34,1,2,1764,55.88235294117647,5,0,0,0,57.647058823529406,0,3.896103896103896,4.3478260869565215
Türkiye,İsmail Yüksek,613725,Defensive Midfield,Europa League,25/26,8,10,1,1,537,70.0,4,0,0,0,59.66666666666667,0,16.666666666666664,18.181818181818183
Türkiye,İsmail Yüksek,613725,Defensive Midfield,Champions League Qu.,25/26,2,4,0,0,47,0.0,0,0,0,0,13.055555555555557,0,0.0,0.0
Türkiye,İsmail Yüksek,613725,Defensive Midfield,Türkiye Kupasi,25/26,5,5,0,0,274,80.0,0,0,0,0,57.08333333333333,0,0.0,0.0
Türkiye,İsmail Yüksek,613725,Defensive Midfield,TFF Süper Kupa,25/26,2,2,0,0,180,100.0,0,0,0,0,100.0,0,0.0,0.0
Türkiye,Salih Özcan,244940,Defensive Midfield,Bundesliga,25/26,11,34,0,0,73,0.0,0,0,0,0,2.3856209150326797,0,0.0,0.0
Türkiye,Salih Özcan,244940,Defensive Midfield,UEFA Champions League,25/26,0,10,0,0,0,0.0,0,0,0,0,0.0,0,0.0,0.0
Türkiye,Salih Özcan,244940,Defensive Midfield,DFB-Pokal,25/26,1,3,0,0,1,0.0,0,0,0,0,0.33333333333333337,0,0.0,0.0
Türkiye,Kaan Ayhan,119031,Defensive Midfield,Süper Lig,25/26,19,34,1,0,381,5.88235294117647,1,0,0,0,12.450980392156863,0,1.2987012987012987,1.5151515151515151
Türkiye,Kaan Ayhan,119031,Defensive Midfield,UEFA Champions League,25/26,4,12,0,0,43,0.0,0,0,0,0,3.873873873873874,0,0.0,0.0
Türkiye,Kaan Ayhan,119031,Defensive Midfield,Türkiye Kupasi,25/26,4,5,0,0,360,80.0,1,0,0,0,80.0,0,0.0,0.0
Türkiye,Kaan Ayhan,119031,Defensive Midfield,TFF Süper Kupa,25/26,2,2,0,0,22,0.0,0,0,0,0,12.222222222222221,0,0.0,0.0
Türkiye,Orkun Kökçü,454567,Central Midfield,Süper Lig,25/26,30,34,8,10,2485,85.29411764705883,5,2,0,0,81.20915032679738,0,30.508474576271187,33.33333333333333
Türkiye,Orkun Kökçü,454567,Central Midfield,Europa League Qualifying,25/26,1,2,0,0,60,50.0,0,0,0,0,33.33333333333333,0,0.0,0.0
Türkiye,Orkun Kökçü,454567,Central Midfield,UECL Qualifying,25/26,4,4,0,0,328,100.0,1,0,0,0,91.11111111111111,0,0.0,0.0
Türkiye,Orkun Kökçü,454567,Central Midfield,Türkiye Kupasi,25/26,6,6,2,0,383,66.66666666666666,1,0,0,0,70.92592592592592,0,15.384615384615385,15.384615384615385
Türkiye,Arda Güler,861410,Attacking Midfield,LaLiga,25/26,33,38,4,9,2027,65.78947368421053,1,0,0,0,59.26900584795322,0,16.883116883116884,18.30985915492958
Türkiye,Arda Güler,861410,Attacking Midfield,UEFA Champions League,25/26,14,14,2,4,1030,92.85714285714286,1,0,0,0,81.74603174603175,1,18.181818181818183,18.181818181818183
Türkiye,Arda Güler,861410,Attacking Midfield,Copa del Rey,25/26,2,2,0,1,167,100.0,0,0,0,0,92.77777777777779,0,20.0,20.0
Türkiye,Arda Güler,861410,Attacking Midfield,Supercopa,25/26,2,2,0,0,31,0.0,0,0,0,0,17.22222222222222,0,0.0,0.0
Türkiye,Can Uzun,816585,Attacking Midfield,Bundesliga,25/26,21,34,8,5,1164,44.11764705882353,3,0,0,0,38.03921568627451,0,21.311475409836063,30.23255813953488
Türkiye,Can Uzun,816585,Attacking Midfield,UEFA Champions League,25/26,5,8,2,0,240,37.5,0,0,0,0,33.33333333333333,0,20.0,20.0
Türkiye,Can Uzun,816585,Attacking Midfield,DFB-Pokal,25/26,2,2,0,1,109,50.0,0,0,0,0,51.90476190476191,0,12.5,16.666666666666664
Türkiye,Kenan Yıldız,845654,Left Winger,Serie A,25/26,36,38,10,7,2844,86.8421052631579,2,0,0,0,83.15789473684211,0,27.86885245901639,28.8135593220339
Türkiye,Kenan Yıldız,845654,Left Winger,UEFA Champions League,25/26,10,10,1,3,768,80.0,2,0,0,0,82.58064516129032,0,21.052631578947366,21.052631578947366
Türkiye,Kenan Yıldız,845654,Left Winger,Italy Cup,25/26,1,2,0,0,84,50.0,0,0,0,0,46.666666666666664,0,0.0,0.0
Türkiye,Barış Alper Yılmaz,541537,Left Winger,Süper Lig,25/26,30,34,8,12,2318,79.41176470588235,7,0,0,0,75.7516339869281,0,25.97402597402597,30.303030303030305
Türkiye,Barış Alper Yılmaz,541537,Left Winger,UEFA Champions League,25/26,12,12,1,2,990,91.66666666666666,1,0,0,0,89.1891891891892,0,17.647058823529413,17.647058823529413
Türkiye,Barış Alper Yılmaz,541537,Left Winger,Türkiye Kupasi,25/26,5,5,2,2,214,20.0,0,0,0,0,47.55555555555556,0,50.0,50.0
Türkiye,Barış Alper Yılmaz,541537,Left Winger,TFF Süper Kupa,25/26,2,2,1,0,169,100.0,0,0,0,0,93.88888888888889,0,25.0,25.0
Türkiye,Kerem Aktürkoğlu,382528,Left Winger,Süper Lig,25/26,29,31,8,7,1959,77.41935483870968,3,0,0,0,70.21505376344086,0,21.12676056338028,21.73913043478261
Türkiye,Kerem Aktürkoğlu,382528,Left Winger,Europa League,25/26,9,10,6,1,700,90.0,1,0,0,0,77.77777777777779,0,58.333333333333336,58.333333333333336
Türkiye,Kerem Aktürkoğlu,382528,Left Winger,Türkiye Kupasi,25/26,4,5,0,2,358,80.0,0,0,0,0,74.58333333333333,0,22.22222222222222,25.0
Türkiye,Kerem Aktürkoğlu,382528,Left Winger,TFF Süper Kupa,25/26,2,2,1,0,177,100.0,0,0,0,0,98.33333333333333,0,25.0,25.0
Türkiye,Kerem Aktürkoğlu,382528,Left Winger,Champions League Qu.,25/26,3,4,1,0,159,50.0,0,0,0,0,44.166666666666664,0,20.0,33.33333333333333
Türkiye,Kerem Aktürkoğlu,382528,Left Winger,Liga Portugal,25/26,1,3,0,0,23,0.0,0,0,0,0,8.518518518518519,0,0.0,0.0
Türkiye,Kerem Aktürkoğlu,382528,Left Winger,Portuguese Supercup,25/26,1,1,0,0,80,100.0,0,0,0,0,88.88888888888889,0,0.0,0.0
Türkiye,Yunus Akgün,396908,Right Winger,Süper Lig,25/26,28,34,7,11,1824,67.64705882352942,1,0,0,0,59.6078431372549,0,23.376623376623375,25.352112676056336
Türkiye,Yunus Akgün,396908,Right Winger,UEFA Champions League,25/26,9,12,2,0,450,41.66666666666667,0,0,0,0,40.54054054054054,0,11.76470588235294,14.285714285714285
Türkiye,Yunus Akgün,396908,Right Winger,Türkiye Kupasi,25/26,3,5,0,0,60,0.0,1,0,0,0,13.333333333333334,0,0.0,0.0
Türkiye,Yunus Akgün,396908,Right Winger,TFF Süper Kupa,25/26,2,2,1,0,161,100.0,0,0,0,0,89.44444444444444,0,25.0,25.0
Türkiye,Oğuz Aydın,563749,Right Winger,Süper Lig,25/26,21,34,0,3,642,14.705882352941178,2,0,0,0,20.980392156862745,0,3.896103896103896,3.896103896103896
Türkiye,Oğuz Aydın,563749,Right Winger,Europa League,25/26,8,10,0,0,287,30.0,1,0,0,0,31.88888888888889,0,0.0,0.0
Türkiye,Oğuz Aydın,563749,Right Winger,Champions League Qu.,25/26,3,4,0,0,94,25.0,0,0,0,0,26.111111111111114,0,0.0,0.0
Türkiye,Oğuz Aydın,563749,Right Winger,Türkiye Kupasi,25/26,5,5,0,1,271,60.0,1,0,0,0,56.458333333333336,0,11.11111111111111,11.11111111111111
Türkiye,Oğuz Aydın,563749,Right Winger,TFF Süper Kupa,25/26,2,2,0,0,22,0.0,1,0,0,0,12.222222222222221,0,0.0,0.0
Türkiye,İrfan Can Kahveci,216603,Right Winger,Süper Lig,25/26,24,34,2,3,1652,52.94117647058824,6,0,0,0,53.98692810457516,0,8.620689655172415,27.77777777777778
Türkiye,İrfan Can Kahveci,216603,Right Winger,Europa League,25/26,2,6,0,0,36,0.0,0,0,0,0,6.666666666666667,0,0.0,0.0
Türkiye,İrfan Can Kahveci,216603,Right Winger,Champions League Qu.,25/26,2,4,0,0,61,25.0,1,0,0,0,16.944444444444446,0,0.0,0.0
Türkiye,Deniz Gül,1063292,Centre-Forward,Liga Portugal,25/26,29,34,5,1,1171,35.294117647058826,3,0,0,0,38.267973856209146,0,9.090909090909092,9.230769230769232
Türkiye,Deniz Gül,1063292,Centre-Forward,Europa League,25/26,10,12,1,1,392,25.0,0,0,0,0,36.2962962962963,0,11.11111111111111,11.11111111111111
Türkiye,Deniz Gül,1063292,Centre-Forward,Taça de Portugal,25/26,5,6,1,0,261,50.0,0,0,0,0,48.333333333333336,0,8.333333333333332,8.333333333333332
USA,Matt Turner,425306,Goalkeeper,MLS,2026,14,14,0,0,1260,100.0,1,0,3,18,100.0,0,0.0,0.0
USA,Chris Brady,765504,Goalkeeper,MLS,2026,14,14,0,0,1260,100.0,1,0,6,16,100.0,0,0.0,0.0
USA,Chris Brady,765504,Goalkeeper,US Open Cup,2026,2,2,0,0,180,100.0,0,0,0,3,100.0,0,0.0,0.0
USA,Matt Freese,500309,Goalkeeper,MLS,2026,15,15,0,0,1350,100.0,0,0,3,21,100.0,0,0.0,0.0
USA,Matt Freese,500309,Goalkeeper,US Open Cup,2026,2,3,0,0,180,66.66666666666666,0,0,0,2,66.66666666666666,0,0.0,0.0
USA,Chris Richards,578539,Centre-Back,Premier League,25/26,33,38,1,0,2826,81.57894736842105,4,0,0,0,82.63157894736842,0,2.4390243902439024,2.564102564102564
USA,Chris Richards,578539,Centre-Back,Conference League,25/26,12,15,0,0,1021,73.33333333333333,2,0,0,0,73.98550724637681,0,0.0,0.0
USA,Chris Richards,578539,Centre-Back,UECL Qualifying,25/26,1,2,0,0,90,50.0,0,0,0,0,50.0,0,0.0,0.0
USA,Chris Richards,578539,Centre-Back,Community Shield,25/26,1,1,0,0,90,100.0,0,0,0,0,100.0,0,0.0,0.0
USA,Chris Richards,578539,Centre-Back,FA Cup,25/26,1,1,0,0,90,100.0,0,0,0,0,100.0,0,0.0,0.0
USA,Chris Richards,578539,Centre-Back,EFL Cup,25/26,2,3,1,0,104,33.33333333333333,0,0,0,0,38.51851851851852,0,6.25,50.0
USA,Mark McKenzie,429259,Centre-Back,Ligue 1,25/26,29,34,0,2,2405,79.41176470588235,7,1,0,0,78.59477124183006,0,4.25531914893617,5.128205128205128
USA,Mark McKenzie,429259,Centre-Back,Coupe de France,25/26,4,5,0,0,360,80.0,0,0,0,0,80.0,0,0.0,0.0
USA,Auston Trusty,389253,Centre-Back,Premiership,25/26,21,33,0,0,1729,57.57575757575758,1,2,0,0,58.21548821548822,0,0.0,0.0
USA,Auston Trusty,389253,Centre-Back,Europa League,25/26,7,10,2,0,630,70.0,0,0,0,0,70.0,0,13.333333333333334,14.285714285714285
USA,Auston Trusty,389253,Centre-Back,Champions League Qu.,25/26,1,2,0,0,14,0.0,0,0,0,0,6.666666666666667,0,0.0,0.0
USA,Auston Trusty,389253,Centre-Back,Scottish Premiership Top Six Split,25/26,5,5,0,0,433,100.0,3,0,0,0,96.22222222222221,0,0.0,0.0
USA,Auston Trusty,389253,Centre-Back,SFA Cup,25/26,4,5,0,0,450,80.0,1,0,0,0,83.33333333333334,0,0.0,0.0
USA,Auston Trusty,389253,Centre-Back,League Cup,25/26,3,4,0,1,300,75.0,2,0,0,0,76.92307692307693,0,8.333333333333332,12.5
USA,Miles Robinson,468022,Centre-Back,MLS,2026,9,15,0,0,606,53.333333333333336,1,1,0,0,44.888888888888886,0,0.0,0.0
USA,Miles Robinson,468022,Centre-Back,CONCACAF Champions Cup,25/26,3,4,0,0,225,75.0,0,0,0,0,62.5,0,0.0,0.0
USA,Tim Ream,145466,Centre-Back,MLS,2026,11,15,0,1,945,73.33333333333333,0,0,0,0,70.0,0,4.166666666666666,5.555555555555555
USA,Antonee Robinson,349701,Left-Back,Premier League,25/26,22,38,1,0,1492,44.73684210526316,5,0,0,0,43.62573099415204,0,2.127659574468085,3.571428571428571
USA,Antonee Robinson,349701,Left-Back,FA Cup,25/26,2,3,0,0,114,33.33333333333333,0,0,0,0,42.22222222222222,0,0.0,0.0
USA,Antonee Robinson,349701,Left-Back,EFL Cup,25/26,2,4,0,1,180,50.0,0,0,0,0,50.0,0,10.0,50.0
USA,Sergiño Dest,361104,Right-Back,Eredivisie,25/26,27,34,1,7,2204,76.47058823529412,5,0,0,0,72.02614379084967,0,7.920792079207921,9.75609756097561
USA,Sergiño Dest,361104,Right-Back,UEFA Champions League,25/26,6,8,0,1,456,62.5,0,0,0,0,63.33333333333333,0,6.25,6.666666666666667
USA,Sergiño Dest,361104,Right-Back,KNVB Beker,25/26,4,4,0,0,254,100.0,0,0,0,0,70.55555555555556,0,0.0,0.0
USA,Sergiño Dest,361104,Right-Back,Johan Cruijff Schaal,25/26,1,1,1,0,90,100.0,0,0,0,0,100.0,0,50.0,50.0
USA,Joe Scally,504153,Right-Back,Bundesliga,25/26,32,34,2,3,2611,85.29411764705883,8,0,0,0,85.3267973856209,0,11.904761904761903,12.195121951219512
USA,Joe Scally,504153,Right-Back,DFB-Pokal,25/26,3,3,0,0,181,66.66666666666666,0,0,0,0,67.03703703703704,0,0.0,0.0
USA,Alex Freeman,985806,Right-Back,LaLiga,25/26,9,18,0,0,340,16.666666666666664,0,0,0,0,20.98765432098765,0,0.0,0.0
USA,Tyler Adams,332705,Defensive Midfield,Premier League,25/26,25,38,2,2,1779,55.26315789473685,8,0,0,0,52.017543859649116,0,6.896551724137931,10.0
USA,Tyler Adams,332705,Defensive Midfield,EFL Cup,25/26,1,1,0,0,16,0.0,0,0,0,0,17.77777777777778,0,0.0,0.0
USA,Weston McKennie,332697,Central Midfield,Serie A,25/26,36,38,5,6,2841,84.21052631578947,5,0,0,0,83.0701754385965,0,18.0327868852459,18.333333333333332
USA,Weston McKennie,332697,Central Midfield,UEFA Champions League,25/26,10,10,4,1,900,100.0,1,0,0,0,96.7741935483871,0,26.31578947368421,26.31578947368421
USA,Weston McKennie,332697,Central Midfield,Italy Cup,25/26,2,2,0,1,180,100.0,0,0,0,0,100.0,0,50.0,50.0
USA,Sebastian Berhalter,734761,Central Midfield,MLS,2026,14,14,6,4,1126,92.85714285714286,3,0,0,0,89.36507936507937,0,29.411764705882355,29.411764705882355
USA,Sebastian Berhalter,734761,Central Midfield,CONCACAF Champions Cup,25/26,4,4,1,0,354,100.0,1,0,0,0,98.33333333333333,0,33.33333333333333,33.33333333333333
USA,Cristian Roldán,354792,Central Midfield,MLS,2026,12,13,3,1,954,76.92307692307693,1,0,0,0,81.53846153846153,0,23.52941176470588,26.666666666666668
USA,Cristian Roldán,354792,Central Midfield,CONCACAF Champions Cup,25/26,4,4,0,3,360,100.0,1,0,0,0,100.0,0,37.5,37.5
USA,Timothy Weah,370846,Right Midfield,Ligue 1,25/26,29,34,2,2,2263,76.47058823529412,5,0,0,0,73.95424836601308,0,6.349206349206349,6.779661016949152
USA,Timothy Weah,370846,Right Midfield,UEFA Champions League,25/26,7,8,1,1,505,75.0,1,0,0,0,70.13888888888889,0,18.181818181818183,18.181818181818183
USA,Timothy Weah,370846,Right Midfield,Coupe de France,25/26,4,4,0,1,294,75.0,0,0,0,0,81.66666666666667,0,4.3478260869565215,5.0
USA,Timothy Weah,370846,Right Midfield,Trophée des Champions,25/26,1,1,0,0,77,100.0,1,0,0,0,85.55555555555556,0,0.0,0.0
USA,Malik Tillman,467437,Attacking Midfield,Bundesliga,25/26,29,34,6,1,1677,52.94117647058824,2,0,0,0,54.80392156862746,0,10.294117647058822,11.666666666666666
USA,Malik Tillman,467437,Attacking Midfield,UEFA Champions League,25/26,10,12,2,0,533,41.66666666666667,1,0,0,0,49.351851851851855,0,12.5,14.285714285714285
USA,Malik Tillman,467437,Attacking Midfield,DFB-Pokal,25/26,3,5,0,0,125,20.0,1,0,0,0,26.041666666666668,0,0.0,0.0
USA,Brenden Aaronson,393323,Attacking Midfield,Premier League,25/26,37,38,4,5,2470,78.94736842105263,3,0,0,0,72.22222222222221,0,18.367346938775512,18.367346938775512
USA,Brenden Aaronson,393323,Attacking Midfield,FA Cup,25/26,4,5,0,0,221,20.0,0,0,0,0,43.333333333333336,0,0.0,0.0
USA,Brenden Aaronson,393323,Attacking Midfield,EFL Cup,25/26,1,1,0,0,58,100.0,0,0,0,0,64.44444444444444,0,0.0,0.0
USA,Giovanni Reyna,504215,Attacking Midfield,Bundesliga,25/26,19,34,1,1,509,11.76470588235294,1,0,0,0,16.633986928104573,0,4.761904761904762,5.714285714285714
USA,Giovanni Reyna,504215,Attacking Midfield,DFB-Pokal,25/26,1,3,0,0,68,33.33333333333333,0,0,0,0,25.185185185185183,0,0.0,0.0
USA,Max Arfsten,993063,Left Winger,MLS,2026,15,15,4,5,1287,100.0,2,0,0,0,95.33333333333334,0,42.857142857142854,42.857142857142854
USA,Max Arfsten,993063,Left Winger,US Open Cup,2026,1,3,1,0,90,33.33333333333333,0,0,0,0,33.33333333333333,0,12.5,100.0
USA,Christian Pulisic,315779,Right Winger,Serie A,25/26,30,38,8,4,1612,47.368421052631575,0,0,0,0,47.134502923976605,0,22.641509433962266,29.268292682926827
USA,Christian Pulisic,315779,Right Winger,Supercoppa Italiana,25/26,1,1,0,0,90,100.0,0,0,0,0,100.0,0,0.0,0.0
USA,Christian Pulisic,315779,Right Winger,Italy Cup,25/26,3,3,2,0,104,33.33333333333333,0,0,0,0,38.51851851851852,0,40.0,40.0
USA,Álex Zendejas,351505,Right Winger,Liga MX Apertura,25/26,14,17,5,3,1000,58.82352941176471,4,0,0,0,65.359477124183,0,24.242424242424242,29.629629629629626
USA,Álex Zendejas,351505,Right Winger,CONCACAF Champions Cup,25/26,5,6,0,0,338,66.66666666666666,0,0,0,0,62.59259259259259,0,0.0,0.0
USA,Álex Zendejas,351505,Right Winger,Liga MX Clausura,25/26,10,17,3,3,744,52.94117647058824,0,0,0,0,48.627450980392155,0,30.0,46.15384615384615
USA,Álex Zendejas,351505,Right Winger,Liguilla Clausura,25/26,2,2,3,1,180,100.0,0,0,0,0,100.0,0,66.66666666666666,66.66666666666666
USA,Álex Zendejas,351505,Right Winger,Liguilla Apertura,25/26,2,2,1,0,180,100.0,0,0,0,0,100.0,0,50.0,50.0
USA,Folarin Balogun,503770,Centre-Forward,Ligue 1,25/26,30,34,13,5,2247,76.47058823529412,4,1,0,0,73.4313725490196,0,30.0,32.142857142857146
USA,Folarin Balogun,503770,Centre-Forward,UEFA Champions League,25/26,10,10,5,0,813,100.0,0,0,0,0,90.33333333333333,0,41.66666666666667,41.66666666666667
USA,Folarin Balogun,503770,Centre-Forward,Coupe de France,25/26,3,3,1,0,193,66.66666666666666,0,0,0,0,71.48148148148148,0,16.666666666666664,16.666666666666664
USA,Ricardo Pepi,627207,Centre-Forward,Eredivisie,25/26,26,34,16,1,1415,47.05882352941176,1,0,0,0,46.24183006535948,0,16.831683168316832,21.518987341772153
USA,Ricardo Pepi,627207,Centre-Forward,UEFA Champions League,25/26,5,8,3,1,149,12.5,0,0,0,0,20.694444444444443,0,25.0,28.57142857142857
USA,Ricardo Pepi,627207,Centre-Forward,KNVB Beker,25/26,2,4,0,0,114,25.0,0,0,0,0,31.666666666666664,0,0.0,0.0
USA,Ricardo Pepi,627207,Centre-Forward,Johan Cruijff Schaal,25/26,1,1,0,0,28,0.0,0,0,0,0,31.11111111111111,0,0.0,0.0
USA,Haji Wright,315291,Centre-Forward,Championship,25/26,40,46,17,1,2594,67.3913043478261,4,0,0,0,62.65700483091787,0,18.556701030927837,21.428571428571427
USA,Haji Wright,315291,Centre-Forward,FA Cup,25/26,1,1,0,0,73,100.0,0,0,0,0,81.11111111111111,0,0.0,0.0
USA,Haji Wright,315291,Centre-Forward,EFL Cup,25/26,2,2,1,1,84,50.0,0,0,0,0,46.666666666666664,0,100.0,100.0
Uruguay,Santiago Mele,320739,Goalkeeper,Liga MX Apertura,25/26,15,17,0,0,1350,88.23529411764706,2,0,4,25,88.23529411764706,0,0.0,0.0
Uruguay,Santiago Mele,320739,Goalkeeper,CONCACAF Champions Cup,25/26,3,4,0,0,260,75.0,0,0,1,2,72.22222222222221,1,0.0,0.0
Uruguay,Santiago Mele,320739,Goalkeeper,Liga MX Clausura,25/26,2,17,0,0,180,11.76470588235294,0,0,0,4,11.76470588235294,0,0.0,0.0
Uruguay,Santiago Mele,320739,Goalkeeper,Liguilla Apertura,25/26,0,4,0,0,0,0.0,0,0,0,0,0.0,0,0.0,0.0
Uruguay,Sergio Rochet,264014,Goalkeeper,Série A,2026,11,18,0,0,990,61.111111111111114,1,0,3,11,61.111111111111114,0,0.0,0.0
Uruguay,Sergio Rochet,264014,Goalkeeper,Copa do Brasil,2026,1,2,0,0,90,50.0,0,0,0,2,50.0,0,0.0,0.0
Uruguay,Sergio Rochet,264014,Goalkeeper,Campeonato Gaúcho,2026,5,11,0,0,450,45.45454545454545,2,0,2,6,45.45454545454545,0,0.0,0.0
Uruguay,Fernando Muslera,58088,Goalkeeper,Libertadores,2026,6,6,0,0,540,100.0,2,0,1,5,100.0,0,0.0,0.0
Uruguay,Fernando Muslera,58088,Goalkeeper,Playoff Torneo Apertura,2026,1,1,0,0,90,100.0,0,0,0,1,100.0,0,0.0,0.0
Uruguay,Fernando Muslera,58088,Goalkeeper,Copa Argentina,2026,0,2,0,0,0,0.0,0,0,0,0,0.0,0,0.0,0.0
Uruguay,Fernando Muslera,58088,Goalkeeper,Torneo Apertura ,2026,11,16,0,0,945,68.75,1,0,6,5,65.625,0,0.0,0.0
Uruguay,Ronald Araujo,480267,Centre-Back,LaLiga,25/26,24,38,3,0,1061,28.947368421052634,2,0,0,0,31.023391812865498,0,3.1578947368421053,3.8461538461538463
Uruguay,Ronald Araujo,480267,Centre-Back,UEFA Champions League,25/26,10,12,0,0,442,33.33333333333333,0,0,0,0,40.925925925925924,1,0.0,0.0
Uruguay,Ronald Araujo,480267,Centre-Back,Copa del Rey,25/26,3,5,1,0,110,20.0,0,0,0,0,24.444444444444443,0,11.11111111111111,14.285714285714285
Uruguay,Ronald Araujo,480267,Centre-Back,Supercopa,25/26,1,2,0,0,1,0.0,0,0,0,0,0.5555555555555556,0,0.0,0.0
Uruguay,Santiago Bueno,438001,Centre-Back,Premier League,25/26,29,38,3,2,2553,73.68421052631578,4,0,0,0,74.64912280701755,0,18.51851851851852,19.230769230769234
Uruguay,Santiago Bueno,438001,Centre-Back,FA Cup,25/26,3,3,1,0,270,100.0,1,0,0,0,100.0,0,12.5,12.5
Uruguay,Santiago Bueno,438001,Centre-Back,EFL Cup,25/26,2,3,0,0,180,66.66666666666666,1,0,0,0,66.66666666666666,0,0.0,0.0
Uruguay,José María Giménez,250845,Centre-Back,LaLiga,25/26,16,38,0,1,1177,34.21052631578947,3,0,0,0,34.41520467836257,0,1.6129032258064515,3.3333333333333335
Uruguay,José María Giménez,250845,Centre-Back,UEFA Champions League,25/26,6,16,1,0,284,18.75,1,0,0,0,19.72222222222222,0,2.857142857142857,4.761904761904762
Uruguay,José María Giménez,250845,Centre-Back,Copa del Rey,25/26,3,6,0,0,60,0.0,0,0,0,0,10.526315789473683,0,0.0,0.0
Uruguay,José María Giménez,250845,Centre-Back,Supercopa,25/26,0,1,0,0,0,0.0,0,0,0,0,0.0,0,0.0,0.0
Uruguay,Sebastián Cáceres,532389,Centre-Back,Liga MX Apertura,25/26,13,17,0,0,1106,76.47058823529412,5,0,0,0,72.2875816993464,0,0.0,0.0
Uruguay,Sebastián Cáceres,532389,Centre-Back,CONCACAF Champions Cup,25/26,6,6,0,0,495,100.0,1,0,0,0,91.66666666666666,0,0.0,0.0
Uruguay,Sebastián Cáceres,532389,Centre-Back,Liga MX Clausura,25/26,12,17,0,0,1031,64.70588235294117,2,0,0,0,67.38562091503269,0,0.0,0.0
Uruguay,Sebastián Cáceres,532389,Centre-Back,Liguilla Clausura,25/26,1,2,0,0,62,50.0,0,0,0,0,34.44444444444444,0,0.0,0.0
Uruguay,Sebastián Cáceres,532389,Centre-Back,Liguilla Apertura,25/26,2,2,0,0,180,100.0,0,0,0,0,100.0,0,0.0,0.0
Uruguay,Maxi Araújo,572675,Left-Back,Liga Portugal,25/26,29,34,5,4,2215,73.52941176470588,9,1,0,0,72.38562091503267,0,10.112359550561797,12.676056338028168
Uruguay,Maxi Araújo,572675,Left-Back,UEFA Champions League,25/26,11,12,2,1,982,91.66666666666666,4,0,0,0,88.46846846846846,0,13.636363636363635,13.636363636363635
Uruguay,Maxi Araújo,572675,Left-Back,Allianz Cup,25/26,1,2,0,0,90,50.0,0,0,0,0,50.0,0,0.0,0.0
Uruguay,Maxi Araújo,572675,Left-Back,Taça de Portugal,25/26,5,7,0,1,394,57.14285714285714,0,1,0,0,52.53333333333333,0,7.142857142857142,12.5
Uruguay,Maxi Araújo,572675,Left-Back,Portuguese Supercup,25/26,1,1,0,0,73,100.0,0,0,0,0,81.11111111111111,0,0.0,0.0
Uruguay,Mathías Olivera,376514,Left-Back,Serie A,25/26,25,38,0,0,1368,39.473684210526315,3,0,0,0,40.0,0,0.0,0.0
Uruguay,Mathías Olivera,376514,Left-Back,UEFA Champions League,25/26,6,8,0,2,325,37.5,0,0,0,0,45.13888888888889,0,22.22222222222222,22.22222222222222
Uruguay,Mathías Olivera,376514,Left-Back,Supercoppa Italiana,25/26,0,2,0,0,0,0.0,0,0,0,0,0.0,0,0.0,0.0
Uruguay,Mathías Olivera,376514,Left-Back,Italy Cup,25/26,2,2,0,0,134,100.0,0,0,0,0,74.44444444444444,0,0.0,0.0
Uruguay,Joaquín Piquerez,496268,Left-Back,Série A,2026,6,18,0,1,462,27.77777777777778,0,0,0,0,28.51851851851852,0,3.3333333333333335,5.88235294117647
Uruguay,Joaquín Piquerez,496268,Left-Back,Campeonato Paulista,2026,10,12,0,1,759,66.66666666666666,1,0,0,0,70.27777777777777,0,5.88235294117647,6.25
Uruguay,Juan Manuel Sanabria,446106,Left-Back,MLS,2026,11,14,0,4,907,71.42857142857143,2,0,0,0,71.98412698412699,0,15.384615384615385,21.052631578947366
Uruguay,Juan Manuel Sanabria,446106,Left-Back,Liga MX Apertura,25/26,16,17,1,4,1440,94.11764705882352,3,1,0,0,94.11764705882352,0,20.0,20.833333333333336
Uruguay,Juan Manuel Sanabria,446106,Left-Back,Liga MX Clausura,25/26,3,5,1,1,270,60.0,0,0,0,0,60.0,0,28.57142857142857,50.0
Uruguay,Matías Viña,439072,Left-Back,Playoff Torneo Apertura,2026,2,4,0,0,140,25.0,0,0,0,0,35.8974358974359,0,0.0,0.0
Uruguay,Matías Viña,439072,Left-Back,Copa Argentina,2026,1,1,0,0,90,100.0,0,0,0,0,100.0,0,0.0,0.0
Uruguay,Matías Viña,439072,Left-Back,Torneo Apertura ,2026,8,16,0,0,401,31.25,4,0,0,0,27.84722222222222,1,0.0,0.0
Uruguay,Matías Viña,439072,Left-Back,Copa Sudamericana,2026,3,6,0,0,256,50.0,2,0,0,0,47.40740740740741,0,0.0,0.0
Uruguay,Guillermo Varela,188862,Right-Back,Série A,2026,14,17,0,3,1069,64.70588235294117,3,0,0,0,69.86928104575163,0,9.67741935483871,11.538461538461538
Uruguay,Guillermo Varela,188862,Right-Back,FIFA Intercontinental Cup,25/26,3,3,0,0,300,100.0,0,0,0,0,100.0,0,0.0,0.0
Uruguay,Guillermo Varela,188862,Right-Back,Copa do Brasil,2026,1,2,0,0,19,0.0,1,0,0,0,10.555555555555555,0,0.0,0.0
Uruguay,Guillermo Varela,188862,Right-Back,Supercopa Rei,2026,1,1,0,0,90,100.0,0,0,0,0,100.0,0,0.0,0.0
Uruguay,Guillermo Varela,188862,Right-Back,Libertadores,2026,1,6,0,0,2,0.0,0,0,0,0,0.3703703703703704,0,0.0,0.0
Uruguay,Guillermo Varela,188862,Right-Back,Campeonato Carioca,2026,2,10,0,0,125,10.0,0,0,0,0,13.88888888888889,0,0.0,0.0
Uruguay,Guillermo Varela,188862,Right-Back,Recopa Sudamericana,2026,2,2,0,0,165,100.0,0,0,0,0,78.57142857142857,0,0.0,0.0
Uruguay,Manuel Ugarte,476701,Defensive Midfield,Premier League,25/26,22,38,0,0,881,21.052631578947366,1,0,0,0,25.760233918128655,0,0.0,0.0
Uruguay,Manuel Ugarte,476701,Defensive Midfield,FA Cup,25/26,1,1,0,0,79,100.0,0,0,0,0,87.77777777777777,0,0.0,0.0
Uruguay,Manuel Ugarte,476701,Defensive Midfield,EFL Cup,25/26,1,1,0,0,45,100.0,0,0,0,0,50.0,0,0.0,0.0
Uruguay,Rodrigo Bentancur,354362,Defensive Midfield,Premier League,25/26,26,38,1,1,1892,60.526315789473685,7,0,0,0,55.32163742690058,0,4.166666666666666,5.263157894736842
Uruguay,Rodrigo Bentancur,354362,Defensive Midfield,UEFA Champions League,25/26,5,10,0,0,412,50.0,0,0,0,0,45.77777777777778,0,0.0,0.0
Uruguay,Rodrigo Bentancur,354362,Defensive Midfield,UEFA Super Cup,25/26,1,1,0,0,90,100.0,0,0,0,0,100.0,0,0.0,0.0
Uruguay,Rodrigo Bentancur,354362,Defensive Midfield,EFL Cup,25/26,2,2,0,0,155,100.0,0,0,0,0,86.11111111111111,0,0.0,0.0
Uruguay,Emiliano Martínez,707447,Defensive Midfield,Série A,2026,6,18,0,0,231,11.11111111111111,1,0,0,0,14.25925925925926,0,0.0,0.0
Uruguay,Emiliano Martínez,707447,Defensive Midfield,Copa do Brasil,2026,1,2,0,0,60,50.0,0,0,0,0,33.33333333333333,0,0.0,0.0
Uruguay,Emiliano Martínez,707447,Defensive Midfield,Libertadores,2026,3,6,0,0,170,33.33333333333333,0,0,0,0,31.48148148148148,0,0.0,0.0
Uruguay,Emiliano Martínez,707447,Defensive Midfield,Campeonato Paulista,2026,7,12,0,0,296,33.33333333333333,0,0,0,0,27.40740740740741,0,0.0,0.0
Uruguay,Federico Valverde,369081,Central Midfield,LaLiga,25/26,33,38,5,8,2747,81.57894736842105,3,1,0,0,80.32163742690058,0,16.883116883116884,18.30985915492958
Uruguay,Federico Valverde,369081,Central Midfield,UEFA Champions League,25/26,13,14,3,4,1163,92.85714285714286,0,0,0,0,92.3015873015873,0,21.21212121212121,21.21212121212121
Uruguay,Federico Valverde,369081,Central Midfield,Copa del Rey,25/26,1,2,0,0,90,50.0,0,0,0,0,50.0,0,0.0,0.0
Uruguay,Federico Valverde,369081,Central Midfield,Supercopa,25/26,2,2,1,1,158,100.0,1,0,0,0,87.77777777777777,0,50.0,50.0
Uruguay,Nicolás de la Cruz,397458,Central Midfield,Série A,2026,10,17,0,0,224,5.88235294117647,1,0,0,0,14.640522875816995,0,0.0,0.0
Uruguay,Nicolás de la Cruz,397458,Central Midfield,FIFA Intercontinental Cup,25/26,3,3,0,0,68,0.0,1,0,0,0,22.666666666666664,0,0.0,0.0
Uruguay,Nicolás de la Cruz,397458,Central Midfield,Copa do Brasil,2026,1,2,0,1,45,50.0,0,0,0,0,25.0,0,50.0,50.0
Uruguay,Nicolás de la Cruz,397458,Central Midfield,Supercopa Rei,2026,1,1,0,0,9,0.0,0,0,0,0,10.0,0,0.0,0.0
Uruguay,Nicolás de la Cruz,397458,Central Midfield,Libertadores,2026,4,6,0,0,182,33.33333333333333,0,0,0,0,33.7037037037037,0,0.0,0.0
Uruguay,Nicolás de la Cruz,397458,Central Midfield,Campeonato Carioca,2026,2,10,1,0,115,20.0,0,0,0,0,12.777777777777777,0,3.4482758620689653,9.090909090909092
Uruguay,Nicolás de la Cruz,397458,Central Midfield,Recopa Sudamericana,2026,1,2,0,0,13,0.0,0,0,0,0,6.190476190476191,0,0.0,0.0
Uruguay,Rodrigo Zalazar,606752,Attacking Midfield,Liga Portugal,25/26,28,34,16,5,1944,64.70588235294117,6,0,0,0,63.52941176470588,0,32.8125,38.88888888888889
Uruguay,Rodrigo Zalazar,606752,Attacking Midfield,Europa League,25/26,10,14,2,1,681,64.28571428571429,1,1,0,0,54.047619047619044,0,13.043478260869565,15.0
Uruguay,Rodrigo Zalazar,606752,Attacking Midfield,Europa League Qualifying,25/26,5,6,4,1,402,83.33333333333334,0,0,0,0,70.52631578947368,0,35.714285714285715,55.55555555555556
Uruguay,Rodrigo Zalazar,606752,Attacking Midfield,Allianz Cup,25/26,2,3,1,1,175,66.66666666666666,0,0,0,0,64.81481481481481,0,22.22222222222222,22.22222222222222
Uruguay,Rodrigo Zalazar,606752,Attacking Midfield,Taça de Portugal,25/26,2,4,0,0,101,25.0,0,0,0,0,28.055555555555557,0,0.0,0.0
Uruguay,Giorgian de Arrascaeta,248410,Attacking Midfield,Série A,2026,10,17,3,1,747,52.94117647058824,1,0,0,0,48.8235294117647,0,12.903225806451612,16.666666666666664
Uruguay,Giorgian de Arrascaeta,248410,Attacking Midfield,FIFA Intercontinental Cup,25/26,3,3,2,3,231,100.0,0,0,0,0,77.0,0,83.33333333333334,100.0
Uruguay,Giorgian de Arrascaeta,248410,Attacking Midfield,Copa do Brasil,2026,1,2,0,0,45,0.0,0,0,0,0,25.0,0,0.0,0.0
Uruguay,Giorgian de Arrascaeta,248410,Attacking Midfield,Supercopa Rei,2026,1,1,0,0,69,100.0,0,0,0,0,76.66666666666667,0,0.0,0.0
Uruguay,Giorgian de Arrascaeta,248410,Attacking Midfield,Libertadores,2026,3,6,2,1,89,33.33333333333333,0,0,0,0,16.48148148148148,0,21.428571428571427,42.857142857142854
Uruguay,Giorgian de Arrascaeta,248410,Attacking Midfield,Campeonato Carioca,2026,3,10,1,0,160,10.0,0,0,0,0,17.77777777777778,0,3.4482758620689653,20.0
Uruguay,Giorgian de Arrascaeta,248410,Attacking Midfield,Recopa Sudamericana,2026,2,2,1,0,178,100.0,0,0,0,0,84.76190476190476,0,50.0,50.0
Uruguay,Brian Rodríguez,465818,Left Winger,Liga MX Apertura,25/26,17,17,7,4,1011,70.58823529411765,2,0,0,0,66.07843137254902,0,33.33333333333333,33.33333333333333
Uruguay,Brian Rodríguez,465818,Left Winger,CONCACAF Champions Cup,25/26,5,6,0,1,360,66.66666666666666,0,0,0,0,66.66666666666666,0,25.0,25.0
Uruguay,Brian Rodríguez,465818,Left Winger,Liga MX Clausura,25/26,17,17,6,2,1228,82.35294117647058,2,0,0,0,80.26143790849673,0,40.0,40.0
Uruguay,Brian Rodríguez,465818,Left Winger,Liguilla Clausura,25/26,1,2,0,1,90,50.0,0,0,0,0,50.0,0,16.666666666666664,33.33333333333333
Uruguay,Brian Rodríguez,465818,Left Winger,Liguilla Apertura,25/26,2,2,0,0,72,50.0,0,0,0,0,40.0,0,0.0,0.0
Uruguay,Agustín Canobbio,457533,Right Winger,Série A,2026,11,18,4,1,863,61.111111111111114,3,1,0,0,53.2716049382716,0,17.857142857142858,26.31578947368421
Uruguay,Agustín Canobbio,457533,Right Winger,Copa do Brasil,2026,2,2,0,0,177,100.0,0,0,0,0,98.33333333333333,0,0.0,0.0
Uruguay,Agustín Canobbio,457533,Right Winger,Libertadores,2026,6,6,1,0,457,100.0,0,0,0,0,84.62962962962963,0,14.285714285714285,14.285714285714285
Uruguay,Agustín Canobbio,457533,Right Winger,Campeonato Carioca,2026,7,10,1,0,539,70.0,3,0,0,0,59.88888888888889,0,5.555555555555555,8.333333333333332
Uruguay,Facundo Pellistri,676318,Right Winger,Super League 1,25/26,5,26,0,2,191,7.6923076923076925,0,0,0,0,8.162393162393162,0,4.545454545454546,12.5
Uruguay,Facundo Pellistri,676318,Right Winger,Europa League,25/26,4,12,0,0,296,25.0,0,0,0,0,26.666666666666668,0,0.0,0.0
Uruguay,Facundo Pellistri,676318,Right Winger,Champions League Qu.,25/26,2,2,0,0,174,100.0,0,0,0,0,96.66666666666667,0,0.0,0.0
Uruguay,Facundo Pellistri,676318,Right Winger,Europa League Qualifying,25/26,4,4,0,0,294,75.0,0,0,0,0,75.38461538461539,0,0.0,0.0
Uruguay,Facundo Pellistri,676318,Right Winger,Kypello Elladas,25/26,0,7,0,0,0,0.0,0,0,0,0,0.0,0,0.0,0.0
Uruguay,Facundo Pellistri,676318,Right Winger,Super League Play-off,25/26,3,6,0,0,129,16.666666666666664,0,0,0,0,23.88888888888889,0,0.0,0.0
Uruguay,Darwin Núñez,546543,Centre-Forward,Saudi Pro League,25/26,16,34,6,4,1256,41.17647058823529,0,0,0,0,41.045751633986924,0,11.76470588235294,25.64102564102564
Uruguay,Darwin Núñez,546543,Centre-Forward,AFC Champions League,25/26,6,9,3,1,346,33.33333333333333,2,0,0,0,41.19047619047619,0,18.181818181818183,33.33333333333333
Uruguay,Darwin Núñez,546543,Centre-Forward,King's Cup,25/26,2,5,0,0,65,20.0,0,0,0,0,13.541666666666666,0,0.0,0.0
Uruguay,Federico Viñas,578419,Centre-Forward,LaLiga,25/26,33,38,9,1,2451,73.68421052631578,5,2,0,0,71.66666666666667,1,38.46153846153847,41.66666666666667
Uruguay,Federico Viñas,578419,Centre-Forward,Copa del Rey,25/26,1,1,0,0,56,0.0,1,0,0,0,46.666666666666664,0,0.0,0.0
Uruguay,Rodrigo Aguirre,189410,Centre-Forward,CONCACAF Champions Cup,25/26,8,8,4,1,612,100.0,1,0,0,0,81.6,0,25.0,33.33333333333333
Uruguay,Rodrigo Aguirre,189410,Centre-Forward,Liga MX Clausura,25/26,13,17,1,2,885,64.70588235294117,3,0,0,0,57.84313725490197,0,11.538461538461538,15.789473684210526
Uruguay,Rodrigo Aguirre,189410,Centre-Forward,Liguilla Clausura,25/26,2,2,0,0,123,100.0,1,0,0,0,68.33333333333333,0,0.0,0.0
Uruguay,Rodrigo Aguirre,189410,Centre-Forward,Liga MX Apertura,25/26,16,17,4,0,874,52.94117647058824,1,0,0,0,57.124183006535944,0,12.121212121212121,12.5
Uruguay,Rodrigo Aguirre,189410,Centre-Forward,Liguilla Apertura,25/26,2,2,0,0,145,100.0,1,0,0,0,80.55555555555556,0,0.0,0.0
Uzbekistan,Abduvokhid Nematov,527866,Goalkeeper,Superliga,2026,9,11,0,0,810,81.81818181818183,0,0,4,8,81.81818181818183,0,0.0,0.0
Uzbekistan,Abduvokhid Nematov,527866,Goalkeeper,AFC Champions League,25/26,7,8,0,0,630,87.5,0,0,0,13,87.5,0,0.0,0.0
Uzbekistan,Utkir Yusupov,311958,Goalkeeper,Superliga,2026,11,11,0,0,990,100.0,1,0,5,8,100.0,0,0.0,0.0
Uzbekistan,Utkir Yusupov,311958,Goalkeeper,Persian Gulf League,25/26,0,15,0,0,0,0.0,0,0,0,0,0.0,0,0.0,0.0
Uzbekistan,Botirali Ergashev,312690,Goalkeeper,Superliga,2026,11,11,0,0,990,100.0,0,0,8,3,100.0,0,0.0,0.0
Uzbekistan,Botirali Ergashev,312690,Goalkeeper,Uzbekistan Supercup,25/26,1,1,0,0,90,100.0,0,0,1,0,100.0,0,0.0,0.0
Uzbekistan,Abdukodir Khusanov,763079,Centre-Back,Premier League,25/26,21,38,0,0,1429,39.473684210526315,2,0,0,0,41.78362573099415,0,0.0,0.0
Uzbekistan,Abdukodir Khusanov,763079,Centre-Back,UEFA Champions League,25/26,6,10,0,0,515,60.0,1,0,0,0,57.22222222222222,0,0.0,0.0
Uzbekistan,Abdukodir Khusanov,763079,Centre-Back,FA Cup,25/26,5,6,0,0,450,83.33333333333334,1,0,0,0,83.33333333333334,0,0.0,0.0
Uzbekistan,Abdukodir Khusanov,763079,Centre-Back,EFL Cup,25/26,5,6,0,0,423,83.33333333333334,2,0,0,0,78.33333333333333,0,0.0,0.0
Uzbekistan,Rustam Ashurmatov,288883,Centre-Back,Persian Gulf League,25/26,14,22,1,0,1178,59.09090909090909,6,0,0,0,59.49494949494949,0,3.4482758620689653,4.761904761904762
Uzbekistan,Rustam Ashurmatov,288883,Centre-Back,AFC Champions League Two,25/26,7,8,0,0,630,87.5,1,0,0,0,87.5,0,0.0,0.0
Uzbekistan,Rustam Ashurmatov,288883,Centre-Back,Hazfi Cup,25/26,1,2,0,0,120,50.0,0,0,0,0,57.14285714285714,0,0.0,0.0
Uzbekistan,Jakhongir Urozov,989069,Centre-Back,Superliga,2026,11,11,0,0,990,100.0,1,0,0,0,100.0,0,0.0,0.0
Uzbekistan,Avazbek Ulmasaliev,538764,Centre-Back,Superliga,2026,11,11,1,1,959,100.0,1,0,0,0,96.86868686868686,0,14.285714285714285,14.285714285714285
Uzbekistan,Umar Eshmurodov,493725,Centre-Back,Superliga,2026,9,11,0,0,798,81.81818181818183,1,1,0,0,80.60606060606061,0,0.0,0.0
Uzbekistan,Umar Eshmurodov,493725,Centre-Back,AFC Champions League,25/26,7,8,0,2,624,87.5,1,0,0,0,86.66666666666667,0,22.22222222222222,25.0
Uzbekistan,Sherzod Nasrullaev,608537,Left-Back,Superliga,2026,10,11,0,1,877,90.9090909090909,1,0,0,0,88.58585858585859,0,4.545454545454546,4.545454545454546
Uzbekistan,Sherzod Nasrullaev,608537,Left-Back,Uzbekistan Supercup,25/26,1,1,0,0,90,100.0,0,0,0,0,100.0,0,0.0,0.0
Uzbekistan,Sherzod Nasrullaev,608537,Left-Back,AFC Champions League,25/26,6,6,0,0,540,100.0,1,0,0,0,100.0,0,0.0,0.0
Uzbekistan,Farrukh Sayfiev,212499,Left-Back,Superliga,2026,10,11,0,2,662,63.63636363636363,2,0,0,0,66.86868686868686,0,8.0,8.0
Uzbekistan,Farrukh Sayfiev,212499,Left-Back,Uzbekistan Supercup,25/26,1,1,0,0,90,100.0,0,0,0,0,100.0,0,0.0,0.0
Uzbekistan,Khozhiakbar Alizhonov,492558,Right-Back,Superliga,2026,11,11,1,2,938,100.0,1,0,0,0,94.74747474747474,0,13.636363636363635,13.636363636363635
Uzbekistan,Khozhiakbar Alizhonov,492558,Right-Back,Uzbekistan Supercup,25/26,1,1,0,0,90,100.0,0,0,0,0,100.0,0,0.0,0.0
Uzbekistan,Bekhruz Karimov,1106187,Right-Back,Superliga,2026,7,11,0,0,562,54.54545454545454,0,0,0,0,56.76767676767677,0,0.0,0.0
Uzbekistan,Odildzhon Khamrobekov,288915,Defensive Midfield,Persian Gulf League,25/26,20,22,0,2,1203,63.63636363636363,3,0,0,0,60.75757575757576,0,6.666666666666667,9.090909090909092
Uzbekistan,Odildzhon Khamrobekov,288915,Defensive Midfield,AFC Champions League,25/26,8,9,0,0,540,66.66666666666666,2,0,0,0,66.66666666666666,0,0.0,0.0
Uzbekistan,Odildzhon Khamrobekov,288915,Defensive Midfield,Iran Super Cup,25/26,1,1,0,0,75,100.0,0,0,0,0,83.33333333333334,0,0.0,0.0
Uzbekistan,Odildzhon Khamrobekov,288915,Defensive Midfield,Hazfi Cup,25/26,1,2,0,0,120,50.0,0,0,0,0,57.14285714285714,0,0.0,0.0
Uzbekistan,Abdulla Abdullaev,570272,Defensive Midfield,UAE Pro League,25/26,9,26,0,0,750,30.76923076923077,0,0,0,0,32.05128205128205,0,0.0,0.0
Uzbekistan,Abdulla Abdullaev,570272,Defensive Midfield,UAE President's Cup,25/26,1,2,0,0,90,50.0,0,0,0,0,42.857142857142854,0,0.0,0.0
Uzbekistan,Aziz Ganiev,431911,Central Midfield,UAE Pro League,25/26,25,26,2,3,2151,92.3076923076923,2,0,0,0,91.92307692307692,0,20.833333333333336,20.833333333333336
Uzbekistan,Aziz Ganiev,431911,Central Midfield,UAE League Cup,25/26,1,2,0,0,90,50.0,0,0,0,0,50.0,0,0.0,0.0
Uzbekistan,Otabek Shukurov,294525,Central Midfield,UAE Pro League,25/26,19,21,0,3,1178,71.42857142857143,4,0,0,0,62.32804232804233,0,10.344827586206897,11.538461538461538
Uzbekistan,Otabek Shukurov,294525,Central Midfield,UAE President's Cup,25/26,1,2,0,0,90,50.0,0,0,0,0,50.0,0,0.0,0.0
Uzbekistan,Akmal Mozgovoy,562022,Central Midfield,Superliga,2026,11,11,0,0,890,90.9090909090909,1,0,0,0,89.8989898989899,0,0.0,0.0
Uzbekistan,Akmal Mozgovoy,562022,Central Midfield,Uzbekistan Supercup,25/26,1,1,0,0,90,100.0,0,0,0,0,100.0,0,0.0,0.0
Uzbekistan,Akmal Mozgovoy,562022,Central Midfield,UAE Pro League,25/26,11,14,0,0,522,42.857142857142854,1,0,0,0,41.42857142857143,0,0.0,0.0
Uzbekistan,Akmal Mozgovoy,562022,Central Midfield,UAE President's Cup,25/26,0,2,0,0,0,0.0,0,0,0,0,0.0,0,0.0,0.0
Uzbekistan,Akmal Mozgovoy,562022,Central Midfield,UAE League Cup,25/26,1,2,0,0,73,50.0,1,0,0,0,40.55555555555556,0,0.0,0.0
Uzbekistan,Sherzod Esanov,989068,Central Midfield,Superliga,2026,10,11,5,0,759,81.81818181818183,1,0,0,0,76.66666666666667,0,33.33333333333333,33.33333333333333
Uzbekistan,Jamshid Iskanderov,260857,Attacking Midfield,Superliga,2026,11,11,2,5,842,90.9090909090909,0,0,0,0,85.05050505050505,0,28.000000000000004,28.000000000000004
Uzbekistan,Jamshid Iskanderov,260857,Attacking Midfield,Uzbekistan Supercup,25/26,1,1,0,1,73,100.0,0,0,0,0,81.11111111111111,0,100.0,100.0
Uzbekistan,Oston Urunov,492556,Left Winger,Persian Gulf League,25/26,20,22,3,2,1110,54.54545454545454,2,0,0,0,56.060606060606055,0,21.73913043478261,22.727272727272727
Uzbekistan,Oston Urunov,492556,Left Winger,Hazfi Cup,25/26,1,1,0,0,81,100.0,1,0,0,0,67.5,0,0.0,0.0
Uzbekistan,Jaloliddin Masharipov,274536,Left Winger,Persian Gulf League,25/26,1,22,0,0,16,0.0,0,0,0,0,0.8080808080808081,0,0.0,0.0
Uzbekistan,Jaloliddin Masharipov,274536,Left Winger,Hazfi Cup,25/26,1,2,0,0,17,0.0,0,0,0,0,8.095238095238095,0,0.0,0.0
Uzbekistan,Abbosbek Fayzullaev,754037,Right Winger,Süper Lig,25/26,20,34,3,5,1109,41.17647058823529,4,0,0,0,36.24183006535947,0,13.793103448275861,19.51219512195122
Uzbekistan,Abbosbek Fayzullaev,754037,Right Winger,UECL Qualifying,25/26,2,5,0,0,40,0.0,0,0,0,0,8.88888888888889,0,0.0,0.0
Uzbekistan,Abbosbek Fayzullaev,754037,Right Winger,Türkiye Kupasi,25/26,4,4,1,2,236,75.0,1,0,0,0,65.55555555555556,0,37.5,37.5
Uzbekistan,Abbosbek Fayzullaev,754037,Right Winger,Russian Super Cup,25/26,1,1,0,0,12,0.0,0,0,0,0,13.333333333333334,0,0.0,0.0
Uzbekistan,Dostonbek Khamdamov,294502,Right Winger,Superliga,2026,11,11,6,3,564,54.54545454545454,0,0,0,0,56.96969696969697,0,40.909090909090914,40.909090909090914
Uzbekistan,Dostonbek Khamdamov,294502,Right Winger,Uzbekistan Supercup,25/26,1,1,0,0,69,100.0,0,0,0,0,76.66666666666667,0,0.0,0.0
Uzbekistan,Eldor Shomurodov,358166,Centre-Forward,Süper Lig,25/26,34,34,22,5,2928,100.0,0,0,0,0,95.68627450980392,0,46.55172413793103,46.55172413793103
Uzbekistan,Eldor Shomurodov,358166,Centre-Forward,UECL Qualifying,25/26,6,6,0,1,344,50.0,1,0,0,0,63.70370370370371,0,9.090909090909092,9.090909090909092
Uzbekistan,Eldor Shomurodov,358166,Centre-Forward,Türkiye Kupasi,25/26,4,4,1,0,268,100.0,1,0,0,0,74.44444444444444,0,12.5,12.5
Uzbekistan,Igor Sergeev,185372,Centre-Forward,Persian Gulf League,25/26,6,7,3,0,450,57.14285714285714,0,1,0,0,71.42857142857143,0,42.857142857142854,50.0
Uzbekistan,Azizbek Amanov,517918,Centre-Forward,Superliga,2026,11,11,4,1,826,81.81818181818183,2,0,0,0,83.43434343434343,0,29.411764705882355,29.411764705882355
